t,n000_x,n001_x,n002_x,n003_x,n004_x,n005_x,n006_x,n007_x,n008_x,n009_x,n010_x,n011_x,n012_x,n013_x,n014_x,n015_x,n016_x,n017_x,n018_x,n019_x,n020_x,n021_x,n022_x,n023_x,n024_x,n025_x,n026_x,n027_x,n028_x,n029_x,n030_x,n031_x,n032_x,n033_x,n034_x,n035_x,n036_x,n037_x,n038_x,n039_x,n040_x,n041_x,n042_x,n043_x,n044_x,n045_x,n046_x,n047_x,n048_x,n049_x,n050_x,n051_x,n052_x,n053_x,n054_x,n055_x,n056_x,n057_x,n058_x,n059_x,n060_x,n061_x,n062_x,n063_x,n064_x,n065_x,n066_x,n067_x,n068_x,n069_x,n070_x,n071_x,n072_x,n073_x,n074_x,n075_x,n076_x,n077_x,n078_x,n079_x,n080_x,n081_x,n082_x,n083_x,n084_x,n085_x,n086_x,n087_x,n088_x,n089_x,n090_x,n091_x,n092_x,n093_x,n094_x,n095_x,n096_x,n097_x,n098_x,n099_x,n100_x,n101_x,n102_x,n103_x,n104_x,n105_x,n106_x,n107_x,n108_x,n109_x,n110_x,n111_x,n112_x,n113_x,n114_x,n115_x,n116_x,n117_x,n118_x,n119_x,n120_x,n121_x,n122_x,n123_x,n124_x,n125_x,n126_x,n127_x,n128_x,n129_x,n130_x,n131_x,n132_x,n133_x,n134_x,n135_x,n136_x,n137_x,n138_x,n139_x,n140_x,n141_x,n142_x,n143_x,n144_x,n145_x,n146_x,n147_x,n148_x,n149_x,n150_x,n000_z,n001_z,n002_z,n003_z,n004_z,n005_z,n006_z,n007_z,n008_z,n009_z,n010_z,n011_z,n012_z,n013_z,n014_z,n015_z,n016_z,n017_z,n018_z,n019_z,n020_z,n021_z,n022_z,n023_z,n024_z,n025_z,n026_z,n027_z,n028_z,n029_z,n030_z,n031_z,n032_z,n033_z,n034_z,n035_z,n036_z,n037_z,n038_z,n039_z,n040_z,n041_z,n042_z,n043_z,n044_z,n045_z,n046_z,n047_z,n048_z,n049_z,n050_z,n051_z,n052_z,n053_z,n054_z,n055_z,n056_z,n057_z,n058_z,n059_z,n060_z,n061_z,n062_z,n063_z,n064_z,n065_z,n066_z,n067_z,n068_z,n069_z,n070_z,n071_z,n072_z,n073_z,n074_z,n075_z,n076_z,n077_z,n078_z,n079_z,n080_z,n081_z,n082_z,n083_z,n084_z,n085_z,n086_z,n087_z,n088_z,n089_z,n090_z,n091_z,n092_z,n093_z,n094_z,n095_z,n096_z,n097_z,n098_z,n099_z,n100_z,n101_z,n102_z,n103_z,n104_z,n105_z,n106_z,n107_z,n108_z,n109_z,n110_z,n111_z,n112_z,n113_z,n114_z,n115_z,n116_z,n117_z,n118_z,n119_z,n120_z,n121_z,n122_z,n123_z,n124_z,n125_z,n126_z,n127_z,n128_z,n129_z,n130_z,n131_z,n132_z,n133_z,n134_z,n135_z,n136_z,n137_z,n138_z,n139_z,n140_z,n141_z,n142_z,n143_z,n144_z,n145_z,n146_z,n147_z,n148_z,n149_z,n150_z
0.0000,0.000000,0.000756,0.001118,0.001233,0.001188,0.000980,0.000802,0.000536,0.000464,0.000358,0.000591,0.000835,0.001537,0.002287,0.003570,0.004933,0.006869,0.008909,0.011555,0.014340,0.017749,0.021345,0.025520,0.029921,0.034767,0.039835,0.045183,0.050708,0.056390,0.062212,0.068097,0.074137,0.080075,0.086222,0.091933,0.097833,0.102872,0.107915,0.111875,0.115619,0.118367,0.120825,0.122461,0.123851,0.124504,0.124940,0.124682,0.124169,0.123122,0.121756,0.120211,0.118324,0.116783,0.114938,0.114083,0.113076,0.113671,0.114482,0.117095,0.120404,0.124969,0.130390,0.136119,0.142317,0.150001,0.154623,0.160102,0.165603,0.170186,0.174596,0.178043,0.181223,0.183522,0.185552,0.186808,0.187819,0.188155,0.188252,0.187802,0.187113,0.186064,0.184792,0.183404,0.181840,0.180429,0.178905,0.177801,0.176649,0.176170,0.175719,0.176153,0.176725,0.178280,0.180096,0.182806,0.185839,0.189528,0.193489,0.197860,0.202385,0.207177,0.212017,0.217099,0.222195,0.227560,0.232979,0.238641,0.244405,0.250291,0.256285,0.262230,0.268262,0.274056,0.279904,0.285323,0.290721,0.295553,0.300264,0.304391,0.308336,0.311775,0.315046,0.317899,0.320635,0.322988,0.325250,0.327131,0.328907,0.330326,0.331612,0.332618,0.333487,0.334191,0.334786,0.335333,0.335812,0.336337,0.336835,0.337443,0.338059,0.338823,0.339626,0.340585,0.341616,0.342760,0.344005,0.345255,0.346617,0.347810,0.349098,0.350000,1.000000,0.994076,0.988133,0.982186,0.976232,0.970293,0.964342,0.958401,0.952447,0.946492,0.940542,0.934578,0.928665,0.922728,0.916914,0.911068,0.905437,0.899772,0.894439,0.889076,0.884195,0.879319,0.875074,0.870900,0.867441,0.864119,0.861506,0.859038,0.857269,0.855598,0.854735,0.853934,0.854188,0.854574,0.856226,0.858204,0.861365,0.865017,0.869460,0.874361,0.879642,0.885227,0.890951,0.896854,0.902772,0.908806,0.914754,0.920764,0.926625,0.932470,0.938221,0.943906,0.949658,0.955419,0.961311,0.967434,0.973359,0.979717,0.985065,0.990708,0.994527,0.998134,0.999753,1.000473,1.000001,0.999243,0.996914,0.994076,0.990275,0.986026,0.981172,0.976009,0.970517,0.964850,0.959031,0.953128,0.947183,0.941223,0.935286,0.929395,0.923534,0.917763,0.911973,0.906279,0.900495,0.894775,0.888925,0.883086,0.877153,0.871175,0.865238,0.859232,0.853486,0.847722,0.842421,0.837227,0.832553,0.828082,0.824040,0.820181,0.816649,0.813197,0.810100,0.807004,0.804431,0.801874,0.800047,0.798320,0.797462,0.796777,0.797009,0.797445,0.798801,0.800394,0.802857,0.805606,0.809082,0.812851,0.817142,0.821668,0.826528,0.831539,0.836765,0.842082,0.847551,0.853087,0.858735,0.864446,0.870229,0.876067,0.881936,0.887847,0.893759,0.899706,0.905635,0.911597,0.917528,0.923494,0.929417,0.935380,0.941284,0.947229,0.953105,0.959017,0.964860,0.970732,0.976554,0.982404,0.988237,0.994115,1.000000
0.1000,-0.000000,0.000779,0.000244,-0.000803,-0.002802,-0.005244,-0.008300,-0.011698,-0.015421,-0.019397,-0.023440,-0.027679,-0.031709,-0.035914,-0.039545,-0.043340,-0.046063,-0.048864,-0.050034,-0.051020,-0.050055,-0.048511,-0.045288,-0.041259,-0.036318,-0.030720,-0.024931,-0.018826,-0.012880,-0.006886,-0.001099,0.004613,0.010193,0.015679,0.021118,0.026485,0.031856,0.037180,0.042515,0.047822,0.053109,0.058375,0.063561,0.068724,0.073716,0.078672,0.083354,0.087966,0.092222,0.096360,0.100123,0.103717,0.107004,0.110087,0.113021,0.115738,0.118545,0.121152,0.124156,0.127025,0.130596,0.134179,0.138609,0.143323,0.150000,0.154385,0.160271,0.166433,0.172355,0.178400,0.184042,0.189695,0.194873,0.199994,0.204635,0.209182,0.213286,0.217283,0.220900,0.224415,0.227621,0.230747,0.233621,0.236443,0.239039,0.241610,0.243940,0.246255,0.248290,0.250297,0.251990,0.253616,0.254943,0.256157,0.257161,0.258021,0.258838,0.259510,0.260365,0.261111,0.262286,0.263423,0.265215,0.267066,0.269727,0.272560,0.276241,0.280203,0.284897,0.289960,0.295471,0.301388,0.307317,0.313599,0.319398,0.325386,0.330497,0.335575,0.339611,0.343429,0.346273,0.348816,0.350589,0.352067,0.353005,0.353705,0.354058,0.354238,0.354209,0.354062,0.353799,0.353455,0.353054,0.352598,0.352125,0.351614,0.351120,0.350600,0.350130,0.349643,0.349240,0.348829,0.348539,0.348247,0.348121,0.347998,0.348104,0.348218,0.348651,0.349098,0.350000,1.000000,0.993812,0.987882,0.981827,0.976218,0.970667,0.965557,0.960608,0.955962,0.951514,0.947144,0.942952,0.938569,0.934289,0.929571,0.924803,0.919509,0.913939,0.908101,0.901791,0.895916,0.889628,0.884622,0.879593,0.876273,0.873353,0.871965,0.871143,0.871388,0.872130,0.873504,0.875224,0.877273,0.879524,0.881924,0.884418,0.886977,0.889550,0.892188,0.894790,0.897524,0.900203,0.903127,0.906008,0.909252,0.912491,0.916169,0.919892,0.924054,0.928295,0.932908,0.937603,0.942566,0.947591,0.952771,0.957990,0.963240,0.968526,0.973666,0.978868,0.983632,0.988482,0.992459,0.996265,1.000000,1.001638,1.002533,1.003028,1.002415,1.001400,0.999497,0.997234,0.994294,0.991055,0.987324,0.983353,0.979040,0.974537,0.969807,0.964934,0.959917,0.954793,0.949579,0.944286,0.938928,0.933510,0.928031,0.922498,0.916902,0.911247,0.905539,0.899764,0.893960,0.888090,0.882221,0.876297,0.870400,0.864454,0.858562,0.852612,0.846776,0.840858,0.835181,0.829401,0.824079,0.818656,0.813982,0.809252,0.805599,0.801985,0.799744,0.797692,0.797180,0.797036,0.798380,0.800235,0.803288,0.806883,0.811260,0.816090,0.821320,0.826862,0.832546,0.838417,0.844297,0.850289,0.856232,0.862255,0.868209,0.874233,0.880181,0.886202,0.892142,0.898161,0.904097,0.910118,0.916052,0.922079,0.928015,0.934052,0.939993,0.946041,0.951989,0.958049,0.964003,0.970073,0.976027,0.982104,0.988042,0.994115,1.000000
0.2000,-0.000000,0.000923,0.001877,0.002845,0.003855,0.004865,0.005966,0.007065,0.008334,0.009625,0.011163,0.012763,0.014657,0.016649,0.018941,0.021346,0.024044,0.026846,0.029956,0.033160,0.036725,0.040394,0.044490,0.048734,0.053426,0.058326,0.063598,0.069116,0.074832,0.080782,0.086714,0.092828,0.098715,0.104732,0.110311,0.115989,0.120971,0.126015,0.130042,0.134043,0.136710,0.139174,0.140163,0.140739,0.140020,0.138772,0.136672,0.134079,0.131153,0.127841,0.124712,0.121277,0.118596,0.115693,0.114195,0.112702,0.113132,0.114017,0.116765,0.120348,0.125055,0.130533,0.136277,0.142354,0.150000,0.154502,0.160249,0.166024,0.171443,0.176842,0.181923,0.186973,0.191758,0.196520,0.201062,0.205601,0.209943,0.214301,0.218455,0.222636,0.226578,0.230543,0.234222,0.237905,0.241258,0.244584,0.247560,0.250475,0.253058,0.255554,0.257782,0.259910,0.261873,0.263742,0.265577,0.267339,0.269211,0.271044,0.273131,0.275218,0.277697,0.280222,0.283256,0.286390,0.290111,0.293996,0.298476,0.303192,0.308398,0.313900,0.319648,0.325709,0.331660,0.337866,0.343573,0.349411,0.354434,0.359431,0.363440,0.367283,0.370124,0.372706,0.374396,0.375792,0.376473,0.376875,0.376750,0.376392,0.375670,0.374772,0.373635,0.372370,0.370952,0.369440,0.367837,0.366158,0.364446,0.362664,0.360921,0.359112,0.357433,0.355698,0.354205,0.352676,0.351514,0.350340,0.349672,0.349022,0.349034,0.349098,0.350000,1.000000,0.993995,0.988118,0.982122,0.976254,0.970267,0.964415,0.958444,0.952627,0.946695,0.940943,0.935087,0.929442,0.923711,0.918216,0.912651,0.907344,0.901972,0.896895,0.891750,0.886982,0.882143,0.877822,0.873450,0.869785,0.866127,0.863362,0.860698,0.859044,0.857584,0.857159,0.856983,0.857810,0.858897,0.860952,0.863272,0.866523,0.870075,0.874458,0.879206,0.884529,0.890247,0.896117,0.902280,0.908190,0.914161,0.919731,0.925138,0.930324,0.935259,0.940324,0.945227,0.950543,0.955942,0.961704,0.967861,0.973799,0.980238,0.985520,0.990966,0.994612,0.997894,0.999456,1.000130,1.000000,0.999406,0.997849,0.995915,0.993448,0.990698,0.987596,0.984282,0.980739,0.977040,0.973191,0.969229,0.965155,0.960998,0.956732,0.952395,0.947933,0.943395,0.938713,0.933939,0.929019,0.923990,0.918832,0.913558,0.908194,0.902715,0.897194,0.891570,0.885949,0.880238,0.874574,0.868827,0.863175,0.857445,0.851869,0.846216,0.840803,0.835314,0.830193,0.825000,0.820356,0.815660,0.811746,0.807826,0.804948,0.802152,0.800620,0.799298,0.799344,0.799733,0.801422,0.803547,0.806742,0.810392,0.814794,0.819597,0.824829,0.830365,0.836073,0.841978,0.847893,0.853915,0.859868,0.865871,0.871782,0.877717,0.883562,0.889426,0.895209,0.901012,0.906747,0.912504,0.918207,0.923934,0.929627,0.935348,0.941060,0.946810,0.952574,0.958392,0.964231,0.970145,0.976062,0.982077,0.988031,0.994115,1.000000
0.3000,-0.000000,0.000869,0.001141,0.001223,0.000789,0.000164,-0.000868,-0.002087,-0.003565,-0.005216,-0.006947,-0.008822,-0.010584,-0.012452,-0.014009,-0.015631,-0.016735,-0.017868,-0.018248,-0.018613,-0.017962,-0.017204,-0.015206,-0.012922,-0.009390,-0.005350,-0.000431,0.005076,0.010840,0.017031,0.022966,0.029075,0.034698,0.040333,0.045425,0.050469,0.054944,0.059349,0.063165,0.066880,0.070037,0.073053,0.075633,0.078051,0.080236,0.082280,0.084324,0.086288,0.088451,0.090620,0.093110,0.095689,0.098623,0.101712,0.105118,0.108713,0.112549,0.116582,0.120771,0.125150,0.129609,0.134242,0.138899,0.143730,0.150000,0.153437,0.158389,0.163343,0.168555,0.173821,0.179367,0.185057,0.190913,0.197033,0.202969,0.209243,0.214726,0.220429,0.224709,0.228873,0.231343,0.233358,0.233894,0.233854,0.232801,0.231250,0.229131,0.226664,0.223958,0.221034,0.218100,0.215038,0.212133,0.209154,0.206476,0.203754,0.201485,0.199196,0.197540,0.195899,0.195096,0.194374,0.194674,0.195157,0.196760,0.198661,0.201632,0.204988,0.209204,0.213829,0.219003,0.224537,0.230288,0.236300,0.242251,0.248350,0.254202,0.260104,0.265664,0.271210,0.276385,0.281515,0.286276,0.290986,0.295336,0.299637,0.303581,0.307477,0.311012,0.314494,0.317614,0.320670,0.323377,0.326009,0.328322,0.330555,0.332515,0.334398,0.336061,0.337658,0.339086,0.340463,0.341716,0.342931,0.344055,0.345153,0.346182,0.347194,0.348151,0.349098,0.350000,1.000000,0.994040,0.988093,0.982083,0.976145,0.970181,0.964316,0.958459,0.952691,0.946952,0.941255,0.935588,0.929901,0.924225,0.918478,0.912707,0.906857,0.900937,0.894995,0.888926,0.883007,0.876892,0.871284,0.865456,0.860663,0.855783,0.852430,0.849288,0.847806,0.846803,0.847192,0.848118,0.850043,0.852412,0.855481,0.858884,0.862804,0.866992,0.871559,0.876365,0.881413,0.886676,0.892044,0.897596,0.903136,0.908830,0.914423,0.920150,0.925697,0.931364,0.936773,0.942283,0.947464,0.952717,0.957602,0.962527,0.967082,0.971653,0.975884,0.980121,0.984067,0.988020,0.991730,0.995433,1.000000,1.002627,1.005931,1.009301,1.012180,1.015122,1.017289,1.019497,1.020572,1.021589,1.021132,1.020399,1.018079,1.015201,1.011063,1.006238,1.000820,0.994876,0.988946,0.982794,0.976934,0.971086,0.965521,0.960061,0.954757,0.949553,0.944372,0.939250,0.934053,0.928872,0.923555,0.918215,0.912711,0.907146,0.901427,0.895601,0.889702,0.883649,0.877705,0.871586,0.865856,0.859987,0.854833,0.849639,0.845444,0.841345,0.838408,0.835696,0.834164,0.832944,0.832797,0.832997,0.834092,0.835518,0.837646,0.840059,0.843004,0.846177,0.849751,0.853505,0.857571,0.861781,0.866241,0.870827,0.875618,0.880526,0.885597,0.890781,0.896084,0.901494,0.906980,0.912564,0.918186,0.923896,0.929613,0.935409,0.941189,0.947041,0.952862,0.958750,0.964597,0.970508,0.976373,0.982300,0.988177,0.994115,1.000000
0.4000,-0.000000,0.000808,0.001329,0.001675,0.001894,0.001978,0.002089,0.002107,0.002296,0.002441,0.002878,0.003321,0.004145,0.005022,0.006331,0.007729,0.009574,0.011528,0.013925,0.016435,0.019381,0.022433,0.025924,0.029516,0.033562,0.037715,0.042327,0.047074,0.052244,0.057594,0.063237,0.069106,0.075024,0.081171,0.087040,0.093070,0.098497,0.103952,0.108589,0.113111,0.116756,0.120189,0.122816,0.125192,0.126903,0.128372,0.129342,0.130098,0.130522,0.130767,0.130846,0.130777,0.130713,0.130529,0.130541,0.130458,0.130801,0.131081,0.132055,0.133026,0.134981,0.137058,0.140336,0.144114,0.150000,0.154419,0.160277,0.166728,0.172544,0.178631,0.183614,0.188556,0.192243,0.195660,0.197921,0.199801,0.200774,0.201356,0.201346,0.200995,0.200374,0.199492,0.198649,0.197633,0.196936,0.196161,0.195940,0.195742,0.196258,0.196897,0.198307,0.199917,0.202251,0.204823,0.208006,0.211421,0.215313,0.219406,0.223857,0.228470,0.233349,0.238357,0.243568,0.248883,0.254353,0.259914,0.265587,0.271346,0.277173,0.283082,0.289005,0.295008,0.300957,0.306981,0.312864,0.318817,0.324517,0.330278,0.335646,0.341058,0.345906,0.350764,0.354873,0.358927,0.362081,0.365090,0.367133,0.368937,0.369837,0.370437,0.370303,0.369863,0.368918,0.367703,0.366219,0.364526,0.362771,0.360874,0.359084,0.357214,0.355579,0.353918,0.352581,0.351263,0.350336,0.349455,0.349030,0.348668,0.348845,0.349098,0.350000,1.000000,0.994083,0.988152,0.982204,0.976255,0.970304,0.964351,0.958398,0.952447,0.946490,0.940552,0.934600,0.928703,0.922792,0.916983,0.911167,0.905506,0.899849,0.894399,0.888961,0.883787,0.878629,0.873806,0.868995,0.864627,0.860265,0.856502,0.852750,0.849801,0.846896,0.845019,0.843264,0.842714,0.842402,0.843348,0.844648,0.847084,0.849938,0.853670,0.857799,0.862505,0.867528,0.872871,0.878433,0.884135,0.889974,0.895848,0.901802,0.907741,0.913728,0.919682,0.925670,0.931624,0.937616,0.943570,0.949581,0.955525,0.961568,0.967442,0.973483,0.979107,0.984991,0.989962,0.995010,1.000000,1.002432,1.003495,1.004017,1.002743,1.000784,0.997526,0.993614,0.988938,0.983758,0.978250,0.972430,0.966556,0.960542,0.954588,0.948607,0.942685,0.936782,0.930888,0.925004,0.919091,0.913150,0.907200,0.901185,0.895254,0.889249,0.883464,0.877636,0.872159,0.866691,0.861660,0.856687,0.852182,0.847766,0.843813,0.839956,0.836547,0.833229,0.830352,0.827557,0.825214,0.822948,0.821159,0.819450,0.818255,0.817147,0.816595,0.816142,0.816290,0.816551,0.817456,0.818490,0.820207,0.822074,0.824650,0.827408,0.830864,0.834543,0.838852,0.843418,0.848468,0.853783,0.859376,0.865194,0.871079,0.877111,0.883064,0.889076,0.894955,0.900834,0.906600,0.912347,0.918037,0.923722,0.929400,0.935103,0.940828,0.946608,0.952410,0.958288,0.964170,0.970139,0.976079,0.982111,0.988063,0.994115,1.000000
0.5000,0.000000,0.000835,0.000797,0.000456,-0.000583,-0.001905,-0.003722,-0.005794,-0.008136,-0.010696,-0.013282,-0.016046,-0.018566,-0.021224,-0.023333,-0.025528,-0.026841,-0.028154,-0.028265,-0.028231,-0.026790,-0.025006,-0.021848,-0.018145,-0.013433,-0.008072,-0.002352,0.003931,0.009854,0.016072,0.021419,0.026738,0.031035,0.035071,0.038236,0.041054,0.043300,0.045223,0.046900,0.048334,0.049815,0.051152,0.052764,0.054333,0.056333,0.058376,0.060931,0.063594,0.066777,0.070107,0.073918,0.077888,0.082270,0.086804,0.091674,0.096681,0.101950,0.107341,0.112923,0.118616,0.124425,0.130341,0.136276,0.142298,0.150000,0.154351,0.160099,0.165820,0.171274,0.176658,0.181766,0.186789,0.191543,0.196214,0.200619,0.204951,0.209001,0.212984,0.216658,0.220255,0.223528,0.226702,0.229570,0.232320,0.234826,0.237204,0.239442,0.241566,0.243670,0.245692,0.247807,0.249885,0.252141,0.254403,0.256894,0.259422,0.262210,0.265047,0.268170,0.271341,0.274837,0.278377,0.282298,0.286271,0.290683,0.295181,0.300138,0.305248,0.310736,0.316455,0.322322,0.328447,0.334372,0.340473,0.346037,0.351613,0.356470,0.361182,0.365175,0.368948,0.372101,0.375040,0.377462,0.379715,0.381502,0.383169,0.384357,0.385451,0.386012,0.386478,0.386351,0.386106,0.385239,0.384222,0.382612,0.380826,0.378552,0.376092,0.373320,0.370373,0.367347,0.364172,0.361211,0.358136,0.355616,0.353051,0.351382,0.349792,0.349325,0.349098,0.350000,1.000000,0.993982,0.988028,0.981993,0.976130,0.970262,0.964592,0.958973,0.953500,0.948106,0.942742,0.937452,0.932058,0.926687,0.921119,0.915488,0.909681,0.903704,0.897751,0.891540,0.885764,0.879718,0.874671,0.869478,0.865839,0.862315,0.860666,0.859441,0.860020,0.861230,0.863834,0.867076,0.871183,0.875780,0.880812,0.886145,0.891654,0.897316,0.903027,0.908810,0.914577,0.920387,0.926118,0.931886,0.937493,0.943129,0.948507,0.953891,0.958922,0.963929,0.968504,0.973023,0.977054,0.981006,0.984431,0.987765,0.990538,0.993214,0.995286,0.997259,0.998568,0.999770,1.000233,1.000447,1.000000,0.999396,0.997843,0.996045,0.993657,0.991060,0.988001,0.984783,0.981198,0.977501,0.973495,0.969409,0.965045,0.960617,0.955932,0.951186,0.946212,0.941175,0.935958,0.930682,0.925281,0.919834,0.914316,0.908765,0.903195,0.897603,0.892038,0.886459,0.880949,0.875435,0.870028,0.864625,0.859364,0.854113,0.849044,0.843982,0.839164,0.834340,0.829862,0.825363,0.821370,0.817349,0.814060,0.810765,0.808472,0.806254,0.805272,0.804513,0.805072,0.806006,0.808119,0.810673,0.814115,0.817948,0.822364,0.827056,0.832106,0.837319,0.842758,0.848280,0.853959,0.859676,0.865510,0.871360,0.877288,0.883222,0.889175,0.895123,0.901013,0.906873,0.912605,0.918263,0.923765,0.929139,0.934408,0.939508,0.944636,0.949594,0.954759,0.959812,0.965206,0.970597,0.976312,0.982127,0.988063,0.994115,1.000000
0.6000,0.000000,0.000885,0.001758,0.002608,0.003496,0.004373,0.005338,0.006308,0.007415,0.008548,0.009855,0.011209,0.012759,0.014372,0.016186,0.018067,0.020155,0.022298,0.024679,0.027093,0.029825,0.032576,0.035780,0.039022,0.042873,0.046854,0.051516,0.056480,0.061953,0.067903,0.073836,0.080247,0.085916,0.091804,0.096410,0.100869,0.103929,0.106597,0.108081,0.109112,0.109306,0.109100,0.108404,0.107399,0.106214,0.104805,0.103503,0.102047,0.100977,0.099816,0.099327,0.098824,0.099264,0.099799,0.101473,0.103393,0.106475,0.109953,0.114371,0.119246,0.124648,0.130424,0.136311,0.142351,0.150000,0.154419,0.160133,0.165867,0.171251,0.176628,0.181613,0.186584,0.191102,0.195595,0.199553,0.203459,0.206747,0.209939,0.212462,0.214832,0.216553,0.218074,0.219045,0.219797,0.220164,0.220324,0.220298,0.220106,0.219926,0.219636,0.219535,0.219385,0.219568,0.219757,0.220393,0.221077,0.222299,0.223600,0.225518,0.227543,0.230248,0.233100,0.236660,0.240421,0.244843,0.249528,0.254718,0.260208,0.265943,0.271962,0.277910,0.284068,0.289858,0.295748,0.301045,0.306331,0.310899,0.315365,0.319085,0.322639,0.325501,0.328166,0.330246,0.332127,0.333548,0.334793,0.335696,0.336455,0.336975,0.337383,0.337643,0.337817,0.337928,0.337976,0.338051,0.338088,0.338238,0.338381,0.338708,0.339067,0.339642,0.340287,0.341129,0.342069,0.343132,0.344302,0.345479,0.346753,0.347888,0.349098,0.350000,1.000000,0.994039,0.988149,0.982183,0.976296,0.970334,0.964458,0.958511,0.952661,0.946742,0.940933,0.935062,0.929313,0.923510,0.917839,0.912119,0.906543,0.900916,0.895459,0.889941,0.884651,0.879278,0.874260,0.869127,0.864587,0.859910,0.856209,0.852414,0.850077,0.847841,0.847424,0.847436,0.849221,0.851692,0.855449,0.859892,0.864994,0.870571,0.876335,0.882330,0.888279,0.894287,0.900200,0.906085,0.911920,0.917705,0.923515,0.929297,0.935154,0.941033,0.946967,0.952989,0.958927,0.965011,0.970725,0.976592,0.981685,0.986837,0.990829,0.994684,0.997186,0.999349,1.000243,1.000511,1.000000,0.999305,0.997631,0.995675,0.993131,0.990371,0.987116,0.983687,0.979810,0.975774,0.971325,0.966716,0.961752,0.956622,0.951229,0.945680,0.939980,0.934158,0.928284,0.922335,0.916392,0.910415,0.904461,0.898492,0.892541,0.886575,0.880622,0.874644,0.868693,0.862705,0.856785,0.850821,0.844994,0.839117,0.833481,0.827791,0.822488,0.817134,0.812363,0.807562,0.803580,0.799625,0.796718,0.793935,0.792357,0.791017,0.790918,0.791152,0.792530,0.794289,0.797005,0.800097,0.803914,0.808069,0.812717,0.817642,0.822863,0.828295,0.833874,0.839606,0.845388,0.851280,0.857165,0.863136,0.869067,0.875074,0.881022,0.887044,0.892998,0.899027,0.904981,0.911016,0.916968,0.923006,0.928951,0.934984,0.940910,0.946922,0.952817,0.958792,0.964651,0.970585,0.976423,0.982337,0.988182,0.994115,1.000000
0.7000,0.000000,0.000860,0.001278,0.001541,0.001445,0.001210,0.000703,0.000070,-0.000733,-0.001651,-0.002622,-0.003695,-0.004684,-0.005761,-0.006588,-0.007485,-0.007931,-0.008418,-0.008222,-0.008011,-0.006880,-0.005633,-0.003294,-0.000687,0.003009,0.007134,0.012074,0.017526,0.023280,0.029471,0.035402,0.041566,0.047081,0.052606,0.057346,0.061942,0.065808,0.069464,0.072533,0.075391,0.077821,0.080070,0.082036,0.083860,0.085523,0.087077,0.088586,0.090009,0.091513,0.092950,0.094615,0.096237,0.098254,0.100271,0.102848,0.105492,0.108810,0.112287,0.116444,0.120841,0.125796,0.131027,0.136593,0.142414,0.150000,0.154499,0.160426,0.166454,0.172152,0.177895,0.183173,0.188461,0.193145,0.197801,0.201710,0.205537,0.208497,0.211301,0.213192,0.214847,0.215644,0.216155,0.215961,0.215472,0.214496,0.213255,0.211768,0.210070,0.208370,0.206518,0.204906,0.203202,0.201970,0.200712,0.200138,0.199614,0.199947,0.200411,0.201841,0.203485,0.206110,0.209025,0.212821,0.216957,0.221760,0.226905,0.232427,0.238236,0.244126,0.250206,0.256136,0.262151,0.267879,0.273611,0.278998,0.284343,0.289328,0.294257,0.298819,0.303325,0.307457,0.311533,0.315222,0.318852,0.322082,0.325242,0.327996,0.330668,0.332938,0.335112,0.336906,0.338594,0.339939,0.341176,0.342127,0.342972,0.343606,0.344146,0.344561,0.344899,0.345200,0.345449,0.345737,0.345999,0.346360,0.346717,0.347214,0.347722,0.348401,0.349098,0.350000,1.000000,0.994064,0.988125,0.982143,0.976190,0.970215,0.964282,0.958342,0.952443,0.946545,0.940670,0.934800,0.928928,0.923053,0.917157,0.911236,0.905299,0.899300,0.893349,0.887286,0.881440,0.875435,0.869960,0.864324,0.859657,0.854929,0.851608,0.848435,0.846915,0.845780,0.846221,0.847190,0.849406,0.852150,0.855738,0.859753,0.864275,0.869099,0.874199,0.879495,0.884930,0.890490,0.896110,0.901812,0.907529,0.913304,0.919063,0.924870,0.930631,0.936436,0.942153,0.947920,0.953522,0.959186,0.964553,0.969988,0.974932,0.979921,0.984183,0.988424,0.991726,0.994907,0.997021,0.998741,1.000000,1.000294,0.999720,0.998847,0.997120,0.995125,0.992370,0.989372,0.985696,0.981780,0.977289,0.972554,0.967388,0.961989,0.956343,0.950509,0.944609,0.938596,0.932645,0.926666,0.920793,0.914953,0.909188,0.903481,0.897775,0.892113,0.886382,0.880655,0.874830,0.868959,0.863033,0.857016,0.851072,0.845013,0.839234,0.833351,0.828008,0.822610,0.818025,0.813475,0.809961,0.806598,0.804383,0.802428,0.801596,0.801091,0.801570,0.802388,0.804001,0.805917,0.808449,0.811228,0.814482,0.817929,0.821754,0.825730,0.830016,0.834430,0.839103,0.843891,0.848893,0.854003,0.859282,0.864663,0.870167,0.875765,0.881443,0.887203,0.893003,0.898875,0.904752,0.910690,0.916610,0.922581,0.928521,0.934507,0.940453,0.946445,0.952392,0.958385,0.964328,0.970319,0.976252,0.982234,0.988149,0.994115,1.000000
0.8000,0.000000,0.000730,0.000621,0.000118,-0.000901,-0.002228,-0.003787,-0.005570,-0.007333,-0.009247,-0.010913,-0.012663,-0.013958,-0.015271,-0.015944,-0.016567,-0.016401,-0.016118,-0.014946,-0.013591,-0.011310,-0.008786,-0.005373,-0.001663,0.002805,0.007612,0.012935,0.018613,0.024458,0.030621,0.036541,0.042670,0.048180,0.053737,0.058431,0.063001,0.066649,0.070045,0.072630,0.074906,0.076595,0.077986,0.079063,0.079896,0.080693,0.081320,0.082166,0.082926,0.084114,0.085303,0.087066,0.088909,0.091404,0.094041,0.097341,0.100825,0.104932,0.109250,0.114101,0.119185,0.124650,0.130370,0.136232,0.142317,0.150001,0.154523,0.160083,0.165646,0.170626,0.175523,0.179854,0.184069,0.187767,0.191340,0.194458,0.197456,0.200065,0.202561,0.204739,0.206809,0.208640,0.210369,0.211953,0.213443,0.214903,0.216281,0.217762,0.219185,0.220853,0.222499,0.224527,0.226585,0.229128,0.231760,0.234925,0.238233,0.242052,0.246048,0.250474,0.255083,0.260015,0.265109,0.270425,0.275870,0.281459,0.287146,0.292919,0.298772,0.304664,0.310627,0.316575,0.322595,0.328515,0.334510,0.340280,0.346119,0.351560,0.357048,0.361938,0.366825,0.370923,0.374942,0.378039,0.380971,0.382940,0.384671,0.385495,0.386040,0.385807,0.385293,0.384170,0.382792,0.380982,0.378961,0.376679,0.374232,0.371686,0.369017,0.366406,0.363711,0.361226,0.358692,0.356525,0.354346,0.352686,0.351053,0.350084,0.349187,0.349082,0.349098,0.350000,1.000000,0.993941,0.987988,0.981976,0.976110,0.970269,0.964522,0.958824,0.953137,0.947481,0.941765,0.936041,0.930230,0.924366,0.918450,0.912446,0.906495,0.900437,0.894600,0.888660,0.883161,0.877584,0.872706,0.867800,0.863865,0.859979,0.857314,0.854809,0.853690,0.852862,0.853438,0.854423,0.856653,0.859349,0.862997,0.867083,0.871782,0.876818,0.882179,0.887752,0.893461,0.899276,0.905131,0.911031,0.916931,0.922856,0.928749,0.934674,0.940508,0.946385,0.952072,0.957802,0.963208,0.968644,0.973599,0.978560,0.982871,0.987157,0.990610,0.994001,0.996365,0.998614,0.999655,1.000301,1.000000,0.999139,0.997010,0.994449,0.991186,0.987584,0.983499,0.979159,0.974493,0.969637,0.964565,0.959351,0.953999,0.948540,0.942998,0.937373,0.931708,0.925976,0.920237,0.914444,0.908672,0.902854,0.897087,0.891276,0.885561,0.879799,0.874201,0.868558,0.863174,0.857757,0.852714,0.847668,0.843100,0.838576,0.834595,0.830703,0.827371,0.824158,0.821482,0.818934,0.816890,0.814964,0.813530,0.812195,0.811377,0.810647,0.810495,0.810433,0.811037,0.811751,0.813215,0.814829,0.817243,0.819859,0.823254,0.826898,0.831217,0.835809,0.840893,0.846238,0.851857,0.857682,0.863579,0.869604,0.875553,0.881552,0.887399,0.893231,0.898904,0.904523,0.910023,0.915457,0.920839,0.926163,0.931514,0.936829,0.942240,0.947646,0.953191,0.958767,0.964485,0.970266,0.976141,0.982105,0.988058,0.994115,1.000000
0.9000,0.000000,0.000925,0.001741,0.002549,0.003225,0.003876,0.004391,0.004861,0.005221,0.005518,0.005774,0.005955,0.006208,0.006388,0.006791,0.007140,0.007887,0.008618,0.009926,0.011275,0.013348,0.015538,0.018528,0.021717,0.025673,0.029896,0.034734,0.039863,0.045366,0.051132,0.057004,0.063062,0.068995,0.075024,0.080769,0.086529,0.091916,0.097259,0.102184,0.107036,0.111443,0.115766,0.119612,0.123371,0.126610,0.129752,0.132328,0.134785,0.136651,0.138362,0.139516,0.140474,0.140994,0.141294,0.141362,0.141210,0.141112,0.140821,0.140926,0.140898,0.141628,0.142332,0.144108,0.146185,0.150000,0.152820,0.157473,0.162637,0.168221,0.174249,0.180199,0.186425,0.192179,0.198012,0.203157,0.208221,0.212552,0.216710,0.220200,0.223487,0.226221,0.228763,0.230877,0.232827,0.234464,0.235970,0.237259,0.238448,0.239500,0.240478,0.241386,0.242239,0.243087,0.243892,0.244761,0.245596,0.246577,0.247533,0.248732,0.249918,0.251465,0.253019,0.255062,0.257149,0.259844,0.262638,0.266121,0.269776,0.274112,0.278701,0.283838,0.289284,0.295010,0.301044,0.306996,0.313185,0.318924,0.324772,0.329884,0.334960,0.339142,0.343165,0.346271,0.349141,0.351172,0.352935,0.354007,0.354817,0.355110,0.355174,0.354900,0.354443,0.353811,0.353047,0.352249,0.351368,0.350563,0.349719,0.349031,0.348341,0.347855,0.347395,0.347161,0.346971,0.347015,0.347110,0.347437,0.347818,0.348431,0.349098,0.350000,1.000000,0.994110,0.988212,0.982304,0.976388,0.970461,0.964529,0.958585,0.952642,0.946688,0.940740,0.934783,0.928834,0.922875,0.916935,0.910973,0.905066,0.899120,0.893311,0.887445,0.881863,0.876219,0.871070,0.865884,0.861435,0.857014,0.853545,0.850200,0.847937,0.845896,0.844949,0.844296,0.844648,0.845317,0.846844,0.848670,0.851196,0.853978,0.857320,0.860867,0.864870,0.869034,0.873578,0.878253,0.883248,0.888356,0.893724,0.899192,0.904846,0.910585,0.916426,0.922322,0.928253,0.934202,0.940156,0.946098,0.952052,0.957998,0.963951,0.969947,0.975856,0.981891,0.987574,0.993324,1.000000,1.003791,1.007506,1.011100,1.013168,1.014910,1.015138,1.014901,1.013371,1.011347,1.008351,1.004922,1.000836,0.996418,0.991594,0.986540,0.981251,0.975811,0.970245,0.964584,0.958859,0.953074,0.947261,0.941408,0.935548,0.929659,0.923775,0.917869,0.911976,0.906063,0.900173,0.894263,0.888391,0.882496,0.876665,0.870803,0.865054,0.859265,0.853675,0.848031,0.842726,0.837362,0.832539,0.827670,0.823599,0.819533,0.816532,0.813635,0.812011,0.810619,0.810580,0.810893,0.812473,0.814477,0.817529,0.821008,0.825245,0.829852,0.834931,0.840288,0.845885,0.851662,0.857519,0.863474,0.869421,0.875407,0.881355,0.887309,0.893230,0.899147,0.905047,0.910947,0.916846,0.922754,0.928668,0.934599,0.940534,0.946490,0.952439,0.958413,0.964366,0.970343,0.976287,0.982252,0.988175,0.994115,1.000000
1.0000,-0.000000,0.000817,0.000966,0.000856,0.000245,-0.000590,-0.001763,-0.003124,-0.004657,-0.006345,-0.008030,-0.009840,-0.011457,-0.013165,-0.014470,-0.015826,-0.016549,-0.017267,-0.017124,-0.016893,-0.015621,-0.014146,-0.011566,-0.008657,-0.004758,-0.000440,0.004568,0.010000,0.015714,0.021755,0.027702,0.033822,0.039613,0.045435,0.050855,0.056219,0.061216,0.066126,0.070745,0.075289,0.079611,0.083888,0.087983,0.092064,0.095969,0.099882,0.103595,0.107326,0.110812,0.114313,0.117516,0.120716,0.123573,0.126395,0.128864,0.131254,0.133349,0.135319,0.137145,0.138813,0.140601,0.142229,0.144338,0.146445,0.150000,0.152421,0.156582,0.161087,0.166216,0.171727,0.177493,0.183592,0.189543,0.195708,0.201384,0.207134,0.212164,0.217145,0.221282,0.225280,0.228392,0.231307,0.233358,0.235179,0.236204,0.236984,0.237077,0.236925,0.236224,0.235294,0.233976,0.232453,0.230721,0.228817,0.226899,0.224843,0.222986,0.221030,0.219509,0.217935,0.217046,0.216171,0.216218,0.216373,0.217621,0.219096,0.221700,0.224649,0.228580,0.232932,0.237954,0.243387,0.249101,0.255136,0.261088,0.267227,0.273021,0.278870,0.284232,0.289551,0.294334,0.299017,0.303178,0.307214,0.310771,0.314201,0.317209,0.320097,0.322620,0.325035,0.327145,0.329158,0.330920,0.332599,0.334080,0.335491,0.336752,0.337956,0.339054,0.340110,0.341095,0.342051,0.342966,0.343864,0.344742,0.345612,0.346478,0.347343,0.348218,0.349098,0.350000,1.000000,0.994015,0.988062,0.982051,0.976129,0.970197,0.964360,0.958543,0.952789,0.947068,0.941357,0.935672,0.929942,0.924214,0.918405,0.912557,0.906647,0.900647,0.894695,0.888607,0.882791,0.876823,0.871458,0.865989,0.861491,0.857014,0.853796,0.850774,0.849110,0.847794,0.847723,0.848073,0.849410,0.851152,0.853594,0.856368,0.859597,0.863074,0.866828,0.870756,0.874851,0.879066,0.883387,0.887795,0.892289,0.896852,0.901506,0.906225,0.911052,0.915952,0.920971,0.926081,0.931304,0.936637,0.942055,0.947594,0.953168,0.958866,0.964533,0.970326,0.976005,0.981834,0.987402,0.993128,1.000000,1.003851,1.008109,1.012353,1.015376,1.018243,1.019724,1.020903,1.020711,1.020118,1.018320,1.016095,1.012909,1.009327,1.005045,1.000429,0.995354,0.990018,0.984429,0.978653,0.972789,0.966808,0.960855,0.954849,0.948937,0.943024,0.937219,0.931449,0.925752,0.920109,0.914473,0.908882,0.903225,0.897583,0.891827,0.886035,0.880149,0.874166,0.868215,0.862119,0.856301,0.850332,0.844983,0.839543,0.835079,0.830651,0.827461,0.824464,0.822799,0.821458,0.821371,0.821675,0.823043,0.824799,0.827388,0.830318,0.833863,0.837685,0.841944,0.846417,0.851191,0.856127,0.861265,0.866526,0.871919,0.877406,0.882974,0.888617,0.894304,0.900053,0.905820,0.911639,0.917458,0.923323,0.929176,0.935070,0.940942,0.946855,0.952739,0.958661,0.964551,0.970478,0.976369,0.982298,0.988188,0.994115,1.000000
1.1000,-0.000000,0.000775,0.001160,0.001317,0.001301,0.001117,0.000957,0.000690,0.000620,0.000501,0.000729,0.000960,0.001657,0.002408,0.003707,0.005105,0.007094,0.009217,0.011933,0.014809,0.018241,0.021846,0.025950,0.030227,0.034933,0.039808,0.045029,0.050418,0.056048,0.061848,0.067737,0.073803,0.079732,0.085834,0.091495,0.097287,0.102294,0.107320,0.111278,0.115095,0.117733,0.120075,0.121339,0.122223,0.122286,0.121968,0.121155,0.120015,0.118719,0.117166,0.115804,0.114252,0.113260,0.112151,0.111998,0.111844,0.113002,0.114369,0.117200,0.120536,0.125061,0.130336,0.136037,0.142336,0.150000,0.154695,0.159731,0.164602,0.168519,0.172135,0.175077,0.177735,0.179995,0.182041,0.183916,0.185656,0.187396,0.189073,0.190863,0.192647,0.194612,0.196610,0.198816,0.201081,0.203550,0.206091,0.208819,0.211619,0.214586,0.217618,0.220805,0.224047,0.227442,0.230884,0.234492,0.238141,0.241984,0.245869,0.249984,0.254147,0.258578,0.263073,0.267861,0.272735,0.277902,0.283181,0.288707,0.294371,0.300181,0.306143,0.312090,0.318183,0.324049,0.330024,0.335546,0.341109,0.346022,0.350890,0.354977,0.358934,0.362063,0.364999,0.367137,0.369047,0.370244,0.371208,0.371573,0.371721,0.371398,0.370886,0.370029,0.369014,0.367773,0.366407,0.364924,0.363345,0.361748,0.360082,0.358488,0.356849,0.355372,0.353869,0.352620,0.351363,0.350456,0.349562,0.349121,0.348715,0.348875,0.349098,0.350000,1.000000,0.994055,0.988113,0.982143,0.976189,0.970230,0.964278,0.958321,0.952367,0.946396,0.940447,0.934468,0.928555,0.922606,0.916795,0.910951,0.905339,0.899706,0.894408,0.889111,0.884246,0.879407,0.875094,0.870831,0.867184,0.863606,0.860747,0.857975,0.856047,0.854228,0.853394,0.852712,0.853140,0.853791,0.855606,0.857740,0.860954,0.864568,0.869013,0.873871,0.879207,0.884877,0.890695,0.896703,0.902656,0.908661,0.914559,0.920421,0.926232,0.931985,0.937781,0.943560,0.949431,0.955376,0.961328,0.967479,0.973319,0.979459,0.984697,0.990194,0.994063,0.997909,0.999625,1.000571,1.000000,0.998474,0.995298,0.991407,0.986922,0.981995,0.976818,0.971389,0.965880,0.960227,0.954576,0.948834,0.943140,0.937383,0.931705,0.925980,0.920360,0.914707,0.909176,0.903626,0.898208,0.892781,0.887489,0.882194,0.877032,0.871870,0.866840,0.861809,0.856918,0.852022,0.847287,0.842543,0.837996,0.833439,0.829137,0.824826,0.820851,0.816873,0.813339,0.809814,0.806863,0.803946,0.801745,0.799615,0.798340,0.797190,0.797001,0.797002,0.798006,0.799266,0.801489,0.804015,0.807377,0.811056,0.815385,0.820008,0.825073,0.830378,0.835935,0.841664,0.847497,0.853437,0.859380,0.865378,0.871323,0.877287,0.883179,0.889069,0.894892,0.900704,0.906470,0.912226,0.917961,0.923693,0.929429,0.935171,0.940939,0.946723,0.952545,0.958395,0.964280,0.970207,0.976144,0.982139,0.988091,0.994115,1.000000
1.2000,0.000000,0.000842,0.000558,-0.000114,-0.001692,-0.003638,-0.006229,-0.009133,-0.012418,-0.015952,-0.019605,-0.023454,-0.027146,-0.031004,-0.034364,-0.037868,-0.040437,-0.043079,-0.044299,-0.045398,-0.044742,-0.043644,-0.040890,-0.037437,-0.032897,-0.027672,-0.022064,-0.016016,-0.010069,-0.003952,0.001872,0.007697,0.013215,0.018673,0.023876,0.029017,0.033950,0.038840,0.043543,0.048222,0.052705,0.057175,0.061423,0.065654,0.069637,0.073587,0.077281,0.080916,0.084330,0.087660,0.090859,0.093960,0.097077,0.100104,0.103327,0.106497,0.110044,0.113605,0.117676,0.121849,0.126569,0.131488,0.136855,0.142520,0.150001,0.154601,0.160525,0.166592,0.172204,0.177836,0.182907,0.187909,0.192322,0.196610,0.200340,0.203917,0.207012,0.209948,0.212504,0.214915,0.217057,0.219079,0.220938,0.222710,0.224408,0.226052,0.227688,0.229298,0.230947,0.232591,0.234306,0.236026,0.237847,0.239675,0.241644,0.243620,0.245794,0.247973,0.250435,0.252909,0.255768,0.258662,0.262048,0.265510,0.269541,0.273715,0.278457,0.283420,0.288824,0.294515,0.300368,0.306518,0.312443,0.318589,0.324116,0.329713,0.334414,0.339014,0.342614,0.345983,0.348410,0.350543,0.351891,0.352942,0.353407,0.353612,0.353427,0.353037,0.352435,0.351685,0.350871,0.349962,0.349107,0.348205,0.347443,0.346674,0.346099,0.345550,0.345218,0.344933,0.344865,0.344857,0.345047,0.345301,0.345722,0.346205,0.346823,0.347495,0.348273,0.349098,0.350000,1.000000,0.993923,0.987976,0.981925,0.976184,0.970469,0.965108,0.959867,0.954901,0.950103,0.945401,0.940864,0.936192,0.931626,0.926711,0.921779,0.916408,0.910837,0.905009,0.898806,0.892888,0.886582,0.881303,0.875892,0.872042,0.868436,0.866440,0.864932,0.864722,0.865026,0.866234,0.867858,0.870066,0.872569,0.875446,0.878516,0.881841,0.885289,0.888938,0.892667,0.896584,0.900563,0.904735,0.908969,0.913394,0.917893,0.922563,0.927317,0.932194,0.937161,0.942183,0.947290,0.952363,0.957517,0.962524,0.967609,0.972391,0.977249,0.981594,0.986000,0.989630,0.993280,0.995859,0.998181,1.000000,1.000454,0.999859,0.998850,0.996863,0.994494,0.991372,0.987924,0.983927,0.979664,0.975023,0.970178,0.965092,0.959856,0.954479,0.948996,0.943441,0.937812,0.932156,0.926448,0.920741,0.914996,0.909271,0.903517,0.897796,0.892051,0.886350,0.880627,0.874959,0.869270,0.863651,0.858010,0.852467,0.846897,0.841476,0.836021,0.830799,0.825534,0.820639,0.815696,0.811319,0.806905,0.803313,0.799731,0.797244,0.794862,0.793794,0.792970,0.793533,0.794478,0.796687,0.799358,0.803011,0.807114,0.811856,0.816958,0.822394,0.828072,0.833871,0.839803,0.845739,0.851729,0.857680,0.863644,0.869567,0.875488,0.881386,0.887282,0.893175,0.899075,0.904979,0.910902,0.916828,0.922777,0.928722,0.934691,0.940645,0.946621,0.952572,0.958542,0.964481,0.970437,0.976359,0.982295,0.988198,0.994115,1.000000
1.3000,0.000000,0.000882,0.001728,0.002537,0.003353,0.004137,0.004982,0.005799,0.006745,0.007673,0.008806,0.009942,0.011357,0.012804,0.014589,0.016435,0.018659,0.020968,0.023675,0.026484,0.029696,0.033016,0.036742,0.040580,0.044821,0.049182,0.053934,0.058822,0.064061,0.069460,0.075110,0.080950,0.086856,0.092965,0.098870,0.104948,0.110507,0.116148,0.120992,0.125789,0.129625,0.133291,0.135971,0.138397,0.139927,0.141170,0.141678,0.141901,0.141586,0.141009,0.140116,0.138989,0.137794,0.136393,0.135214,0.133854,0.133075,0.132153,0.132253,0.132315,0.133854,0.135643,0.139104,0.143460,0.150000,0.155335,0.161237,0.167449,0.172578,0.177570,0.181635,0.185446,0.188575,0.191472,0.193900,0.196157,0.198095,0.199921,0.201525,0.203059,0.204425,0.205748,0.206930,0.208080,0.209107,0.210101,0.210993,0.211845,0.212633,0.213372,0.214117,0.214804,0.215603,0.216346,0.217343,0.218299,0.219681,0.221059,0.223041,0.225081,0.227868,0.230805,0.234537,0.238520,0.243201,0.248209,0.253661,0.259447,0.265332,0.271477,0.277386,0.283426,0.288994,0.294563,0.299545,0.304432,0.308721,0.312866,0.316459,0.319897,0.322857,0.325670,0.328078,0.330360,0.332300,0.334134,0.335675,0.337128,0.338329,0.339452,0.340362,0.341199,0.341865,0.342463,0.342937,0.343350,0.343690,0.343980,0.344252,0.344488,0.344756,0.345005,0.345327,0.345647,0.346069,0.346504,0.347060,0.347638,0.348355,0.349098,0.350000,1.000000,0.994087,0.988193,0.982269,0.976372,0.970445,0.964552,0.958629,0.952750,0.946841,0.940996,0.935120,0.929337,0.923524,0.917844,0.912141,0.906617,0.901080,0.895778,0.890471,0.885458,0.880451,0.875807,0.871175,0.866998,0.862836,0.859252,0.855695,0.852871,0.850099,0.848242,0.846487,0.845813,0.845325,0.846013,0.846988,0.849107,0.851597,0.855056,0.858913,0.863465,0.868378,0.873694,0.879285,0.885038,0.890969,0.896901,0.902925,0.908871,0.914848,0.920734,0.926618,0.932450,0.938277,0.944112,0.949979,0.955882,0.961910,0.967863,0.974111,0.979862,0.986105,0.990950,0.995885,1.000000,1.001155,1.000369,0.998553,0.995529,0.991761,0.987411,0.982602,0.977537,0.972197,0.966760,0.961153,0.955523,0.949776,0.944043,0.938221,0.932426,0.926559,0.920723,0.914826,0.908961,0.903041,0.897154,0.891217,0.885316,0.879369,0.873461,0.867512,0.861612,0.855669,0.849799,0.843878,0.838086,0.832227,0.826613,0.820915,0.815655,0.810313,0.805676,0.801004,0.797330,0.793725,0.791345,0.789175,0.788312,0.787783,0.788473,0.789562,0.791664,0.794156,0.797414,0.801005,0.805134,0.809521,0.814268,0.819202,0.824368,0.829667,0.835112,0.840651,0.846280,0.851978,0.857729,0.863532,0.869363,0.875237,0.881122,0.887041,0.892958,0.898906,0.904841,0.910804,0.916748,0.922719,0.928666,0.934640,0.940588,0.946562,0.952507,0.958479,0.964419,0.970384,0.976312,0.982267,0.988178,0.994115,1.000000
1.4000,-0.000000,0.000769,0.000448,-0.000310,-0.001831,-0.003719,-0.006060,-0.008686,-0.011489,-0.014506,-0.017435,-0.020523,-0.023243,-0.026075,-0.028223,-0.030417,-0.031605,-0.032720,-0.032584,-0.032208,-0.030521,-0.028436,-0.025216,-0.021528,-0.017040,-0.012124,-0.006771,-0.001093,0.004724,0.010754,0.016702,0.022777,0.028603,0.034496,0.040008,0.045535,0.050577,0.055580,0.060034,0.064396,0.068214,0.071895,0.075111,0.078167,0.080897,0.083474,0.085895,0.088196,0.090509,0.092753,0.095152,0.097537,0.100181,0.102863,0.105866,0.108946,0.112381,0.115920,0.119830,0.123865,0.128282,0.132846,0.137793,0.142975,0.150000,0.154226,0.160108,0.166228,0.172151,0.178249,0.183800,0.189385,0.194194,0.198880,0.202738,0.206367,0.209265,0.211899,0.213976,0.215808,0.217271,0.218538,0.219603,0.220528,0.221388,0.222161,0.222972,0.223740,0.224624,0.225498,0.226543,0.227601,0.228871,0.230170,0.231718,0.233302,0.235180,0.237096,0.239364,0.241674,0.244409,0.247200,0.250490,0.253866,0.257799,0.261864,0.266489,0.271309,0.276592,0.282130,0.287906,0.293961,0.299911,0.306094,0.311790,0.317597,0.322603,0.327557,0.331546,0.335341,0.338173,0.340724,0.342443,0.343858,0.344639,0.345143,0.345226,0.345083,0.344721,0.344195,0.343623,0.342949,0.342366,0.341739,0.341302,0.340871,0.340685,0.340544,0.340661,0.340849,0.341270,0.341774,0.342458,0.343226,0.344103,0.345053,0.346035,0.347075,0.348066,0.349098,0.350000,1.000000,0.993901,0.987955,0.981927,0.976171,0.970456,0.964982,0.959610,0.954357,0.949215,0.944031,0.938924,0.933627,0.928333,0.922780,0.917128,0.911293,0.905263,0.899310,0.893131,0.887421,0.881563,0.876555,0.871561,0.867649,0.863909,0.861307,0.858973,0.857715,0.856754,0.856767,0.857070,0.858247,0.859699,0.861927,0.864420,0.867579,0.870996,0.874943,0.879131,0.883699,0.888476,0.893486,0.898666,0.903958,0.909378,0.914818,0.920356,0.925842,0.931408,0.936857,0.942374,0.947709,0.953100,0.958242,0.963430,0.968294,0.973197,0.977687,0.982214,0.986206,0.990239,0.993552,0.996769,1.000000,1.001613,1.002535,1.003237,1.002633,1.001677,0.999524,0.996945,0.993433,0.989515,0.984980,0.980130,0.974929,0.969524,0.963944,0.958251,0.952480,0.946653,0.940795,0.934913,0.929021,0.923118,0.917219,0.911313,0.905425,0.899530,0.893669,0.887801,0.881984,0.876161,0.870412,0.864656,0.859006,0.853345,0.847841,0.842320,0.837032,0.831720,0.826760,0.821772,0.817306,0.812817,0.809076,0.805344,0.802610,0.799959,0.798530,0.797300,0.797409,0.797848,0.799576,0.801730,0.804953,0.808621,0.813040,0.817841,0.823078,0.828585,0.834285,0.840140,0.846042,0.852009,0.857962,0.863926,0.869869,0.875799,0.881726,0.887639,0.893565,0.899486,0.905424,0.911365,0.917316,0.923275,0.929227,0.935184,0.941123,0.947059,0.952973,0.958879,0.964768,0.970645,0.976518,0.982379,0.988250,0.994115,1.000000
1.5000,-0.000000,0.000827,0.001308,0.001635,0.001733,0.001717,0.001562,0.001321,0.001017,0.000644,0.000284,-0.000138,-0.000456,-0.000832,-0.000981,-0.001183,-0.000989,-0.000830,-0.000066,0.000711,0.002312,0.004019,0.006712,0.009649,0.013569,0.017882,0.022924,0.028430,0.034202,0.040369,0.046303,0.052453,0.058014,0.063599,0.068440,0.073171,0.077144,0.080936,0.084027,0.086912,0.089188,0.091254,0.092829,0.094201,0.095228,0.096068,0.096740,0.097249,0.097797,0.098215,0.098906,0.099511,0.100635,0.101739,0.103592,0.105521,0.108365,0.111414,0.115398,0.119736,0.124798,0.130333,0.136129,0.142324,0.149999,0.154619,0.159870,0.165036,0.169356,0.173459,0.176868,0.180037,0.182706,0.185165,0.187312,0.189296,0.191134,0.192860,0.194577,0.196229,0.197983,0.199716,0.201631,0.203564,0.205729,0.207945,0.210410,0.212950,0.215731,0.218598,0.221684,0.224854,0.228224,0.231666,0.235303,0.238996,0.242898,0.246847,0.251038,0.255275,0.259796,0.264379,0.269271,0.274254,0.279532,0.284933,0.290561,0.296333,0.302205,0.308220,0.314168,0.320230,0.326049,0.331930,0.337411,0.342895,0.347862,0.352775,0.357099,0.361325,0.364925,0.368399,0.371236,0.373932,0.375993,0.377906,0.379192,0.380325,0.380845,0.381204,0.380980,0.380586,0.379666,0.378568,0.377035,0.375323,0.373305,0.371119,0.368781,0.366296,0.363838,0.361258,0.358908,0.356464,0.354477,0.352434,0.351097,0.349757,0.349386,0.349098,0.350000,1.000000,0.994032,0.988097,0.982094,0.976141,0.970136,0.964184,0.958189,0.952243,0.946258,0.940315,0.934336,0.928391,0.922408,0.916456,0.910458,0.904507,0.898487,0.892582,0.886572,0.880837,0.874963,0.869653,0.864209,0.859728,0.855210,0.852046,0.849037,0.847588,0.846505,0.846910,0.847802,0.849900,0.852484,0.855934,0.859789,0.864217,0.868947,0.874034,0.879331,0.884832,0.890473,0.896215,0.902043,0.907908,0.913822,0.919738,0.925684,0.931612,0.937570,0.943484,0.949446,0.955293,0.961223,0.966881,0.972657,0.977888,0.983245,0.987670,0.992162,0.995296,0.998344,0.999708,1.000494,0.999999,0.998733,0.995927,0.992510,0.988413,0.983893,0.979012,0.973862,0.968540,0.963052,0.957498,0.951841,0.946177,0.940444,0.934743,0.928990,0.923300,0.917569,0.911932,0.906262,0.900716,0.895149,0.889729,0.884302,0.879037,0.873777,0.868686,0.863607,0.858698,0.853802,0.849088,0.844379,0.839883,0.835383,0.831154,0.826918,0.823044,0.819166,0.815775,0.812398,0.809650,0.806953,0.805024,0.803200,0.802248,0.801463,0.801595,0.801950,0.803200,0.804707,0.807028,0.809617,0.812898,0.816435,0.820528,0.824847,0.829589,0.834520,0.839754,0.845141,0.850726,0.856431,0.862244,0.868148,0.874079,0.880075,0.886025,0.892012,0.897894,0.903784,0.909537,0.915266,0.920868,0.926421,0.931897,0.937317,0.942740,0.948119,0.953590,0.959052,0.964664,0.970324,0.976126,0.982044,0.987987,0.994115,1.000000
1.6000,-0.000000,0.000821,0.001406,0.001855,0.002189,0.002430,0.002652,0.002816,0.003036,0.003227,0.003532,0.003827,0.004293,0.004762,0.005464,0.006178,0.007207,0.008258,0.009721,0.011227,0.013250,0.015348,0.018065,0.020903,0.024424,0.028128,0.032504,0.037134,0.042305,0.047787,0.053533,0.059597,0.065541,0.071726,0.077406,0.083175,0.088178,0.093099,0.097180,0.101054,0.104176,0.107044,0.109332,0.111377,0.113030,0.114487,0.115720,0.116808,0.117814,0.118723,0.119669,0.120555,0.121585,0.122586,0.123832,0.125076,0.126667,0.128284,0.130345,0.132464,0.135115,0.137860,0.141206,0.144778,0.150000,0.153201,0.158157,0.163368,0.168952,0.174818,0.180742,0.186908,0.192783,0.198796,0.204225,0.209667,0.214335,0.218907,0.222613,0.226148,0.228797,0.231229,0.232812,0.234149,0.234724,0.235043,0.234735,0.234174,0.233166,0.231927,0.230449,0.228776,0.227091,0.225255,0.223649,0.221943,0.220712,0.219445,0.218886,0.218370,0.218751,0.219270,0.220789,0.222541,0.225278,0.228325,0.232218,0.236455,0.241310,0.246494,0.252024,0.257825,0.263710,0.269787,0.275727,0.281777,0.287527,0.293320,0.298694,0.304063,0.308926,0.313747,0.317998,0.322172,0.325735,0.329185,0.332018,0.334703,0.336812,0.338749,0.340196,0.341466,0.342366,0.343105,0.343608,0.343981,0.344244,0.344419,0.344585,0.344704,0.344886,0.345056,0.345329,0.345617,0.346024,0.346460,0.347022,0.347615,0.348341,0.349098,0.350000,1.000000,0.994042,0.988117,0.982129,0.976185,0.970190,0.964240,0.958245,0.952295,0.946300,0.940354,0.934364,0.928429,0.922449,0.916536,0.910577,0.904713,0.898797,0.893026,0.887197,0.881598,0.875935,0.870637,0.865276,0.860476,0.855628,0.851593,0.847559,0.844613,0.841762,0.840226,0.838924,0.839021,0.839492,0.841249,0.843463,0.846682,0.850346,0.854679,0.859365,0.864434,0.869742,0.875238,0.880878,0.886598,0.892398,0.898223,0.904094,0.909962,0.915863,0.921741,0.927648,0.933512,0.939406,0.945228,0.951084,0.956822,0.962600,0.968186,0.973818,0.979149,0.984531,0.989455,0.994331,1.000000,1.003134,1.006434,1.009666,1.011733,1.013619,1.014214,1.014507,1.013540,1.012188,1.009744,1.006899,1.003204,0.999144,0.994484,0.989527,0.984195,0.978640,0.972900,0.967011,0.961085,0.955078,0.949132,0.943169,0.937301,0.931463,0.925696,0.919981,0.914270,0.908606,0.902872,0.897150,0.891325,0.885458,0.879531,0.873512,0.867571,0.861512,0.855757,0.849900,0.844616,0.839294,0.834796,0.830354,0.826917,0.823638,0.821444,0.819490,0.818605,0.818008,0.818393,0.819078,0.820622,0.822453,0.825014,0.827838,0.831272,0.834943,0.839112,0.843498,0.848269,0.853236,0.858473,0.863881,0.869449,0.875155,0.880931,0.886810,0.892695,0.898655,0.904588,0.910578,0.916526,0.922526,0.928478,0.934481,0.940433,0.946438,0.952386,0.958390,0.964330,0.970327,0.976254,0.982238,0.988148,0.994115,1.000000
1.7000,0.000000,0.000836,0.001349,0.001716,0.001873,0.001915,0.001847,0.001693,0.001523,0.001289,0.001130,0.000926,0.000893,0.000830,0.001048,0.001254,0.001870,0.002497,0.003677,0.004905,0.006823,0.008845,0.011655,0.014644,0.018435,0.022487,0.027232,0.032306,0.037814,0.043672,0.049586,0.055794,0.061637,0.067645,0.072938,0.078225,0.082603,0.086814,0.090104,0.093126,0.095361,0.097295,0.098657,0.099740,0.100493,0.101017,0.101452,0.101718,0.102124,0.102424,0.103076,0.103687,0.104838,0.106019,0.107882,0.109850,0.112572,0.115470,0.119102,0.122962,0.127442,0.132164,0.137335,0.142758,0.150000,0.154284,0.160194,0.166238,0.172179,0.178205,0.183974,0.189773,0.195193,0.200592,0.205525,0.210394,0.214742,0.218998,0.222700,0.226289,0.229306,0.232195,0.234510,0.236681,0.238300,0.239759,0.240720,0.241509,0.241897,0.242107,0.242055,0.241834,0.241524,0.241067,0.240728,0.240275,0.240165,0.239989,0.240387,0.240788,0.241967,0.243240,0.245422,0.247805,0.251105,0.254699,0.259073,0.263791,0.269031,0.274599,0.280379,0.286419,0.292370,0.298489,0.304270,0.310126,0.315457,0.320782,0.325451,0.330044,0.333906,0.337632,0.340609,0.343404,0.345493,0.347371,0.348643,0.349698,0.350282,0.350667,0.350731,0.350630,0.350352,0.349950,0.349497,0.348964,0.348477,0.347951,0.347540,0.347123,0.346866,0.346627,0.346569,0.346545,0.346712,0.346920,0.347321,0.347766,0.348411,0.349098,0.350000,1.000000,0.994068,0.988136,0.982167,0.976215,0.970241,0.964287,0.958319,0.952367,0.946402,0.940450,0.934483,0.928529,0.922554,0.916604,0.910623,0.904701,0.898734,0.892898,0.886999,0.881363,0.875652,0.870403,0.865085,0.860495,0.855878,0.852283,0.848750,0.846499,0.844440,0.843805,0.843505,0.844595,0.846124,0.848831,0.852006,0.856034,0.860473,0.865433,0.870690,0.876208,0.881901,0.887697,0.893573,0.899479,0.905408,0.911346,0.917286,0.923226,0.929172,0.935090,0.941031,0.946873,0.952754,0.958409,0.964106,0.969401,0.974713,0.979432,0.984111,0.988033,0.991844,0.994796,0.997420,1.000000,1.001212,1.001933,1.002437,1.002043,1.001406,0.999933,0.998207,0.995743,0.993034,0.989700,0.986144,0.982077,0.977819,0.973156,0.968333,0.963200,0.957936,0.952450,0.946860,0.941130,0.935323,0.929447,0.923523,0.917582,0.911622,0.905668,0.899719,0.893774,0.887841,0.881897,0.875956,0.870003,0.864024,0.858084,0.852079,0.846244,0.840316,0.834778,0.829156,0.824204,0.819228,0.815196,0.811245,0.808429,0.805809,0.804396,0.803269,0.803306,0.803675,0.805092,0.806849,0.809499,0.812473,0.816167,0.820157,0.824688,0.829477,0.834633,0.839999,0.845574,0.851304,0.857120,0.863037,0.868962,0.874944,0.880898,0.886882,0.892830,0.898797,0.904734,0.910692,0.916626,0.922586,0.928526,0.934500,0.940448,0.946433,0.952387,0.958379,0.964331,0.970321,0.976261,0.982239,0.988158,0.994115,1.000000
1.8000,-0.000000,0.000846,0.001181,0.001331,0.001076,0.000657,-0.000060,-0.000921,-0.001963,-0.003134,-0.004352,-0.005682,-0.006900,-0.008213,-0.009220,-0.010301,-0.010841,-0.011417,-0.011188,-0.010924,-0.009608,-0.008131,-0.005464,-0.002460,0.001635,0.006233,0.011515,0.017344,0.023246,0.029555,0.035365,0.041324,0.046452,0.051490,0.055635,0.059547,0.062685,0.065543,0.067823,0.069842,0.071498,0.072941,0.074229,0.075358,0.076525,0.077588,0.078863,0.080088,0.081681,0.083275,0.085370,0.087520,0.090263,0.093117,0.096605,0.100256,0.104514,0.108976,0.113944,0.119137,0.124666,0.130415,0.136286,0.142313,0.150000,0.154467,0.160194,0.165957,0.171260,0.176530,0.181270,0.185925,0.190029,0.194011,0.197466,0.200777,0.203621,0.206316,0.208623,0.210789,0.212656,0.214400,0.215937,0.217370,0.218691,0.219927,0.221145,0.222298,0.223533,0.224721,0.226099,0.227452,0.229110,0.230770,0.232850,0.234971,0.237611,0.240340,0.243650,0.247105,0.251139,0.255365,0.260097,0.265046,0.270361,0.275885,0.281605,0.287494,0.293414,0.299449,0.305383,0.311380,0.317175,0.322995,0.328536,0.334080,0.339269,0.344450,0.349189,0.353908,0.358082,0.362214,0.365691,0.369087,0.371738,0.374254,0.375980,0.377518,0.378290,0.378836,0.378704,0.378334,0.377421,0.376284,0.374756,0.373036,0.371079,0.368965,0.366765,0.364442,0.362185,0.359832,0.357711,0.355520,0.353751,0.351938,0.350769,0.349596,0.349313,0.349098,0.350000,1.000000,0.994051,0.988106,0.982113,0.976165,0.970196,0.964286,0.958374,0.952512,0.946660,0.940832,0.935016,0.929187,0.923361,0.917493,0.911599,0.905670,0.899667,0.893717,0.887633,0.881826,0.875835,0.870512,0.865025,0.860703,0.856362,0.853616,0.851107,0.850346,0.850065,0.851339,0.853197,0.856203,0.859741,0.864002,0.868658,0.873713,0.879017,0.884515,0.890151,0.895869,0.901656,0.907469,0.913316,0.919155,0.925017,0.930832,0.936672,0.942409,0.948176,0.953749,0.959355,0.964640,0.969949,0.974774,0.979601,0.983763,0.987883,0.991164,0.994344,0.996552,0.998590,0.999580,1.000171,1.000000,0.999474,0.997843,0.995899,0.993191,0.990196,0.986593,0.982739,0.978426,0.973904,0.969055,0.964042,0.958810,0.953457,0.947968,0.942391,0.936738,0.931024,0.925272,0.919477,0.913672,0.907836,0.902008,0.896154,0.890330,0.884481,0.878689,0.872869,0.867150,0.861397,0.855818,0.850199,0.844863,0.839490,0.834541,0.829577,0.825199,0.820850,0.817239,0.813721,0.811046,0.808532,0.806898,0.805477,0.804904,0.804568,0.805003,0.805672,0.807027,0.808591,0.810767,0.813125,0.816043,0.819123,0.822726,0.826487,0.830732,0.835142,0.839975,0.844982,0.850313,0.855818,0.861516,0.867363,0.873266,0.879273,0.885226,0.891226,0.897110,0.902994,0.908749,0.914475,0.920098,0.925681,0.931214,0.936711,0.942221,0.947712,0.953275,0.958849,0.964534,0.970271,0.976109,0.982053,0.988000,0.994115,1.000000
1.9000,0.000000,0.000824,0.001247,0.001492,0.001463,0.001287,0.000958,0.000508,0.000027,-0.000549,-0.001025,-0.001571,-0.001876,-0.002219,-0.002177,-0.002134,-0.001563,-0.000943,0.000326,0.001698,0.003807,0.006075,0.009111,0.012361,0.016339,0.020575,0.025414,0.030541,0.036054,0.041855,0.047748,0.053887,0.059787,0.065847,0.071367,0.076925,0.081734,0.086450,0.090336,0.094027,0.096934,0.099590,0.101598,0.103347,0.104638,0.105693,0.106499,0.107113,0.107692,0.108129,0.108742,0.109268,0.110170,0.111045,0.112476,0.113946,0.116112,0.118391,0.121439,0.124674,0.128657,0.132891,0.137743,0.142929,0.150000,0.154342,0.160263,0.166444,0.172316,0.178361,0.183734,0.189143,0.193614,0.197967,0.201272,0.204332,0.206395,0.208145,0.209065,0.209663,0.209658,0.209368,0.208713,0.207830,0.206809,0.205622,0.204509,0.203286,0.202337,0.201332,0.200790,0.200246,0.200341,0.200491,0.201424,0.202483,0.204407,0.206530,0.209511,0.212753,0.216743,0.221022,0.225856,0.230958,0.236396,0.242042,0.247834,0.253758,0.259693,0.265696,0.271629,0.277587,0.283429,0.289272,0.294962,0.300646,0.306132,0.311611,0.316833,0.322044,0.326918,0.331773,0.336193,0.340574,0.344418,0.348192,0.351337,0.354374,0.356721,0.358916,0.360411,0.361717,0.362371,0.362813,0.362706,0.362385,0.361658,0.360735,0.359578,0.358254,0.356878,0.355376,0.354010,0.352560,0.351434,0.350271,0.349614,0.348970,0.348998,0.349098,0.350000,1.000000,0.994043,0.988104,0.982112,0.976158,0.970174,0.964229,0.958266,0.952332,0.946381,0.940447,0.934491,0.928545,0.922566,0.916612,0.910609,0.904683,0.898693,0.892876,0.886989,0.881422,0.875793,0.870672,0.865516,0.861087,0.856672,0.853206,0.849825,0.847584,0.845521,0.844711,0.844179,0.844901,0.845983,0.848190,0.850797,0.854299,0.858182,0.862690,0.867508,0.872704,0.878116,0.883720,0.889453,0.895265,0.901138,0.907037,0.912959,0.918884,0.924820,0.930743,0.936682,0.942567,0.948487,0.954266,0.960097,0.965643,0.971244,0.976359,0.981509,0.985936,0.990346,0.993797,0.996969,1.000000,1.001458,1.002081,1.002425,1.001439,1.000069,0.997504,0.994500,0.990568,0.986214,0.981262,0.975969,0.970384,0.964578,0.958696,0.952707,0.946753,0.940779,0.934862,0.928969,0.923103,0.917273,0.911424,0.905598,0.899720,0.893837,0.887908,0.881942,0.875989,0.869972,0.864092,0.858135,0.852501,0.846809,0.841655,0.836498,0.832080,0.827743,0.824270,0.820968,0.818554,0.816372,0.815013,0.813908,0.813513,0.813354,0.813789,0.814423,0.815561,0.816856,0.818605,0.820476,0.822786,0.825198,0.828057,0.831014,0.834434,0.837959,0.841948,0.846059,0.850606,0.855289,0.860345,0.865541,0.871012,0.876612,0.882375,0.888235,0.894153,0.900125,0.906078,0.912040,0.917949,0.923830,0.929670,0.935464,0.941257,0.947005,0.952800,0.958570,0.964416,0.970269,0.976186,0.982142,0.988096,0.994115,1.000000
2.0000,0.000000,0.000925,0.001724,0.002513,0.003154,0.003773,0.004230,0.004650,0.004915,0.005125,0.005219,0.005242,0.005231,0.005138,0.005136,0.005054,0.005232,0.005345,0.005927,0.006479,0.007727,0.009014,0.011202,0.013539,0.016878,0.020517,0.025053,0.030031,0.035533,0.041522,0.047461,0.053769,0.059468,0.065292,0.070171,0.074929,0.078688,0.082169,0.084801,0.087109,0.088812,0.090220,0.091285,0.092117,0.092846,0.093416,0.094091,0.094677,0.095539,0.096377,0.097626,0.098906,0.100697,0.102566,0.105010,0.107571,0.110740,0.114061,0.117987,0.122098,0.126762,0.131647,0.136964,0.142560,0.150000,0.154508,0.160456,0.166605,0.172271,0.178019,0.183002,0.187918,0.191933,0.195754,0.198690,0.201360,0.203275,0.204909,0.205975,0.206787,0.207229,0.207465,0.207520,0.207423,0.207316,0.207109,0.207042,0.206923,0.207075,0.207217,0.207743,0.208298,0.209328,0.210423,0.212064,0.213801,0.216132,0.218589,0.221656,0.224877,0.228686,0.232674,0.237184,0.241886,0.247002,0.252309,0.257885,0.263635,0.269493,0.275489,0.281439,0.287483,0.293339,0.299246,0.304845,0.310456,0.315657,0.320837,0.325519,0.330149,0.334205,0.338177,0.341520,0.344744,0.347316,0.349735,0.351524,0.353134,0.354180,0.355036,0.355434,0.355648,0.355530,0.355250,0.354768,0.354158,0.353467,0.352685,0.351929,0.351117,0.350420,0.349700,0.349165,0.348634,0.348346,0.348082,0.348116,0.348189,0.348618,0.349098,0.350000,1.000000,0.994098,0.988198,0.982275,0.976356,0.970412,0.964476,0.958515,0.952567,0.946597,0.940644,0.934673,0.928719,0.922750,0.916796,0.910822,0.904871,0.898885,0.892959,0.886967,0.881146,0.875216,0.869679,0.864005,0.859076,0.854037,0.850182,0.846345,0.844075,0.842049,0.841736,0.841895,0.843587,0.845863,0.849260,0.853198,0.857810,0.862816,0.868154,0.873727,0.879431,0.885252,0.891109,0.897016,0.902926,0.908858,0.914774,0.920711,0.926602,0.932521,0.938343,0.944199,0.949878,0.955591,0.961020,0.966480,0.971520,0.976580,0.981056,0.985533,0.989234,0.992904,0.995583,0.997994,1.000000,1.000798,1.000538,0.999945,0.998116,0.995877,0.992618,0.988942,0.984546,0.979797,0.974617,0.969189,0.963552,0.957771,0.951913,0.945991,0.940054,0.934100,0.928147,0.922198,0.916245,0.910299,0.904346,0.898392,0.892440,0.886477,0.880547,0.874597,0.868733,0.862845,0.857122,0.851377,0.845898,0.840407,0.835304,0.830206,0.825632,0.821091,0.817207,0.813398,0.810358,0.807441,0.805368,0.803466,0.802435,0.801612,0.801641,0.801898,0.802956,0.804244,0.806264,0.808507,0.811402,0.814510,0.818187,0.822066,0.826424,0.830972,0.835898,0.841000,0.846369,0.851889,0.857567,0.863363,0.869225,0.875165,0.881106,0.887091,0.893044,0.899017,0.904951,0.910895,0.916809,0.922733,0.928639,0.934562,0.940475,0.946415,0.952345,0.958309,0.964256,0.970243,0.976197,0.982193,0.988132,0.994115,1.000000
2.1000,0.000000,0.000803,0.000918,0.000751,0.000090,-0.000810,-0.002010,-0.003406,-0.004905,-0.006560,-0.008113,-0.009783,-0.011132,-0.012556,-0.013427,-0.014318,-0.014424,-0.014472,-0.013539,-0.012444,-0.010263,-0.007800,-0.004296,-0.000405,0.004300,0.009443,0.015014,0.020993,0.026935,0.033170,0.038935,0.044821,0.049927,0.054980,0.059115,0.063056,0.066112,0.068889,0.070938,0.072686,0.073936,0.074911,0.075651,0.076166,0.076716,0.077106,0.077793,0.078395,0.079533,0.080670,0.082530,0.084486,0.087263,0.090230,0.093997,0.098022,0.102703,0.107662,0.113047,0.118673,0.124480,0.130447,0.136399,0.142386,0.150000,0.154317,0.160004,0.165694,0.171079,0.176438,0.181433,0.186378,0.190915,0.195377,0.199406,0.203340,0.206838,0.210222,0.213197,0.216043,0.218540,0.220902,0.223003,0.224978,0.226796,0.228510,0.230175,0.231770,0.233411,0.235017,0.236742,0.238466,0.240357,0.242267,0.244381,0.246521,0.248902,0.251306,0.254010,0.256733,0.259842,0.262981,0.266605,0.270300,0.274555,0.278954,0.283896,0.289072,0.294627,0.300472,0.306385,0.312557,0.318434,0.324450,0.329885,0.335309,0.340013,0.344589,0.348442,0.352111,0.355124,0.357948,0.360204,0.362291,0.363885,0.365337,0.366348,0.367237,0.367719,0.368088,0.368078,0.367956,0.367488,0.366903,0.366025,0.365026,0.363814,0.362481,0.361037,0.359481,0.357939,0.356301,0.354821,0.353267,0.352035,0.350755,0.349983,0.349197,0.349130,0.349098,0.350000,1.000000,0.994010,0.988057,0.982051,0.976134,0.970219,0.964387,0.958586,0.952824,0.947098,0.941350,0.935620,0.929821,0.924004,0.918114,0.912155,0.906202,0.900130,0.894250,0.888222,0.882683,0.877016,0.872203,0.867349,0.863701,0.860156,0.858058,0.856231,0.855911,0.856000,0.857466,0.859410,0.862453,0.865960,0.870231,0.874885,0.879990,0.885360,0.890948,0.896685,0.902506,0.908388,0.914296,0.920219,0.926147,0.932081,0.937995,0.943931,0.949775,0.955666,0.961322,0.967034,0.972301,0.977598,0.982210,0.986784,0.990464,0.994010,0.996549,0.998859,1.000173,1.001195,1.001332,1.001032,1.000000,0.999192,0.997429,0.995475,0.992935,0.990213,0.986973,0.983564,0.979707,0.975695,0.971312,0.966789,0.961971,0.957032,0.951875,0.946619,0.941214,0.935733,0.930162,0.924538,0.918868,0.913163,0.907446,0.901707,0.895983,0.890244,0.884546,0.878839,0.873193,0.867544,0.861978,0.856408,0.850951,0.845484,0.840180,0.834854,0.829777,0.824663,0.819942,0.815173,0.811012,0.806818,0.803507,0.800226,0.798099,0.796127,0.795471,0.795121,0.796056,0.797402,0.799829,0.802681,0.806329,0.810341,0.814879,0.819690,0.824825,0.830147,0.835657,0.841292,0.847029,0.852851,0.858719,0.864650,0.870584,0.876567,0.882521,0.888513,0.894448,0.900410,0.906299,0.912202,0.918031,0.923864,0.929640,0.935416,0.941167,0.946924,0.952691,0.958481,0.964306,0.970181,0.976084,0.982075,0.988028,0.994115,1.000000
2.2000,0.000000,0.000837,0.001388,0.001802,0.002042,0.002172,0.002234,0.002213,0.002225,0.002179,0.002264,0.002317,0.002597,0.002869,0.003462,0.004073,0.005100,0.006170,0.007747,0.009396,0.011636,0.013982,0.016984,0.020133,0.023963,0.027994,0.032656,0.037579,0.042967,0.048663,0.054519,0.060683,0.066591,0.072724,0.078185,0.083703,0.088263,0.092687,0.096084,0.099201,0.101420,0.103304,0.104534,0.105448,0.105987,0.106272,0.106448,0.106444,0.106571,0.106592,0.106954,0.107279,0.108120,0.108990,0.110512,0.112126,0.114480,0.116989,0.120263,0.123749,0.127946,0.132405,0.137431,0.142787,0.150000,0.154439,0.160386,0.166537,0.172382,0.178332,0.183768,0.189214,0.194008,0.198727,0.202728,0.206585,0.209726,0.212677,0.214974,0.217058,0.218600,0.219931,0.220866,0.221611,0.222119,0.222475,0.222752,0.222920,0.223154,0.223325,0.223688,0.224029,0.224668,0.225321,0.226366,0.227452,0.229018,0.230650,0.232843,0.235131,0.238043,0.241091,0.244786,0.248665,0.253144,0.257851,0.263025,0.268445,0.274125,0.280029,0.285958,0.292049,0.297950,0.303938,0.309566,0.315211,0.320376,0.325505,0.330068,0.334555,0.338418,0.342170,0.345266,0.348219,0.350518,0.352646,0.354166,0.355497,0.356304,0.356923,0.357131,0.357168,0.356915,0.356520,0.355954,0.355279,0.354536,0.353717,0.352916,0.352067,0.351310,0.350527,0.349906,0.349273,0.348877,0.348484,0.348409,0.348351,0.348706,0.349098,0.350000,1.000000,0.994071,0.988143,0.982179,0.976230,0.970259,0.964305,0.958335,0.952381,0.946411,0.940458,0.934484,0.928537,0.922563,0.916639,0.910682,0.904818,0.898914,0.893173,0.887388,0.881872,0.876309,0.871168,0.865984,0.861427,0.856847,0.853146,0.849471,0.846944,0.844538,0.843495,0.842710,0.843361,0.844413,0.846765,0.849602,0.853423,0.857708,0.862595,0.867834,0.873358,0.879091,0.884916,0.890833,0.896762,0.902716,0.908667,0.914620,0.920572,0.926534,0.932476,0.938448,0.944342,0.950283,0.956040,0.961853,0.967321,0.972841,0.977814,0.982813,0.987035,0.991233,0.994425,0.997328,1.000000,1.001121,1.001415,1.001383,1.000249,0.998763,0.996335,0.993560,0.990029,0.986180,0.981771,0.977091,0.972032,0.966763,0.961270,0.955627,0.949876,0.944032,0.938152,0.932221,0.926288,0.920329,0.914382,0.908416,0.902467,0.896498,0.890556,0.884589,0.878670,0.872722,0.866861,0.860967,0.855223,0.849442,0.843907,0.838335,0.833143,0.827921,0.823254,0.818585,0.814667,0.810803,0.807867,0.805063,0.803298,0.801750,0.801257,0.801040,0.801811,0.802882,0.804820,0.807048,0.810009,0.813232,0.817056,0.821112,0.825642,0.830375,0.835461,0.840720,0.846212,0.851842,0.857599,0.863455,0.869354,0.875313,0.881264,0.887243,0.893192,0.899151,0.905078,0.911008,0.916915,0.922827,0.928726,0.934635,0.940541,0.946462,0.952383,0.958326,0.964267,0.970237,0.976190,0.982181,0.988124,0.994115,1.000000
2.3000,0.000000,0.000771,0.001009,0.000989,0.000643,0.000102,-0.000598,-0.001436,-0.002299,-0.003256,-0.004118,-0.005042,-0.005757,-0.006509,-0.006925,-0.007357,-0.007307,-0.007243,-0.006536,-0.005770,-0.004203,-0.002507,0.000095,0.002922,0.006648,0.010696,0.015475,0.020636,0.026202,0.032132,0.038063,0.044255,0.050076,0.056009,0.061322,0.066602,0.071156,0.075567,0.079273,0.082776,0.085681,0.088369,0.090612,0.092654,0.094422,0.096024,0.097518,0.098891,0.100310,0.101653,0.103181,0.104675,0.106473,0.108279,0.110490,0.112746,0.115489,0.118316,0.121684,0.125176,0.129226,0.133442,0.138178,0.143174,0.150000,0.154166,0.159980,0.166000,0.171954,0.178066,0.183882,0.189805,0.195199,0.200633,0.205318,0.209955,0.213675,0.217244,0.219829,0.222168,0.223578,0.224685,0.225028,0.225062,0.224555,0.223774,0.222695,0.221398,0.220043,0.218529,0.217187,0.215745,0.214697,0.213609,0.213124,0.212665,0.212988,0.213414,0.214740,0.216253,0.218691,0.221389,0.224926,0.228764,0.233263,0.238058,0.243288,0.248767,0.254464,0.260342,0.266259,0.272290,0.278228,0.284226,0.290029,0.295857,0.301399,0.306943,0.312108,0.317254,0.321926,0.326551,0.330611,0.334588,0.337938,0.341162,0.343741,0.346156,0.347964,0.349585,0.350683,0.351592,0.352089,0.352415,0.352450,0.352342,0.352061,0.351670,0.351212,0.350676,0.350169,0.349611,0.349173,0.348707,0.348446,0.348180,0.348203,0.348239,0.348651,0.349098,0.350000,1.000000,0.993997,0.988048,0.982029,0.976085,0.970108,0.964195,0.958262,0.952371,0.946460,0.940568,0.934650,0.928740,0.922793,0.916853,0.910863,0.904910,0.898885,0.892974,0.886968,0.881224,0.875371,0.870016,0.864566,0.859923,0.855252,0.851702,0.848250,0.846145,0.844292,0.843840,0.843767,0.844970,0.846610,0.849277,0.852364,0.856191,0.860367,0.865024,0.869939,0.875135,0.880504,0.886019,0.891640,0.897326,0.903075,0.908838,0.914641,0.920423,0.926235,0.931990,0.937773,0.943449,0.949155,0.954683,0.960243,0.965527,0.970841,0.975751,0.980681,0.985045,0.989409,0.993016,0.996443,1.000000,1.001726,1.003010,1.004073,1.004084,1.003842,1.002570,1.001018,0.998497,0.995666,0.991992,0.987990,0.983341,0.978381,0.973017,0.967403,0.961618,0.955677,0.949733,0.943729,0.937797,0.931877,0.926021,0.920212,0.914414,0.908661,0.902860,0.897077,0.891216,0.885332,0.879398,0.873401,0.867456,0.861422,0.855618,0.849731,0.844300,0.838831,0.834044,0.829298,0.825403,0.821640,0.818806,0.816176,0.814466,0.812997,0.812382,0.812013,0.812414,0.813043,0.814371,0.815901,0.818076,0.820434,0.823394,0.826532,0.830223,0.834091,0.838445,0.842976,0.847898,0.852986,0.858352,0.863857,0.869530,0.875303,0.881155,0.887067,0.893001,0.898961,0.904915,0.910874,0.916822,0.922765,0.928701,0.934633,0.940565,0.946496,0.952434,0.958376,0.964324,0.970283,0.976237,0.982210,0.988149,0.994115,1.000000
2.4000,-0.000000,0.000881,0.001483,0.001993,0.002272,0.002466,0.002482,0.002416,0.002242,0.001986,0.001715,0.001367,0.001124,0.000813,0.000758,0.000654,0.000982,0.001292,0.002227,0.003197,0.004973,0.006863,0.009680,0.012722,0.016678,0.020979,0.025989,0.031425,0.037165,0.043314,0.049253,0.055464,0.061008,0.066614,0.071286,0.075821,0.079377,0.082667,0.085100,0.087222,0.088702,0.089889,0.090677,0.091220,0.091609,0.091812,0.092094,0.092251,0.092707,0.093101,0.093998,0.094900,0.096482,0.098143,0.100606,0.103233,0.106692,0.110398,0.114845,0.119598,0.124872,0.130466,0.136270,0.142312,0.150000,0.154538,0.160220,0.165942,0.171087,0.176177,0.180626,0.184959,0.188645,0.192176,0.195096,0.197843,0.200051,0.202079,0.203670,0.205086,0.206192,0.207137,0.207918,0.208564,0.209203,0.209739,0.210430,0.211059,0.212001,0.212929,0.214309,0.215729,0.217704,0.219775,0.222453,0.225275,0.228694,0.232291,0.236419,0.240737,0.245483,0.250408,0.255647,0.261038,0.266631,0.272347,0.278166,0.284078,0.290008,0.296009,0.301950,0.307943,0.313796,0.319686,0.325348,0.331034,0.336390,0.341754,0.346674,0.351580,0.355921,0.360216,0.363831,0.367355,0.370110,0.372722,0.374521,0.376125,0.376937,0.377516,0.377390,0.377015,0.376075,0.374897,0.373324,0.371545,0.369549,0.367388,0.365185,0.362860,0.360659,0.358378,0.356385,0.354349,0.352765,0.351177,0.350210,0.349281,0.349144,0.349098,0.350000,1.000000,0.994085,0.988162,0.982207,0.976259,0.970288,0.964334,0.958364,0.952412,0.946450,0.940502,0.934544,0.928596,0.922632,0.916678,0.910696,0.904751,0.898753,0.892873,0.886908,0.881226,0.875433,0.870187,0.864838,0.860390,0.855904,0.852690,0.849585,0.848015,0.846748,0.847056,0.847832,0.849976,0.852652,0.856328,0.860484,0.865254,0.870377,0.875809,0.881455,0.887221,0.893092,0.898993,0.904932,0.910873,0.916823,0.922770,0.928726,0.934663,0.940626,0.946512,0.952449,0.958189,0.963997,0.969418,0.974903,0.979749,0.984620,0.988580,0.992482,0.995245,0.997839,0.999169,1.000018,1.000000,0.999458,0.997678,0.995508,0.992511,0.989173,0.985216,0.980980,0.976304,0.971409,0.966220,0.960869,0.955340,0.949698,0.943961,0.938151,0.932301,0.926409,0.920507,0.914581,0.908662,0.902726,0.896812,0.890879,0.885000,0.879093,0.873302,0.867477,0.861860,0.856217,0.850900,0.845577,0.840703,0.835861,0.831572,0.827358,0.823765,0.820287,0.817461,0.814776,0.812746,0.810870,0.809634,0.808555,0.808101,0.807799,0.808112,0.808574,0.809649,0.810871,0.812707,0.814694,0.817293,0.820051,0.823403,0.826928,0.831002,0.835263,0.839993,0.844917,0.850195,0.855658,0.861333,0.867164,0.873062,0.879066,0.885018,0.891019,0.896898,0.902772,0.908514,0.914217,0.919827,0.925387,0.930918,0.936411,0.941944,0.947465,0.953075,0.958708,0.964447,0.970245,0.976120,0.982087,0.988040,0.994115,1.000000
2.5000,-0.000000,0.000790,0.000846,0.000596,-0.000171,-0.001196,-0.002530,-0.004072,-0.005721,-0.007531,-0.009244,-0.011074,-0.012595,-0.014185,-0.015248,-0.016323,-0.016659,-0.016932,-0.016296,-0.015505,-0.013714,-0.011677,-0.008661,-0.005324,-0.001153,0.003376,0.008489,0.013952,0.019680,0.025702,0.031649,0.037797,0.043563,0.049411,0.054658,0.059865,0.064362,0.068718,0.072373,0.075822,0.078677,0.081304,0.083500,0.085485,0.087224,0.088790,0.090299,0.091682,0.093184,0.094613,0.096317,0.097999,0.100087,0.102205,0.104827,0.107527,0.110793,0.114183,0.118150,0.122284,0.126949,0.131815,0.137100,0.142634,0.150000,0.154425,0.160378,0.166495,0.172327,0.178248,0.183674,0.189105,0.193886,0.198590,0.202561,0.206383,0.209468,0.212355,0.214569,0.216561,0.218000,0.219219,0.220038,0.220661,0.221057,0.221292,0.221473,0.221539,0.221715,0.221825,0.222190,0.222537,0.223261,0.224011,0.225232,0.226519,0.228341,0.230262,0.232761,0.235386,0.238607,0.241980,0.245935,0.250071,0.254730,0.259597,0.264867,0.270358,0.276074,0.281998,0.287933,0.294029,0.299923,0.305907,0.311520,0.317147,0.322296,0.327399,0.331976,0.336469,0.340424,0.344278,0.347598,0.350813,0.353498,0.356076,0.358124,0.360060,0.361469,0.362754,0.363528,0.364163,0.364328,0.364340,0.363952,0.363406,0.362558,0.361556,0.360373,0.359051,0.357684,0.356199,0.354822,0.353349,0.352156,0.350893,0.350112,0.349289,0.349191,0.349098,0.350000,1.000000,0.993991,0.988037,0.982023,0.976119,0.970219,0.964416,0.958649,0.952928,0.947245,0.941543,0.935861,0.930104,0.924330,0.918472,0.912549,0.906604,0.900553,0.894633,0.888589,0.882911,0.877131,0.871998,0.866827,0.862579,0.858390,0.855342,0.852463,0.850849,0.849505,0.849435,0.849714,0.851158,0.852990,0.855787,0.858964,0.862858,0.867079,0.871776,0.876720,0.881943,0.887332,0.892866,0.898498,0.904192,0.909940,0.915700,0.921492,0.927253,0.933041,0.938746,0.944478,0.950053,0.955658,0.961003,0.966374,0.971353,0.976345,0.980784,0.985212,0.988912,0.992562,0.995304,0.997775,1.000000,1.000923,1.001054,1.000905,0.999705,0.998189,0.995736,0.992960,0.989412,0.985556,0.981119,0.976417,0.971324,0.966026,0.960498,0.954828,0.949051,0.943188,0.937291,0.931352,0.925411,0.919454,0.913503,0.907543,0.901592,0.895628,0.889686,0.883722,0.877812,0.871874,0.866047,0.860189,0.854521,0.848825,0.843422,0.837998,0.832991,0.827978,0.823531,0.819102,0.815400,0.811759,0.809000,0.806364,0.804720,0.803271,0.802853,0.802695,0.803519,0.804641,0.806623,0.808908,0.811895,0.815158,0.818965,0.823007,0.827457,0.832100,0.837042,0.842141,0.847455,0.852902,0.858493,0.864198,0.869983,0.875869,0.881773,0.887761,0.893713,0.899730,0.905671,0.911658,0.917551,0.923473,0.929308,0.935165,0.940960,0.946778,0.952571,0.958402,0.964235,0.970133,0.976035,0.982043,0.987996,0.994115,1.000000
2.6000,0.000000,0.000861,0.001599,0.002264,0.002875,0.003434,0.004003,0.004539,0.005143,0.005730,0.006439,0.007145,0.008022,0.008909,0.010022,0.011151,0.012573,0.014020,0.015840,0.017696,0.020021,0.022403,0.025356,0.028403,0.032100,0.035954,0.040466,0.045221,0.050506,0.056121,0.061946,0.068132,0.074044,0.080232,0.085642,0.091120,0.095491,0.099688,0.102728,0.105429,0.107158,0.108500,0.109166,0.109486,0.109447,0.109138,0.108764,0.108206,0.107842,0.107375,0.107330,0.107260,0.107804,0.108396,0.109746,0.111217,0.113527,0.116029,0.119369,0.122963,0.127297,0.131932,0.137111,0.142633,0.150000,0.154520,0.160472,0.166618,0.172344,0.178148,0.183319,0.188454,0.192838,0.197091,0.200571,0.203855,0.206424,0.208768,0.210512,0.212032,0.213099,0.213964,0.214537,0.214945,0.215216,0.215364,0.215519,0.215594,0.215807,0.215979,0.216404,0.216825,0.217599,0.218403,0.219646,0.220949,0.222761,0.224662,0.227122,0.229700,0.232861,0.236168,0.240052,0.244107,0.248689,0.253468,0.258669,0.264085,0.269759,0.275650,0.281576,0.287694,0.293588,0.299611,0.305163,0.310750,0.315681,0.320544,0.324661,0.328623,0.331849,0.334867,0.337231,0.339374,0.340986,0.342394,0.343406,0.344248,0.344822,0.345265,0.345550,0.345743,0.345860,0.345920,0.345960,0.345971,0.345994,0.346005,0.346048,0.346086,0.346172,0.346255,0.346407,0.346555,0.346806,0.347054,0.347454,0.347857,0.348470,0.349098,0.350000,1.000000,0.994085,0.988177,0.982240,0.976318,0.970370,0.964444,0.958495,0.952572,0.946627,0.940715,0.934782,0.928893,0.922982,0.917133,0.911260,0.905479,0.899669,0.894000,0.888296,0.882815,0.877288,0.872119,0.866893,0.862227,0.857508,0.853625,0.849724,0.846988,0.844332,0.843129,0.842176,0.842790,0.843845,0.846310,0.849329,0.853365,0.857920,0.863037,0.868522,0.874218,0.880107,0.886023,0.892000,0.897954,0.903904,0.909846,0.915773,0.921716,0.927664,0.933617,0.939608,0.945537,0.951529,0.957328,0.963201,0.968689,0.974238,0.979167,0.984119,0.988201,0.992239,0.995177,0.997782,1.000000,1.000847,1.000710,1.000216,0.998587,0.996572,0.993621,0.990298,0.986270,0.981917,0.977086,0.972001,0.966630,0.961081,0.955388,0.949586,0.943729,0.937813,0.931886,0.925933,0.919985,0.914025,0.908073,0.902111,0.896160,0.890196,0.884257,0.878298,0.872395,0.866465,0.860643,0.854791,0.849120,0.843421,0.838000,0.832559,0.827515,0.822464,0.817954,0.813459,0.809663,0.805916,0.803030,0.800241,0.798457,0.796836,0.796311,0.796024,0.796845,0.797972,0.800118,0.802609,0.805944,0.809619,0.813919,0.818512,0.823517,0.828743,0.834208,0.839821,0.845553,0.851374,0.857241,0.863156,0.869082,0.875033,0.880980,0.886940,0.892893,0.898855,0.904809,0.910771,0.916725,0.922689,0.928643,0.934607,0.940560,0.946525,0.952477,0.958442,0.964391,0.970354,0.976294,0.982251,0.988173,0.994115,1.000000
2.7000,-0.000000,0.000753,0.000628,0.000120,-0.000973,-0.002374,-0.004097,-0.006052,-0.008095,-0.010305,-0.012386,-0.014581,-0.016429,-0.018343,-0.019685,-0.021040,-0.021595,-0.022092,-0.021586,-0.020925,-0.019137,-0.017075,-0.013907,-0.010350,-0.005898,-0.000996,0.004423,0.010261,0.016165,0.022364,0.028233,0.034228,0.039635,0.045015,0.049705,0.054264,0.058152,0.061854,0.064976,0.067898,0.070372,0.072657,0.074641,0.076460,0.078135,0.079675,0.081235,0.082692,0.084341,0.085925,0.087875,0.089808,0.092269,0.094775,0.097928,0.101204,0.105168,0.109336,0.114118,0.119167,0.124631,0.130377,0.136252,0.142326,0.150000,0.154473,0.160081,0.165679,0.170799,0.175844,0.180429,0.184917,0.188981,0.192949,0.196528,0.200018,0.203142,0.206184,0.208872,0.211480,0.213748,0.215930,0.217797,0.219568,0.221070,0.222468,0.223670,0.224766,0.225765,0.226666,0.227592,0.228438,0.229451,0.230412,0.231689,0.232952,0.234678,0.236438,0.238786,0.241225,0.244332,0.247593,0.251528,0.255675,0.260411,0.265399,0.270798,0.276454,0.282277,0.288321,0.294269,0.300365,0.306133,0.311960,0.317287,0.322590,0.327294,0.331907,0.335885,0.339731,0.342949,0.346012,0.348487,0.350800,0.352582,0.354205,0.355365,0.356374,0.356994,0.357478,0.357645,0.357693,0.357497,0.357198,0.356725,0.356165,0.355499,0.354761,0.353986,0.353152,0.352358,0.351515,0.350797,0.350044,0.349516,0.348967,0.348758,0.348547,0.348810,0.349098,0.350000,1.000000,0.993943,0.987991,0.981973,0.976120,0.970290,0.964590,0.958947,0.953355,0.947814,0.942235,0.936679,0.931019,0.925337,0.919536,0.913659,0.907731,0.901675,0.895742,0.889648,0.883969,0.878142,0.873101,0.867994,0.864042,0.860175,0.857712,0.855510,0.854766,0.854420,0.855388,0.856809,0.859279,0.862176,0.865829,0.869833,0.874336,0.879098,0.884166,0.889409,0.894824,0.900351,0.905964,0.911646,0.917359,0.923116,0.928862,0.934641,0.940362,0.946118,0.951743,0.957413,0.962835,0.968309,0.973359,0.978456,0.982898,0.987349,0.990896,0.994375,0.996740,0.998933,0.999899,1.000398,1.000000,0.999171,0.997170,0.994780,0.991741,0.988403,0.984605,0.980585,0.976234,0.971721,0.966962,0.962082,0.957013,0.951848,0.946536,0.941144,0.935639,0.930067,0.924413,0.918703,0.912941,0.907135,0.901304,0.895439,0.889569,0.883675,0.877793,0.871890,0.866023,0.860129,0.854315,0.848464,0.842766,0.837025,0.831554,0.826038,0.820960,0.815852,0.811387,0.806932,0.803330,0.799806,0.797308,0.794974,0.793760,0.792793,0.792939,0.793393,0.794861,0.796660,0.799316,0.802289,0.805938,0.809867,0.814297,0.818957,0.823966,0.829155,0.834570,0.840121,0.845802,0.851581,0.857420,0.863328,0.869250,0.875217,0.881168,0.887150,0.893101,0.899073,0.905008,0.910959,0.916875,0.922806,0.928710,0.934629,0.940530,0.946451,0.952361,0.958298,0.964229,0.970196,0.976146,0.982148,0.988097,0.994115,1.000000
2.8000,0.000000,0.000796,0.001044,0.001045,0.000689,0.000135,-0.000595,-0.001476,-0.002365,-0.003361,-0.004202,-0.005110,-0.005704,-0.006325,-0.006480,-0.006618,-0.006152,-0.005619,-0.004367,-0.002993,-0.000830,0.001514,0.004657,0.008034,0.012141,0.016523,0.021479,0.026728,0.032314,0.038177,0.044090,0.050222,0.056109,0.062128,0.067647,0.073192,0.078061,0.082849,0.086887,0.090761,0.093909,0.096845,0.099158,0.101244,0.102857,0.104258,0.105360,0.106279,0.107087,0.107749,0.108494,0.109134,0.110059,0.110924,0.112278,0.113627,0.115662,0.117768,0.120709,0.123827,0.127819,0.132123,0.137146,0.142635,0.150000,0.154759,0.160664,0.166778,0.172176,0.177558,0.182104,0.186488,0.190069,0.193421,0.196090,0.198521,0.200429,0.202120,0.203453,0.204606,0.205563,0.206380,0.207153,0.207827,0.208596,0.209308,0.210239,0.211154,0.212389,0.213652,0.215309,0.217031,0.219189,0.221444,0.224145,0.226962,0.230212,0.233585,0.237362,0.241261,0.245529,0.249912,0.254629,0.259457,0.264580,0.269813,0.275290,0.280883,0.286640,0.292524,0.298451,0.304507,0.310431,0.316471,0.322162,0.327927,0.333120,0.338312,0.342748,0.347091,0.350574,0.353879,0.356316,0.358515,0.359929,0.361081,0.361587,0.361843,0.361620,0.361179,0.360429,0.359506,0.358430,0.357230,0.356013,0.354719,0.353521,0.352288,0.351237,0.350189,0.349384,0.348611,0.348115,0.347673,0.347521,0.347435,0.347638,0.347912,0.348470,0.349098,0.350000,1.000000,0.994031,0.988082,0.982087,0.976144,0.970193,0.964284,0.958382,0.952495,0.946612,0.940717,0.934814,0.928890,0.922936,0.916985,0.910983,0.905047,0.899045,0.893224,0.887331,0.881784,0.876177,0.871121,0.866038,0.861728,0.857451,0.854153,0.850968,0.848918,0.847072,0.846431,0.846077,0.846897,0.848065,0.850275,0.852854,0.856272,0.860038,0.864410,0.869073,0.874125,0.879393,0.884879,0.890509,0.896239,0.902056,0.907907,0.913805,0.919704,0.925632,0.931539,0.937478,0.943360,0.949289,0.955086,0.960958,0.966554,0.972252,0.977429,0.982722,0.987139,0.991639,0.994835,0.997746,1.000000,1.000606,0.999848,0.998525,0.996014,0.992979,0.989133,0.984873,0.980116,0.975067,0.969745,0.964237,0.958597,0.952847,0.947044,0.941180,0.935304,0.929394,0.923490,0.917565,0.911661,0.905737,0.899856,0.893955,0.888130,0.882285,0.876567,0.870833,0.865284,0.859732,0.854426,0.849133,0.844145,0.839186,0.834584,0.830025,0.825874,0.821775,0.818146,0.814572,0.811545,0.808580,0.806258,0.804012,0.802520,0.801131,0.800606,0.800228,0.800797,0.801570,0.803313,0.805318,0.808230,0.811445,0.815415,0.819696,0.824524,0.829625,0.835056,0.840692,0.846476,0.852385,0.858317,0.864305,0.870255,0.876211,0.882118,0.888006,0.893862,0.899694,0.905523,0.911335,0.917167,0.922996,0.928856,0.934725,0.940624,0.946539,0.952472,0.958422,0.964374,0.970341,0.976291,0.982253,0.988181,0.994115,1.000000
2.9000,0.000000,0.000828,0.001166,0.001301,0.001087,0.000699,0.000105,-0.000631,-0.001425,-0.002332,-0.003138,-0.004026,-0.004645,-0.005312,-0.005536,-0.005763,-0.005380,-0.004944,-0.003759,-0.002453,-0.000317,0.002012,0.005166,0.008574,0.012709,0.017128,0.022096,0.027344,0.032914,0.038725,0.044616,0.050689,0.056614,0.062656,0.068351,0.074094,0.079328,0.084540,0.089126,0.093624,0.097441,0.101113,0.104118,0.106936,0.109167,0.111192,0.112764,0.114134,0.115220,0.116127,0.116943,0.117615,0.118398,0.119081,0.120081,0.121030,0.122499,0.123979,0.126160,0.128430,0.131530,0.134823,0.138965,0.143514,0.150000,0.154295,0.160146,0.166334,0.172256,0.178346,0.183898,0.189465,0.194353,0.199145,0.203227,0.207150,0.210405,0.213476,0.215958,0.218258,0.220061,0.221697,0.222931,0.224015,0.224790,0.225433,0.225862,0.226175,0.226377,0.226479,0.226587,0.226611,0.226776,0.226879,0.227272,0.227634,0.228444,0.229264,0.230684,0.232170,0.234377,0.236717,0.239835,0.243158,0.247221,0.251550,0.256469,0.261684,0.267248,0.273089,0.278995,0.285113,0.291025,0.297054,0.302669,0.308305,0.313401,0.318437,0.322883,0.327217,0.330965,0.334575,0.337636,0.340553,0.342972,0.345253,0.347091,0.348800,0.350119,0.351321,0.352180,0.352932,0.353386,0.353741,0.353844,0.353854,0.353664,0.353387,0.352975,0.352479,0.351930,0.351304,0.350726,0.350081,0.349605,0.349078,0.348864,0.348621,0.348858,0.349098,0.350000,1.000000,0.994058,0.988114,0.982135,0.976185,0.970230,0.964306,0.958392,0.952491,0.946604,0.940705,0.934809,0.928888,0.922950,0.917001,0.911010,0.905068,0.899062,0.893227,0.887318,0.881761,0.876145,0.871096,0.866037,0.861754,0.857532,0.854253,0.851116,0.849019,0.847133,0.846313,0.845754,0.846225,0.846986,0.848692,0.850697,0.853526,0.856649,0.860442,0.864507,0.869075,0.873877,0.879017,0.884342,0.889862,0.895513,0.901255,0.907081,0.912935,0.918838,0.924736,0.930668,0.936571,0.942511,0.948380,0.954305,0.960075,0.965928,0.971468,0.977117,0.982200,0.987403,0.991680,0.995840,1.000000,1.001942,1.003047,1.003758,1.003141,1.002076,0.999924,0.997342,0.993942,0.990176,0.985842,0.981224,0.976238,0.971047,0.965635,0.960082,0.954408,0.948641,0.942816,0.936932,0.931029,0.925090,0.919152,0.913193,0.907242,0.901280,0.895327,0.889363,0.883412,0.877444,0.871503,0.865532,0.859634,0.853689,0.847907,0.842064,0.836535,0.830945,0.825875,0.820770,0.816422,0.812100,0.808756,0.805527,0.803425,0.801538,0.800822,0.800402,0.801084,0.802107,0.804082,0.806399,0.809477,0.812864,0.816824,0.821042,0.825667,0.830497,0.835604,0.840866,0.846306,0.851863,0.857526,0.863278,0.869084,0.874958,0.880849,0.886795,0.892731,0.898712,0.904665,0.910654,0.916605,0.922587,0.928526,0.934493,0.940422,0.946377,0.952303,0.958260,0.964195,0.970171,0.976121,0.982131,0.988080,0.994115,1.000000
3.0000,-0.000000,0.000773,0.000801,0.000505,-0.000291,-0.001353,-0.002689,-0.004229,-0.005837,-0.007594,-0.009224,-0.010951,-0.012360,-0.013819,-0.014772,-0.015723,-0.015987,-0.016191,-0.015550,-0.014778,-0.013054,-0.011120,-0.008211,-0.005008,-0.000931,0.003507,0.008580,0.014035,0.019770,0.025839,0.031786,0.037950,0.043651,0.049417,0.054517,0.059541,0.063849,0.067986,0.071473,0.074751,0.077514,0.080072,0.082272,0.084299,0.086123,0.087813,0.089447,0.090986,0.092602,0.094160,0.095925,0.097665,0.099738,0.101820,0.104360,0.106950,0.110110,0.113374,0.117284,0.121372,0.126092,0.131091,0.136552,0.142393,0.150001,0.154744,0.160520,0.166398,0.171543,0.176604,0.180902,0.185014,0.188453,0.191673,0.194364,0.196850,0.198965,0.200910,0.202629,0.204220,0.205713,0.207119,0.208529,0.209890,0.211337,0.212765,0.214343,0.215927,0.217709,0.219516,0.221557,0.223639,0.225984,0.228380,0.231064,0.233806,0.236863,0.239985,0.243449,0.246985,0.250890,0.254879,0.259255,0.263734,0.268595,0.273584,0.278908,0.284390,0.290096,0.295985,0.301913,0.308025,0.313922,0.319965,0.325510,0.331119,0.335983,0.340795,0.344715,0.348468,0.351307,0.353899,0.355666,0.357156,0.357980,0.358538,0.358615,0.358468,0.358015,0.357391,0.356614,0.355720,0.354794,0.353798,0.352860,0.351892,0.351042,0.350191,0.349498,0.348823,0.348329,0.347864,0.347599,0.347367,0.347352,0.347373,0.347632,0.347929,0.348492,0.349098,0.350000,1.000000,0.993982,0.988028,0.982016,0.976116,0.970223,0.964421,0.958653,0.952921,0.947219,0.941493,0.935775,0.929991,0.924182,0.918305,0.912366,0.906418,0.900376,0.894457,0.888423,0.882725,0.876918,0.871723,0.866463,0.862125,0.857810,0.854696,0.851733,0.850142,0.848843,0.848917,0.849391,0.851072,0.853192,0.856246,0.859705,0.863808,0.868233,0.873056,0.878107,0.883380,0.888802,0.894334,0.899960,0.905628,0.911356,0.917082,0.922852,0.928582,0.934352,0.940038,0.945767,0.951349,0.956981,0.962365,0.967812,0.972857,0.977974,0.982465,0.987024,0.990653,0.994316,0.996688,0.998757,1.000000,0.999954,0.998511,0.996516,0.993519,0.990053,0.985933,0.981461,0.976601,0.971502,0.966191,0.960729,0.955163,0.949504,0.943804,0.938047,0.932283,0.926482,0.920697,0.914886,0.909111,0.903315,0.897574,0.891816,0.886135,0.880442,0.874849,0.869248,0.863775,0.858297,0.852983,0.847667,0.842558,0.837449,0.832607,0.827767,0.823274,0.818786,0.814752,0.810730,0.807298,0.803895,0.801241,0.798650,0.796971,0.795410,0.794900,0.794586,0.795390,0.796474,0.798637,0.801148,0.804579,0.808380,0.812861,0.817675,0.822908,0.828395,0.834081,0.839926,0.845823,0.851798,0.857752,0.863731,0.869667,0.875604,0.881507,0.887404,0.893285,0.899166,0.905046,0.910933,0.916826,0.922734,0.928648,0.934580,0.940513,0.946469,0.952417,0.958387,0.964341,0.970317,0.976266,0.982237,0.988164,0.994115,1.000000
3.1000,0.000000,0.000845,0.001212,0.001399,0.001222,0.000885,0.000308,-0.000409,-0.001233,-0.002174,-0.003074,-0.004067,-0.004855,-0.005706,-0.006176,-0.006671,-0.006600,-0.006506,-0.005673,-0.004751,-0.002960,-0.000999,0.001879,0.005013,0.008994,0.013300,0.018250,0.023553,0.029192,0.035147,0.041085,0.047247,0.053071,0.058995,0.064359,0.069702,0.074373,0.078927,0.082797,0.086495,0.089567,0.092447,0.094803,0.096969,0.098737,0.100332,0.101665,0.102848,0.103920,0.104865,0.105866,0.106768,0.107913,0.108992,0.110521,0.112029,0.114205,0.116436,0.119514,0.122772,0.126934,0.131460,0.136686,0.142459,0.149997,0.154909,0.160621,0.166397,0.171401,0.176287,0.180497,0.184549,0.188051,0.191408,0.194325,0.197124,0.199568,0.201918,0.203974,0.205952,0.207690,0.209355,0.210835,0.212246,0.213533,0.214757,0.215929,0.217046,0.218195,0.219302,0.220533,0.221742,0.223170,0.224600,0.226347,0.228122,0.230310,0.232556,0.235299,0.238136,0.241530,0.245058,0.249160,0.253442,0.258245,0.263271,0.268680,0.274335,0.280155,0.286205,0.292153,0.298273,0.304028,0.309863,0.315129,0.320374,0.324936,0.329393,0.333137,0.336720,0.339625,0.342344,0.344457,0.346383,0.347797,0.349034,0.349860,0.350530,0.350889,0.351117,0.351128,0.351033,0.350808,0.350503,0.350144,0.349728,0.349323,0.348884,0.348509,0.348118,0.347833,0.347547,0.347404,0.347272,0.347316,0.347378,0.347653,0.347952,0.348510,0.349098,0.350000,1.000000,0.994064,0.988122,0.982142,0.976191,0.970229,0.964303,0.958384,0.952487,0.946603,0.940717,0.934839,0.928938,0.923028,0.917092,0.911123,0.905169,0.899151,0.893256,0.887272,0.881594,0.875823,0.870611,0.865340,0.860913,0.856504,0.853198,0.850025,0.848121,0.846472,0.846121,0.846122,0.847309,0.848894,0.851457,0.854406,0.858091,0.862106,0.866628,0.871407,0.876506,0.881789,0.887256,0.892849,0.898534,0.904301,0.910104,0.915961,0.921818,0.927717,0.933586,0.939498,0.945340,0.951241,0.956995,0.962837,0.968379,0.974050,0.979146,0.984400,0.988658,0.993044,0.995897,0.998428,0.999999,0.999766,0.998086,0.995705,0.992478,0.988754,0.984544,0.980004,0.975189,0.970151,0.964961,0.959614,0.954184,0.948638,0.943050,0.937369,0.931674,0.925900,0.920133,0.914298,0.908485,0.902612,0.896775,0.890885,0.885043,0.879153,0.873327,0.867456,0.861676,0.855850,0.850158,0.844420,0.838883,0.833301,0.828017,0.822692,0.817801,0.812882,0.808569,0.804256,0.800744,0.797285,0.794810,0.792465,0.791235,0.790225,0.790365,0.790807,0.792323,0.794188,0.796962,0.800086,0.803910,0.808046,0.812675,0.817557,0.822754,0.828141,0.833707,0.839408,0.845192,0.851066,0.856963,0.862919,0.868862,0.874846,0.880800,0.886783,0.892733,0.898709,0.904652,0.910621,0.916562,0.922532,0.928474,0.934449,0.940396,0.946380,0.952333,0.958324,0.964278,0.970274,0.976221,0.982213,0.988140,0.994115,1.000000
3.2000,0.000000,0.000831,0.001195,0.001368,0.001204,0.000876,0.000340,-0.000332,-0.001080,-0.001940,-0.002734,-0.003614,-0.004276,-0.004993,-0.005327,-0.005680,-0.005479,-0.005247,-0.004303,-0.003263,-0.001394,0.000647,0.003556,0.006712,0.010668,0.014926,0.019803,0.024995,0.030546,0.036376,0.042276,0.048380,0.054289,0.060312,0.065935,0.071583,0.076695,0.081754,0.086209,0.090551,0.094282,0.097862,0.100872,0.103712,0.106064,0.108241,0.110041,0.111674,0.113064,0.114306,0.115456,0.116483,0.117585,0.118596,0.119860,0.121071,0.122721,0.124368,0.126630,0.128956,0.132036,0.135271,0.139309,0.143705,0.150000,0.154131,0.159886,0.165958,0.171912,0.178054,0.183817,0.189651,0.194932,0.200187,0.204793,0.209301,0.213130,0.216816,0.219843,0.222701,0.224959,0.227040,0.228600,0.229988,0.230944,0.231740,0.232201,0.232518,0.232600,0.232555,0.232386,0.232108,0.231831,0.231463,0.231242,0.230952,0.230975,0.230958,0.231438,0.231921,0.233085,0.234315,0.236377,0.238592,0.241708,0.245076,0.249279,0.253821,0.258969,0.264491,0.270260,0.276356,0.282304,0.288457,0.294134,0.299866,0.304928,0.309912,0.314167,0.318260,0.321666,0.324873,0.327489,0.329907,0.331851,0.333618,0.335026,0.336288,0.337294,0.338187,0.338910,0.339550,0.340090,0.340573,0.341011,0.341411,0.341809,0.342186,0.342590,0.342988,0.343434,0.343883,0.344393,0.344915,0.345507,0.346115,0.346800,0.347503,0.348291,0.349098,0.350000,1.000000,0.994054,0.988111,0.982126,0.976174,0.970209,0.964279,0.958350,0.952443,0.946542,0.940641,0.934740,0.928823,0.922890,0.916945,0.910962,0.905012,0.898996,0.893118,0.887157,0.881504,0.875772,0.870578,0.865342,0.860893,0.856478,0.853065,0.849784,0.847639,0.845723,0.844971,0.844517,0.845158,0.846132,0.848061,0.850321,0.853364,0.856710,0.860656,0.864862,0.869501,0.874347,0.879483,0.884775,0.890244,0.895824,0.901500,0.907248,0.913038,0.918876,0.924717,0.930595,0.936446,0.942332,0.948150,0.954015,0.959736,0.965524,0.971031,0.976628,0.981723,0.986919,0.991295,0.995565,1.000000,1.002136,1.003665,1.004861,1.004821,1.004404,1.002911,1.001042,0.998293,0.995198,0.991425,0.987356,0.982796,0.977997,0.972870,0.967560,0.962051,0.956409,0.950663,0.944827,0.938951,0.933018,0.927082,0.921114,0.915161,0.909192,0.903241,0.897283,0.891335,0.885382,0.879433,0.873468,0.867515,0.861528,0.855594,0.849600,0.843762,0.837838,0.832255,0.826577,0.821507,0.816373,0.812163,0.807974,0.804994,0.802171,0.800719,0.799569,0.799774,0.800384,0.802173,0.804395,0.807528,0.811055,0.815218,0.819695,0.824579,0.829690,0.835038,0.840540,0.846168,0.851896,0.857681,0.863530,0.869398,0.875310,0.881220,0.887162,0.893091,0.899048,0.904986,0.910949,0.916890,0.922856,0.928796,0.934762,0.940699,0.946663,0.952595,0.958554,0.964478,0.970429,0.976344,0.982285,0.988187,0.994115,1.000000
3.3000,0.000000,0.000792,0.001083,0.001137,0.000881,0.000440,-0.000136,-0.000848,-0.001534,-0.002312,-0.002917,-0.003572,-0.003920,-0.004278,-0.004204,-0.004103,-0.003454,-0.002740,-0.001376,0.000092,0.002287,0.004634,0.007742,0.011054,0.015097,0.019397,0.024303,0.029508,0.035082,0.040962,0.046882,0.053058,0.058914,0.064917,0.070297,0.075684,0.080268,0.084725,0.088346,0.091748,0.094400,0.096798,0.098603,0.100161,0.101317,0.102258,0.102996,0.103563,0.104125,0.104561,0.105191,0.105742,0.106685,0.107601,0.109104,0.110641,0.112940,0.115356,0.118645,0.122163,0.126530,0.131265,0.136603,0.142423,0.150002,0.154825,0.160568,0.166393,0.171463,0.176424,0.180681,0.184754,0.188255,0.191564,0.194456,0.197185,0.199639,0.201969,0.204147,0.206240,0.208276,0.210263,0.212264,0.214245,0.216289,0.218334,0.220479,0.222639,0.224925,0.227236,0.229698,0.232189,0.234858,0.237561,0.240474,0.243425,0.246623,0.249867,0.253402,0.256992,0.260918,0.264916,0.269283,0.273745,0.278585,0.283550,0.288853,0.294314,0.300006,0.305881,0.311804,0.317908,0.323813,0.329858,0.335434,0.341070,0.346006,0.350896,0.354942,0.358842,0.361860,0.364660,0.366629,0.368349,0.369349,0.370100,0.370271,0.370217,0.369724,0.369043,0.368060,0.366925,0.365610,0.364181,0.362681,0.361099,0.359546,0.357939,0.356449,0.354932,0.353614,0.352291,0.351242,0.350209,0.349522,0.348870,0.348630,0.348444,0.348734,0.349098,0.350000,1.000000,0.994034,0.988087,0.982095,0.976147,0.970186,0.964260,0.958332,0.952418,0.946498,0.940575,0.934634,0.928690,0.922715,0.916761,0.910762,0.904844,0.898869,0.893073,0.887215,0.881681,0.876088,0.871010,0.865893,0.861523,0.857158,0.853786,0.850498,0.848414,0.846521,0.845948,0.845683,0.846706,0.848127,0.850657,0.853611,0.857403,0.861579,0.866303,0.871324,0.876654,0.882184,0.887857,0.893647,0.899488,0.905389,0.911297,0.917238,0.923165,0.929119,0.935039,0.940997,0.946876,0.952814,0.958575,0.964426,0.969918,0.975524,0.980487,0.985566,0.989614,0.993720,0.996357,0.998635,1.000001,0.999866,0.998296,0.996099,0.992979,0.989374,0.985212,0.980711,0.975895,0.970854,0.965650,0.960298,0.954873,0.949351,0.943809,0.938200,0.932604,0.926959,0.921352,0.915706,0.910114,0.904492,0.898937,0.893359,0.887861,0.882343,0.876922,0.871484,0.866161,0.860824,0.855631,0.850424,0.845403,0.840369,0.835578,0.830777,0.826302,0.821820,0.817776,0.813735,0.810273,0.806834,0.804138,0.801503,0.799778,0.798173,0.797613,0.797250,0.797994,0.799015,0.801097,0.803516,0.806844,0.810526,0.814893,0.819580,0.824713,0.830097,0.835716,0.841505,0.847375,0.853341,0.859292,0.865284,0.871217,0.877155,0.883027,0.888885,0.894692,0.900480,0.906241,0.911987,0.917735,0.923475,0.929240,0.935009,0.940815,0.946636,0.952497,0.958383,0.964297,0.970243,0.976193,0.982180,0.988127,0.994115,1.000000
3.4000,-0.000000,0.000804,0.000693,0.000230,-0.000909,-0.002357,-0.004237,-0.006367,-0.008692,-0.011212,-0.013690,-0.016313,-0.018649,-0.021084,-0.022966,-0.024891,-0.025982,-0.027035,-0.027007,-0.026819,-0.025410,-0.023700,-0.020812,-0.017507,-0.013269,-0.008581,-0.003333,0.002303,0.008114,0.014187,0.020132,0.026205,0.031961,0.037742,0.043117,0.048450,0.053352,0.058177,0.062580,0.066891,0.070808,0.074629,0.078096,0.081467,0.084534,0.087508,0.090237,0.092878,0.095352,0.097742,0.100062,0.102307,0.104604,0.106840,0.109275,0.111671,0.114439,0.117208,0.120529,0.123923,0.128009,0.132299,0.137275,0.142689,0.149999,0.154826,0.160721,0.166805,0.172175,0.177504,0.182078,0.186497,0.190238,0.193787,0.196782,0.199594,0.201980,0.204210,0.206135,0.207934,0.209531,0.211034,0.212421,0.213740,0.215016,0.216247,0.217500,0.218724,0.220031,0.221324,0.222763,0.224200,0.225852,0.227514,0.229467,0.231446,0.233798,0.236197,0.239048,0.241975,0.245416,0.248970,0.253063,0.257311,0.262062,0.267008,0.272346,0.277903,0.283667,0.289642,0.295589,0.301704,0.307544,0.313477,0.318925,0.324378,0.329202,0.333948,0.337997,0.341906,0.345114,0.348146,0.350521,0.352707,0.354310,0.355726,0.356648,0.357398,0.357748,0.357945,0.357838,0.357601,0.357151,0.356595,0.355913,0.355148,0.354342,0.353473,0.352641,0.351767,0.351004,0.350218,0.349613,0.349004,0.348645,0.348298,0.348270,0.348270,0.348661,0.349098,0.350000,1.000000,0.993969,0.988016,0.981999,0.976155,0.970339,0.964689,0.959118,0.953636,0.948245,0.942831,0.937483,0.932007,0.926544,0.920895,0.915186,0.909333,0.903343,0.897390,0.891251,0.885466,0.879517,0.874310,0.869045,0.864864,0.860788,0.857978,0.855429,0.854142,0.853211,0.853400,0.853965,0.855447,0.857274,0.859815,0.862646,0.866017,0.869621,0.873626,0.877815,0.882298,0.886927,0.891767,0.896726,0.901829,0.907031,0.912322,0.917697,0.923113,0.928602,0.934086,0.939638,0.945131,0.950694,0.956127,0.961642,0.966913,0.972287,0.977229,0.982304,0.986636,0.991123,0.994392,0.997520,1.000000,1.000548,0.999710,0.998244,0.995672,0.992574,0.988762,0.984561,0.979929,0.975027,0.969881,0.964555,0.959101,0.953526,0.947892,0.942177,0.936441,0.930647,0.924857,0.919024,0.913208,0.907358,0.901537,0.895687,0.889878,0.884042,0.878265,0.872462,0.866742,0.860995,0.855370,0.849718,0.844249,0.838750,0.833524,0.828270,0.823412,0.818536,0.814214,0.809898,0.806316,0.802783,0.800158,0.797649,0.796179,0.794903,0.794721,0.794808,0.795952,0.797412,0.799810,0.802537,0.806025,0.809821,0.814185,0.818810,0.823826,0.829044,0.834503,0.840108,0.845842,0.851674,0.857556,0.863497,0.869441,0.875417,0.881370,0.887338,0.893275,0.899217,0.905132,0.911049,0.916948,0.922850,0.928746,0.934649,0.940554,0.946473,0.952395,0.958339,0.964283,0.970253,0.976207,0.982193,0.988135,0.994115,1.000000
3.5000,0.000000,0.000843,0.001412,0.001852,0.002119,0.002282,0.002372,0.002380,0.002414,0.002389,0.002491,0.002557,0.002853,0.003138,0.003758,0.004394,0.005467,0.006587,0.008238,0.009971,0.012311,0.014771,0.017884,0.021158,0.025082,0.029212,0.033918,0.038866,0.044236,0.049865,0.055676,0.061730,0.067672,0.073798,0.079520,0.085329,0.090497,0.095637,0.100004,0.104239,0.107680,0.110921,0.113438,0.115726,0.117416,0.118880,0.119901,0.120719,0.121261,0.121629,0.121898,0.122024,0.122241,0.122346,0.122757,0.123086,0.123971,0.124823,0.126504,0.128246,0.131060,0.134122,0.138315,0.143133,0.149999,0.154967,0.160899,0.167158,0.172497,0.177801,0.182121,0.186226,0.189474,0.192459,0.194774,0.196844,0.198428,0.199812,0.200865,0.201765,0.202462,0.203048,0.203532,0.203938,0.204328,0.204666,0.205064,0.205429,0.205931,0.206415,0.207118,0.207818,0.208828,0.209853,0.211286,0.212759,0.214737,0.216789,0.219427,0.222182,0.225570,0.229122,0.233293,0.237674,0.242579,0.247725,0.253223,0.258961,0.264821,0.270885,0.276827,0.282903,0.288637,0.294422,0.299702,0.304950,0.309602,0.314156,0.318087,0.321877,0.325066,0.328092,0.330575,0.332891,0.334742,0.336434,0.337748,0.338920,0.339806,0.340571,0.341138,0.341608,0.341962,0.342243,0.342480,0.342669,0.342872,0.343049,0.343283,0.343511,0.343825,0.344148,0.344571,0.345014,0.345558,0.346129,0.346797,0.347494,0.348282,0.349098,0.350000,1.000000,0.994075,0.988148,0.982188,0.976240,0.970270,0.964317,0.958348,0.952394,0.946424,0.940471,0.934498,0.928552,0.922579,0.916658,0.910703,0.904847,0.898950,0.893230,0.887467,0.881992,0.876478,0.871402,0.866302,0.861824,0.857353,0.853707,0.850121,0.847554,0.845122,0.843852,0.842809,0.842974,0.843452,0.845068,0.847053,0.849999,0.853322,0.857366,0.861747,0.866604,0.871727,0.877122,0.882705,0.888414,0.894242,0.900108,0.906045,0.911974,0.917948,0.923896,0.929879,0.935829,0.941824,0.947763,0.953777,0.959665,0.965680,0.971392,0.977308,0.982555,0.988079,0.992307,0.996470,1.000000,1.001136,1.000622,0.999329,0.996695,0.993387,0.989289,0.984711,0.979721,0.974423,0.968938,0.963266,0.957526,0.951676,0.945816,0.939886,0.933973,0.928013,0.922079,0.916109,0.910168,0.904196,0.898255,0.892285,0.886353,0.880391,0.874478,0.868534,0.862666,0.856763,0.850984,0.845163,0.839548,0.833888,0.828552,0.823176,0.818281,0.813368,0.809121,0.804899,0.801531,0.798253,0.795980,0.793876,0.792860,0.792088,0.792395,0.793002,0.794594,0.796509,0.799257,0.802315,0.806029,0.810018,0.814489,0.819184,0.824212,0.829411,0.834822,0.840357,0.846016,0.851760,0.857567,0.863431,0.869318,0.875242,0.881169,0.887119,0.893063,0.899024,0.904973,0.910938,0.916889,0.922855,0.928804,0.934770,0.940716,0.946679,0.952618,0.958573,0.964503,0.970448,0.976365,0.982297,0.988198,0.994115,1.000000
3.6000,-0.000000,0.000778,0.000617,0.000074,-0.001125,-0.002647,-0.004551,-0.006707,-0.008992,-0.011463,-0.013822,-0.016311,-0.018441,-0.020648,-0.022244,-0.023852,-0.024603,-0.025280,-0.024905,-0.024346,-0.022649,-0.020654,-0.017587,-0.014140,-0.009840,-0.005139,0.000098,0.005689,0.011476,0.017520,0.023468,0.029559,0.035341,0.041166,0.046553,0.051907,0.056765,0.061536,0.065806,0.069957,0.073641,0.077192,0.080338,0.083350,0.086038,0.088599,0.090936,0.093156,0.095268,0.097280,0.099313,0.101267,0.103387,0.105455,0.107845,0.110220,0.113076,0.115971,0.119480,0.123109,0.127417,0.131957,0.137095,0.142619,0.150000,0.154701,0.160617,0.166698,0.172215,0.177723,0.182597,0.187364,0.191524,0.195536,0.199016,0.202342,0.205229,0.207975,0.210373,0.212650,0.214664,0.216579,0.218305,0.219951,0.221474,0.222936,0.224333,0.225682,0.227024,0.228330,0.229690,0.231024,0.232482,0.233922,0.235570,0.237212,0.239157,0.241115,0.243480,0.245884,0.248798,0.251790,0.255366,0.259075,0.263383,0.267886,0.272910,0.278183,0.283789,0.289664,0.295586,0.301742,0.307619,0.313638,0.319087,0.324554,0.329262,0.333868,0.337645,0.341234,0.344029,0.346593,0.348464,0.350099,0.351176,0.352038,0.352482,0.352746,0.352724,0.352561,0.352229,0.351792,0.351286,0.350709,0.350142,0.349533,0.348995,0.348440,0.348000,0.347564,0.347274,0.347002,0.346900,0.346825,0.346939,0.347086,0.347438,0.347828,0.348442,0.349098,0.350000,1.000000,0.993951,0.988000,0.981985,0.976153,0.970357,0.964716,0.959154,0.953656,0.948239,0.942772,0.937352,0.931793,0.926223,0.920487,0.914674,0.908767,0.902725,0.896783,0.890682,0.884975,0.879143,0.874040,0.868908,0.864791,0.860776,0.857946,0.855344,0.853957,0.852884,0.852942,0.853349,0.854730,0.856452,0.858966,0.861786,0.865220,0.868911,0.873057,0.877410,0.882086,0.886922,0.891976,0.897152,0.902464,0.907867,0.913343,0.918887,0.924454,0.930076,0.935672,0.941317,0.946881,0.952498,0.957951,0.963468,0.968693,0.973998,0.978807,0.983708,0.987818,0.992004,0.995013,0.997792,1.000000,1.000531,0.999857,0.998659,0.996421,0.993728,0.990308,0.986533,0.982274,0.977753,0.972921,0.967904,0.962697,0.957359,0.951910,0.946368,0.940765,0.935095,0.929397,0.923649,0.917893,0.912099,0.906311,0.900492,0.894692,0.888864,0.883068,0.877246,0.871474,0.865676,0.859955,0.854205,0.848578,0.842919,0.837455,0.831953,0.826762,0.821530,0.816771,0.811983,0.807878,0.803777,0.800592,0.797479,0.795490,0.793673,0.793099,0.792808,0.793749,0.795058,0.797454,0.800247,0.803891,0.807905,0.812506,0.817407,0.822664,0.828135,0.833788,0.839575,0.845431,0.851362,0.857299,0.863272,0.869226,0.875194,0.881139,0.887089,0.893021,0.898958,0.904885,0.910820,0.916749,0.922691,0.928629,0.934582,0.940529,0.946494,0.952447,0.958420,0.964373,0.970345,0.976289,0.982252,0.988174,0.994115,1.000000
3.7000,0.000000,0.000840,0.001313,0.001630,0.001690,0.001620,0.001397,0.001069,0.000692,0.000232,-0.000165,-0.000626,-0.000902,-0.001221,-0.001222,-0.001240,-0.000793,-0.000330,0.000749,0.001890,0.003782,0.005801,0.008656,0.011717,0.015603,0.019778,0.024630,0.029828,0.035413,0.041340,0.047271,0.053464,0.059285,0.065232,0.070528,0.075803,0.080289,0.084632,0.088181,0.091516,0.094149,0.096543,0.098379,0.099986,0.101204,0.102221,0.103027,0.103669,0.104283,0.104771,0.105421,0.105986,0.106914,0.107802,0.109259,0.110735,0.112974,0.115320,0.118562,0.122037,0.126394,0.131146,0.136513,0.142394,0.149999,0.154843,0.160511,0.166210,0.171165,0.175984,0.180177,0.184198,0.187746,0.191140,0.194202,0.197147,0.199874,0.202522,0.205038,0.207507,0.209903,0.212277,0.214621,0.216959,0.219297,0.221639,0.224003,0.226377,0.228792,0.231220,0.233714,0.236219,0.238825,0.241443,0.244207,0.246984,0.249968,0.252971,0.256252,0.259568,0.263234,0.266960,0.271098,0.275332,0.280004,0.284816,0.290026,0.295424,0.301088,0.306970,0.312895,0.319028,0.324916,0.330950,0.336451,0.341994,0.346786,0.351503,0.355359,0.359043,0.361866,0.364460,0.366274,0.367841,0.368750,0.369427,0.369581,0.369531,0.369090,0.368481,0.367599,0.366583,0.365398,0.364110,0.362743,0.361300,0.359860,0.358366,0.356952,0.355501,0.354207,0.352894,0.351816,0.350735,0.349975,0.349229,0.348898,0.348600,0.348820,0.349098,0.350000,1.000000,0.994065,0.988129,0.982155,0.976201,0.970226,0.964276,0.958315,0.952372,0.946422,0.940481,0.934528,0.928581,0.922613,0.916659,0.910670,0.904733,0.898743,0.892887,0.886959,0.881314,0.875586,0.870361,0.865067,0.860556,0.856033,0.852583,0.849226,0.847169,0.845341,0.844897,0.844808,0.846014,0.847649,0.850350,0.853480,0.857388,0.861663,0.866440,0.871494,0.876833,0.882357,0.888021,0.893796,0.899624,0.905514,0.911413,0.917348,0.923270,0.929221,0.935139,0.941096,0.946977,0.952920,0.958693,0.964560,0.970077,0.975722,0.980716,0.985845,0.989903,0.994035,0.996613,0.998805,1.000000,0.999613,0.997787,0.995294,0.991993,0.988219,0.983993,0.979453,0.974672,0.969685,0.964579,0.959333,0.954041,0.948650,0.943253,0.937783,0.932333,0.926825,0.921352,0.915832,0.910356,0.904840,0.899376,0.893875,0.888434,0.882960,0.877553,0.872116,0.866763,0.861380,0.856106,0.850803,0.845650,0.840468,0.835500,0.830502,0.825812,0.821094,0.816816,0.812520,0.808834,0.805155,0.802283,0.799468,0.797652,0.795972,0.795430,0.795121,0.795987,0.797175,0.799448,0.802095,0.805627,0.809529,0.814065,0.818917,0.824158,0.829636,0.835307,0.841132,0.847016,0.852987,0.858939,0.864931,0.870868,0.876817,0.882705,0.888591,0.894426,0.900255,0.906050,0.911841,0.917619,0.923398,0.929181,0.934975,0.940787,0.946618,0.952473,0.958358,0.964263,0.970209,0.976154,0.982150,0.988100,0.994115,1.000000
3.8000,-0.000000,0.000772,0.000929,0.000797,0.000287,-0.000450,-0.001350,-0.002415,-0.003451,-0.004595,-0.005535,-0.006532,-0.007170,-0.007815,-0.007962,-0.008070,-0.007561,-0.006967,-0.005667,-0.004234,-0.002043,0.000325,0.003454,0.006803,0.010852,0.015154,0.020024,0.025164,0.030669,0.036431,0.042305,0.048391,0.054318,0.060383,0.066049,0.071760,0.076900,0.081988,0.086419,0.090720,0.094364,0.097831,0.100710,0.103393,0.105603,0.107623,0.109309,0.110828,0.112161,0.113357,0.114521,0.115582,0.116766,0.117882,0.119275,0.120638,0.122432,0.124241,0.126622,0.129073,0.132208,0.135484,0.139490,0.143809,0.150000,0.153953,0.159610,0.165586,0.171533,0.177714,0.183527,0.189452,0.194749,0.200027,0.204536,0.208916,0.212500,0.215887,0.218532,0.220953,0.222735,0.224296,0.225346,0.226194,0.226663,0.226960,0.227006,0.226912,0.226695,0.226367,0.226043,0.225638,0.225367,0.225042,0.224989,0.224911,0.225249,0.225595,0.226502,0.227459,0.229105,0.230857,0.233386,0.236087,0.239583,0.243318,0.247762,0.252500,0.257748,0.263306,0.269086,0.275138,0.281089,0.287224,0.292967,0.298779,0.303998,0.309172,0.313656,0.318010,0.321670,0.325152,0.328002,0.330658,0.332782,0.334720,0.336238,0.337593,0.338639,0.339552,0.340256,0.340857,0.341334,0.341738,0.342087,0.342389,0.342687,0.342959,0.343265,0.343562,0.343919,0.344279,0.344714,0.345160,0.345693,0.346241,0.346884,0.347546,0.348312,0.349098,0.350000,1.000000,0.994013,0.988062,0.982065,0.976133,0.970203,0.964318,0.958448,0.952585,0.946729,0.940850,0.934960,0.929040,0.923087,0.917135,0.911131,0.905199,0.899205,0.893395,0.887523,0.881988,0.876405,0.871340,0.866258,0.861894,0.857564,0.854141,0.850820,0.848560,0.846481,0.845544,0.844867,0.845319,0.846091,0.847889,0.850033,0.853028,0.856356,0.860330,0.864590,0.869297,0.874227,0.879437,0.884807,0.890335,0.895967,0.901677,0.907451,0.913253,0.919096,0.924935,0.930804,0.936639,0.942506,0.948294,0.954123,0.959801,0.965533,0.970990,0.976515,0.981577,0.986713,0.991117,0.995418,1.000000,1.002349,1.004206,1.005817,1.006105,1.006045,1.004757,1.003065,1.000347,0.997228,0.993339,0.989101,0.984347,0.979321,0.973987,0.968465,0.962784,0.956986,0.951126,0.945201,0.939265,0.933301,0.927347,0.921385,0.915435,0.909485,0.903539,0.897593,0.891646,0.885689,0.879735,0.873760,0.867816,0.861832,0.855948,0.850008,0.844287,0.838500,0.833112,0.827667,0.822851,0.818016,0.814062,0.810161,0.807362,0.804718,0.803307,0.802161,0.802253,0.802694,0.804257,0.806202,0.809067,0.812297,0.816214,0.820440,0.825136,0.830071,0.835298,0.840694,0.846257,0.851931,0.857688,0.863516,0.869377,0.875282,0.881194,0.887135,0.893069,0.899025,0.904969,0.910930,0.916877,0.922841,0.928787,0.934751,0.940694,0.946656,0.952594,0.958551,0.964481,0.970430,0.976349,0.982287,0.988192,0.994115,1.000000
3.9000,0.000000,0.000822,0.001119,0.001201,0.000909,0.000435,-0.000264,-0.001110,-0.002035,-0.003077,-0.004044,-0.005098,-0.005918,-0.006792,-0.007262,-0.007750,-0.007660,-0.007538,-0.006673,-0.005714,-0.003887,-0.001886,0.001027,0.004199,0.008208,0.012543,0.017511,0.022826,0.028468,0.034416,0.040352,0.046501,0.052338,0.058271,0.063679,0.069075,0.073833,0.078491,0.082484,0.086322,0.089535,0.092567,0.095057,0.097362,0.099239,0.100941,0.102352,0.103604,0.104720,0.105701,0.106719,0.107631,0.108770,0.109838,0.111340,0.112820,0.114945,0.117122,0.120123,0.123290,0.127351,0.131746,0.136872,0.142525,0.150002,0.154904,0.160689,0.166601,0.171687,0.176675,0.180864,0.184865,0.188188,0.191307,0.193889,0.196288,0.198285,0.200129,0.201689,0.203129,0.204384,0.205547,0.206612,0.207609,0.208587,0.209516,0.210502,0.211458,0.212546,0.213620,0.214906,0.216196,0.217783,0.219393,0.221385,0.223425,0.225925,0.228504,0.231603,0.234816,0.238575,0.242486,0.246920,0.251540,0.256598,0.261862,0.267420,0.273183,0.279052,0.285097,0.291041,0.297110,0.302881,0.308709,0.314081,0.319439,0.324235,0.328958,0.333063,0.337050,0.340412,0.343627,0.346246,0.348706,0.350619,0.352373,0.353646,0.354767,0.355480,0.356053,0.356294,0.356411,0.356273,0.356026,0.355601,0.355084,0.354465,0.353771,0.353052,0.352274,0.351551,0.350785,0.350157,0.349501,0.349073,0.348634,0.348521,0.348415,0.348741,0.349098,0.350000,1.000000,0.994046,0.988099,0.982110,0.976163,0.970207,0.964295,0.958389,0.952507,0.946637,0.940762,0.934891,0.928993,0.923082,0.917147,0.911172,0.905219,0.899197,0.893306,0.887326,0.881659,0.875901,0.870708,0.865460,0.861059,0.856683,0.853402,0.850262,0.848369,0.846734,0.846362,0.846336,0.847463,0.848971,0.851438,0.854273,0.857844,0.861735,0.866148,0.870816,0.875828,0.881029,0.886437,0.891978,0.897628,0.903368,0.909152,0.914996,0.920844,0.926737,0.932603,0.938511,0.944355,0.950255,0.956016,0.961860,0.967422,0.973103,0.978245,0.983535,0.987889,0.992371,0.995400,0.998142,1.000000,1.000097,0.998687,0.996600,0.993503,0.989877,0.985646,0.981046,0.976105,0.970917,0.965553,0.960026,0.954417,0.948700,0.942954,0.937133,0.931313,0.925438,0.919580,0.913678,0.907805,0.901895,0.896023,0.890118,0.884265,0.878379,0.872566,0.866720,0.860981,0.855209,0.849598,0.843953,0.838550,0.833115,0.828031,0.822926,0.818310,0.813696,0.809725,0.805793,0.802659,0.799618,0.797498,0.795536,0.794568,0.793817,0.794067,0.794582,0.796034,0.797777,0.800340,0.803193,0.806720,0.810512,0.814824,0.819363,0.824276,0.829374,0.834721,0.840210,0.845848,0.851590,0.857406,0.863295,0.869206,0.875166,0.881115,0.887096,0.893048,0.899021,0.904960,0.910912,0.916834,0.922768,0.928678,0.934602,0.940512,0.946440,0.952361,0.958306,0.964244,0.970217,0.976170,0.982167,0.988112,0.994115,1.000000
4.0000,-0.000000,0.000789,0.000878,0.000673,-0.000020,-0.000955,-0.002179,-0.003593,-0.005111,-0.006772,-0.008358,-0.010047,-0.011479,-0.012974,-0.014023,-0.015095,-0.015520,-0.015917,-0.015473,-0.014929,-0.013390,-0.011655,-0.008868,-0.005772,-0.001724,0.002728,0.007846,0.013397,0.019185,0.025335,0.031270,0.037410,0.042992,0.048600,0.053485,0.058253,0.062295,0.066139,0.069359,0.072359,0.074889,0.077216,0.079241,0.081097,0.082812,0.084402,0.085999,0.087512,0.089172,0.090787,0.092676,0.094561,0.096839,0.099152,0.101963,0.104855,0.108325,0.111932,0.116146,0.120564,0.125532,0.130784,0.136392,0.142336,0.149999,0.154676,0.160402,0.166186,0.171310,0.176349,0.180724,0.184946,0.188574,0.192029,0.194997,0.197799,0.200228,0.202514,0.204534,0.206439,0.208175,0.209823,0.211388,0.212890,0.214384,0.215837,0.217350,0.218841,0.220454,0.222061,0.223851,0.225650,0.227693,0.229760,0.232132,0.234545,0.237324,0.240163,0.243420,0.246761,0.250557,0.254464,0.258832,0.263341,0.268271,0.273368,0.278795,0.284405,0.290192,0.296159,0.302106,0.308204,0.314059,0.320008,0.325500,0.331014,0.335899,0.340726,0.344819,0.348783,0.351979,0.354996,0.357275,0.359346,0.360758,0.361957,0.362602,0.363048,0.363056,0.362888,0.362401,0.361767,0.360928,0.359971,0.358913,0.357767,0.356613,0.355400,0.354266,0.353096,0.352083,0.351057,0.350259,0.349470,0.348974,0.348505,0.348394,0.348327,0.348682,0.349098,0.350000,1.000000,0.993998,0.988045,0.982034,0.976120,0.970206,0.964379,0.958576,0.952819,0.947088,0.941349,0.935622,0.929843,0.924049,0.918188,0.912276,0.906337,0.900307,0.894370,0.888307,0.882555,0.876667,0.871406,0.866047,0.861681,0.857325,0.854284,0.851417,0.850034,0.848995,0.849387,0.850236,0.852278,0.854792,0.858180,0.861975,0.866340,0.871011,0.876017,0.881228,0.886617,0.892135,0.897734,0.903415,0.909116,0.914872,0.920608,0.926386,0.932104,0.937864,0.943510,0.949201,0.954701,0.960253,0.965502,0.970806,0.975644,0.980536,0.984742,0.988983,0.992264,0.995531,0.997530,0.999191,0.999999,0.999700,0.998067,0.995921,0.992889,0.989439,0.985400,0.981051,0.976331,0.971391,0.966229,0.960917,0.955481,0.949944,0.944343,0.938673,0.932978,0.927234,0.921489,0.915709,0.909945,0.904153,0.898395,0.892612,0.886881,0.881128,0.875450,0.869751,0.864159,0.858547,0.853087,0.847608,0.842343,0.837061,0.832078,0.827085,0.822500,0.817917,0.813873,0.809855,0.806524,0.803254,0.800817,0.798490,0.797116,0.795913,0.795732,0.795783,0.796855,0.798208,0.800503,0.803107,0.806510,0.810216,0.814540,0.819135,0.824158,0.829401,0.834901,0.840562,0.846346,0.852233,0.858152,0.864127,0.870081,0.876057,0.881991,0.887927,0.893821,0.899708,0.905567,0.911417,0.917259,0.923096,0.928941,0.934790,0.940657,0.946537,0.952437,0.958359,0.964292,0.970253,0.976206,0.982192,0.988135,0.994115,1.000000
4.1000,0.000000,0.000797,0.001123,0.001225,0.001042,0.000682,0.000213,-0.000386,-0.000935,-0.001568,-0.002004,-0.002481,-0.002626,-0.002772,-0.002466,-0.002121,-0.001223,-0.000247,0.001359,0.003083,0.005483,0.008038,0.011279,0.014710,0.018789,0.023089,0.027937,0.033031,0.038501,0.044224,0.050080,0.056168,0.062099,0.068200,0.073854,0.079580,0.084623,0.089616,0.093795,0.097813,0.101008,0.103968,0.106205,0.108178,0.109599,0.110766,0.111588,0.112192,0.112671,0.112982,0.113388,0.113680,0.114282,0.114830,0.115889,0.116958,0.118712,0.120553,0.123191,0.126002,0.129632,0.133519,0.138128,0.143115,0.150000,0.154339,0.160240,0.166392,0.172299,0.178338,0.183896,0.189473,0.194424,0.199301,0.203491,0.207544,0.210914,0.214110,0.216679,0.219059,0.220897,0.222549,0.223764,0.224808,0.225529,0.226099,0.226469,0.226712,0.226879,0.226946,0.227067,0.227116,0.227352,0.227546,0.228065,0.228574,0.229544,0.230544,0.232128,0.233789,0.236128,0.238598,0.241789,0.245169,0.249237,0.253543,0.258419,0.263561,0.269071,0.274842,0.280721,0.286817,0.292748,0.298817,0.304479,0.310183,0.315305,0.320378,0.324773,0.329046,0.332623,0.336033,0.338787,0.341354,0.343345,0.345150,0.346478,0.347635,0.348418,0.349055,0.349417,0.349658,0.349714,0.349677,0.349532,0.349318,0.349064,0.348762,0.348480,0.348167,0.347926,0.347669,0.347532,0.347393,0.347421,0.347457,0.347711,0.347983,0.348526,0.349098,0.350000,1.000000,0.994044,0.988099,0.982113,0.976162,0.970200,0.964265,0.958327,0.952399,0.946464,0.940526,0.934570,0.928617,0.922633,0.916687,0.910698,0.904812,0.898878,0.893145,0.887365,0.881916,0.876432,0.871438,0.866431,0.862094,0.857781,0.854326,0.850949,0.848604,0.846409,0.845372,0.844569,0.844965,0.845675,0.847512,0.849719,0.852875,0.856408,0.860647,0.865216,0.870238,0.875510,0.881028,0.886703,0.892485,0.898348,0.904245,0.910174,0.916109,0.922055,0.927995,0.933949,0.939873,0.945830,0.951688,0.957605,0.963295,0.969059,0.974396,0.979802,0.984521,0.989269,0.993039,0.996565,1.000000,1.001560,1.002352,1.002799,1.002057,1.000935,0.998801,0.996296,0.992989,0.989351,0.985121,0.980618,0.975710,0.970593,0.965222,0.959701,0.954038,0.948276,0.942448,0.936560,0.930650,0.924710,0.918767,0.912811,0.906860,0.900902,0.894949,0.888989,0.883040,0.877076,0.871145,0.865186,0.859312,0.853398,0.847659,0.841871,0.836397,0.830877,0.825853,0.820806,0.816464,0.812147,0.808739,0.805429,0.803188,0.801130,0.800222,0.799579,0.800069,0.800882,0.802720,0.804903,0.807938,0.811302,0.815318,0.819620,0.824379,0.829366,0.834644,0.840089,0.845700,0.851425,0.857229,0.863105,0.869007,0.874953,0.880896,0.886865,0.892819,0.898789,0.904741,0.910707,0.916655,0.922618,0.928565,0.934528,0.940477,0.946444,0.952397,0.958370,0.964324,0.970302,0.976251,0.982226,0.988156,0.994115,1.000000
4.2000,0.000000,0.000828,0.001223,0.001435,0.001343,0.001101,0.000679,0.000137,-0.000463,-0.001158,-0.001786,-0.002483,-0.002982,-0.003525,-0.003726,-0.003943,-0.003667,-0.003370,-0.002426,-0.001413,0.000381,0.002310,0.005098,0.008103,0.011948,0.016089,0.020915,0.026091,0.031660,0.037571,0.043498,0.049687,0.055521,0.061483,0.066820,0.072140,0.076703,0.081129,0.084795,0.088255,0.091046,0.093608,0.095645,0.097464,0.098925,0.100197,0.101284,0.102221,0.103145,0.103958,0.104931,0.105836,0.107071,0.108281,0.109989,0.111723,0.114107,0.116584,0.119821,0.123239,0.127435,0.131923,0.137048,0.142598,0.150000,0.154721,0.160626,0.166700,0.172160,0.177605,0.182355,0.186986,0.190948,0.194743,0.197953,0.200987,0.203541,0.205932,0.207949,0.209825,0.211429,0.212916,0.214226,0.215442,0.216569,0.217624,0.218674,0.219672,0.220747,0.221790,0.222994,0.224185,0.225624,0.227069,0.228851,0.230663,0.232895,0.235185,0.237967,0.240840,0.244254,0.247795,0.251885,0.256140,0.260894,0.265845,0.271180,0.276729,0.282484,0.288443,0.294387,0.300496,0.306354,0.312310,0.317806,0.323317,0.328216,0.333050,0.337187,0.341194,0.344491,0.347615,0.350068,0.352331,0.353999,0.355477,0.356454,0.357257,0.357658,0.357907,0.357852,0.357669,0.357272,0.356771,0.356141,0.355428,0.354662,0.353833,0.353023,0.352168,0.351402,0.350607,0.349974,0.349327,0.348920,0.348512,0.348429,0.348362,0.348712,0.349098,0.350000,1.000000,0.994053,0.988112,0.982126,0.976173,0.970199,0.964260,0.958311,0.952388,0.946458,0.940538,0.934606,0.928673,0.922719,0.916768,0.910780,0.904832,0.898826,0.892948,0.886991,0.881314,0.875550,0.870289,0.864959,0.860413,0.855855,0.852371,0.848980,0.846882,0.845012,0.844515,0.844370,0.845507,0.847068,0.849686,0.852727,0.856545,0.860726,0.865415,0.870378,0.875636,0.881079,0.886673,0.892381,0.898153,0.903991,0.909845,0.915739,0.921621,0.927535,0.933409,0.939320,0.945144,0.951020,0.956724,0.962499,0.967955,0.973499,0.978496,0.983586,0.987809,0.992093,0.995123,0.997874,1.000000,1.000496,0.999729,0.998427,0.996051,0.993206,0.989616,0.985658,0.981214,0.976499,0.971485,0.966281,0.960903,0.955395,0.949793,0.944104,0.938370,0.932576,0.926768,0.920917,0.915071,0.909192,0.903331,0.897443,0.891587,0.885707,0.879876,0.874020,0.868243,0.862439,0.856757,0.851048,0.845529,0.839980,0.834717,0.829428,0.824551,0.819663,0.815338,0.811029,0.807450,0.803931,0.801299,0.798788,0.797286,0.795972,0.795723,0.795728,0.796774,0.798121,0.800406,0.803010,0.806393,0.810081,0.814362,0.818909,0.823867,0.829038,0.834463,0.840044,0.845760,0.851582,0.857455,0.863395,0.869335,0.875315,0.881268,0.887244,0.893184,0.899138,0.905058,0.910988,0.916892,0.922807,0.928705,0.934618,0.940522,0.946446,0.952366,0.958312,0.964252,0.970226,0.976179,0.982175,0.988118,0.994115,1.000000
4.3000,0.000000,0.000762,0.000674,0.000220,-0.000805,-0.002127,-0.003762,-0.005624,-0.007566,-0.009672,-0.011641,-0.013719,-0.015446,-0.017231,-0.018446,-0.019665,-0.020098,-0.020466,-0.019866,-0.019110,-0.017283,-0.015195,-0.012058,-0.008565,-0.004202,0.000572,0.005891,0.011606,0.017463,0.023624,0.029539,0.035616,0.041157,0.046711,0.051574,0.056329,0.060369,0.064222,0.067433,0.070424,0.072911,0.075181,0.077115,0.078860,0.080449,0.081888,0.083355,0.084717,0.086282,0.087792,0.089668,0.091542,0.093921,0.096355,0.099393,0.102547,0.106345,0.110322,0.114900,0.119711,0.124986,0.130528,0.136300,0.142310,0.150000,0.154556,0.160272,0.166033,0.171223,0.176357,0.180869,0.185259,0.189046,0.192677,0.195767,0.198692,0.201165,0.203480,0.205441,0.207261,0.208830,0.210278,0.211576,0.212779,0.213928,0.215005,0.216123,0.217193,0.218395,0.219572,0.220970,0.222367,0.224068,0.225793,0.227898,0.230054,0.232654,0.235332,0.238500,0.241775,0.245558,0.249476,0.253883,0.258450,0.263441,0.268610,0.274091,0.279754,0.285571,0.291559,0.297508,0.303594,0.309435,0.315360,0.320847,0.326350,0.331263,0.336119,0.340289,0.344340,0.347671,0.350836,0.353304,0.355581,0.357226,0.358675,0.359584,0.360306,0.360594,0.360715,0.360506,0.360156,0.359578,0.358885,0.358058,0.357141,0.356177,0.355146,0.354150,0.353108,0.352178,0.351222,0.350455,0.349679,0.349173,0.348674,0.348528,0.348408,0.348729,0.349098,0.350000,1.000000,0.993958,0.988005,0.981991,0.976126,0.970283,0.964558,0.958888,0.953259,0.947681,0.942062,0.936464,0.930766,0.925045,0.919217,0.913315,0.907377,0.901320,0.895397,0.889330,0.883663,0.877870,0.872810,0.867695,0.863644,0.859663,0.856991,0.854538,0.853486,0.852783,0.853401,0.854442,0.856595,0.859172,0.862592,0.866383,0.870750,0.875405,0.880416,0.885627,0.891036,0.896570,0.902200,0.907904,0.913641,0.919422,0.925192,0.930994,0.936738,0.942515,0.948166,0.953855,0.959313,0.964813,0.969934,0.975091,0.979676,0.984272,0.988079,0.991846,0.994606,0.997253,0.998713,0.999770,1.000000,0.999566,0.997897,0.995825,0.992908,0.989640,0.985755,0.981586,0.976992,0.972180,0.967091,0.961845,0.956429,0.950904,0.945283,0.939588,0.933844,0.928053,0.922242,0.916399,0.910557,0.904692,0.898844,0.892976,0.887145,0.881295,0.875508,0.869701,0.863995,0.858269,0.852700,0.847111,0.841755,0.836384,0.831343,0.826298,0.821701,0.817118,0.813117,0.809157,0.805918,0.802759,0.800446,0.798262,0.797020,0.795960,0.795889,0.796051,0.797188,0.798597,0.800904,0.803502,0.806865,0.810514,0.814764,0.819271,0.824206,0.829354,0.834772,0.840350,0.846072,0.851903,0.857787,0.863738,0.869684,0.875666,0.881616,0.887580,0.893506,0.899435,0.905331,0.911227,0.917103,0.922980,0.928850,0.934728,0.940608,0.946504,0.952408,0.958335,0.964267,0.970231,0.976183,0.982175,0.988120,0.994115,1.000000
4.4000,-0.000000,0.000865,0.001519,0.002082,0.002502,0.002847,0.003117,0.003325,0.003526,0.003679,0.003899,0.004082,0.004416,0.004727,0.005288,0.005840,0.006754,0.007679,0.009087,0.010538,0.012589,0.014727,0.017558,0.020535,0.024239,0.028157,0.032739,0.037599,0.042938,0.048584,0.054410,0.060518,0.066450,0.072575,0.078199,0.083885,0.088844,0.093730,0.097795,0.101682,0.104776,0.107637,0.109815,0.111746,0.113155,0.114334,0.115171,0.115811,0.116296,0.116624,0.116988,0.117238,0.117716,0.118125,0.118959,0.119773,0.121204,0.122679,0.124937,0.127325,0.130595,0.134105,0.138463,0.143256,0.150000,0.154425,0.160341,0.166580,0.172429,0.178419,0.183740,0.189040,0.193540,0.197902,0.201453,0.204800,0.207409,0.209791,0.211553,0.213092,0.214151,0.215009,0.215533,0.215888,0.216053,0.216084,0.216066,0.215948,0.215922,0.215830,0.215965,0.216070,0.216534,0.217005,0.217955,0.218953,0.220529,0.222198,0.224512,0.226963,0.230080,0.233375,0.237301,0.241435,0.246108,0.251003,0.256294,0.261802,0.267526,0.273441,0.279374,0.285455,0.291358,0.297351,0.302989,0.308655,0.313825,0.318960,0.323505,0.327960,0.331782,0.335473,0.338533,0.341435,0.343748,0.345893,0.347519,0.348979,0.350005,0.350877,0.351406,0.351799,0.351938,0.351963,0.351817,0.351580,0.351251,0.350850,0.350429,0.349955,0.349531,0.349071,0.348729,0.348367,0.348193,0.348013,0.348098,0.348191,0.348631,0.349098,0.350000,1.000000,0.994084,0.988166,0.982217,0.976278,0.970316,0.964368,0.958401,0.952450,0.946483,0.940533,0.934565,0.928620,0.922654,0.916727,0.910772,0.904888,0.898967,0.893182,0.887349,0.881759,0.876113,0.870875,0.865584,0.860923,0.856238,0.852438,0.848681,0.846051,0.843567,0.842370,0.841441,0.841820,0.842569,0.844496,0.846842,0.850127,0.853812,0.858159,0.862835,0.867920,0.873243,0.878784,0.884475,0.890260,0.896128,0.902022,0.907958,0.913892,0.919847,0.925790,0.931753,0.937688,0.943657,0.949552,0.955508,0.961287,0.967157,0.972665,0.978285,0.983261,0.988341,0.992399,0.996280,1.000000,1.001663,1.002331,1.002573,1.001458,0.999866,0.997193,0.994072,0.990173,0.985901,0.981122,0.976064,0.970712,0.965170,0.959483,0.953679,0.947819,0.941897,0.935966,0.930006,0.924054,0.918091,0.912137,0.906178,0.900224,0.894261,0.888309,0.882338,0.876402,0.870437,0.864559,0.858643,0.852901,0.847119,0.841634,0.836118,0.831046,0.825968,0.821494,0.817055,0.813370,0.809772,0.807052,0.804475,0.802855,0.801432,0.800994,0.800797,0.801557,0.802586,0.804496,0.806685,0.809637,0.812862,0.816708,0.820802,0.825367,0.830145,0.835253,0.840530,0.846016,0.851630,0.857358,0.863175,0.869040,0.874964,0.880894,0.886862,0.892815,0.898791,0.904743,0.910712,0.916656,0.922616,0.928555,0.934510,0.940449,0.946407,0.952351,0.958320,0.964271,0.970252,0.976205,0.982195,0.988133,0.994115,1.000000
4.5000,0.000000,0.000774,0.000841,0.000595,-0.000118,-0.001082,-0.002294,-0.003697,-0.005150,-0.006738,-0.008192,-0.009731,-0.010959,-0.012227,-0.013007,-0.013782,-0.013900,-0.013960,-0.013215,-0.012348,-0.010575,-0.008605,-0.005708,-0.002539,0.001471,0.005811,0.010783,0.016104,0.021751,0.027707,0.033645,0.039799,0.045626,0.051548,0.056932,0.062290,0.067010,0.071612,0.075574,0.079364,0.082587,0.085619,0.088199,0.090596,0.092676,0.094597,0.096344,0.097962,0.099550,0.101042,0.102646,0.104190,0.105986,0.107760,0.109919,0.112096,0.114781,0.117534,0.120885,0.124364,0.128480,0.132792,0.137688,0.142902,0.150000,0.154422,0.160362,0.166529,0.172377,0.178333,0.183739,0.189137,0.193855,0.198470,0.202369,0.206101,0.209155,0.212012,0.214280,0.216345,0.217937,0.219341,0.220403,0.221302,0.221994,0.222553,0.223040,0.223426,0.223872,0.224250,0.224816,0.225348,0.226190,0.227033,0.228297,0.229600,0.231417,0.233312,0.235786,0.238377,0.241576,0.244930,0.248872,0.252997,0.257641,0.262486,0.267728,0.273173,0.278856,0.284724,0.290642,0.296711,0.302634,0.308658,0.314352,0.320086,0.325334,0.330562,0.335190,0.339740,0.343625,0.347385,0.350463,0.353381,0.355641,0.357723,0.359203,0.360500,0.361271,0.361867,0.362028,0.362028,0.361690,0.361209,0.360491,0.359651,0.358672,0.357595,0.356480,0.355287,0.354159,0.352975,0.351964,0.350918,0.350158,0.349386,0.349023,0.348674,0.348862,0.349098,0.350000,1.000000,0.993993,0.988040,0.982032,0.976121,0.970215,0.964386,0.958583,0.952809,0.947059,0.941285,0.935515,0.929688,0.923837,0.917935,0.911977,0.906024,0.899988,0.894080,0.888074,0.882390,0.876613,0.871412,0.866157,0.861756,0.857381,0.854108,0.850972,0.849093,0.847471,0.847126,0.847131,0.848301,0.849862,0.852384,0.855284,0.858906,0.862849,0.867291,0.871980,0.876985,0.882166,0.887531,0.893014,0.898592,0.904245,0.909937,0.915678,0.921417,0.927192,0.932926,0.938694,0.944371,0.950086,0.955635,0.961230,0.966544,0.971911,0.976832,0.981803,0.986106,0.990440,0.993828,0.997010,1.000001,1.001281,1.001695,1.001758,1.000640,0.999135,0.996640,0.993771,0.990139,0.986178,0.981678,0.976915,0.971804,0.966501,0.960996,0.955362,0.949625,0.943811,0.937953,0.932053,0.926139,0.920206,0.914272,0.908327,0.902390,0.896442,0.890515,0.884573,0.878679,0.872762,0.866944,0.861098,0.855428,0.849730,0.844315,0.838879,0.833859,0.828838,0.824378,0.819951,0.816230,0.812585,0.809773,0.807088,0.805329,0.803749,0.803138,0.802753,0.803329,0.804165,0.805902,0.807915,0.810724,0.813809,0.817553,0.821555,0.826065,0.830800,0.835897,0.841176,0.846684,0.852331,0.858098,0.863961,0.869865,0.875827,0.881779,0.887762,0.893706,0.899661,0.905572,0.911482,0.917355,0.923223,0.929072,0.934919,0.940765,0.946617,0.952484,0.958368,0.964274,0.970211,0.976154,0.982146,0.988097,0.994115,1.000000
4.6000,0.000000,0.000804,0.001076,0.001113,0.000796,0.000289,-0.000406,-0.001249,-0.002119,-0.003098,-0.003948,-0.004871,-0.005506,-0.006178,-0.006399,-0.006619,-0.006225,-0.005782,-0.004576,-0.003259,-0.001070,0.001306,0.004583,0.008133,0.012489,0.017192,0.022457,0.028097,0.033927,0.040088,0.046012,0.052144,0.057667,0.063233,0.067957,0.072566,0.076266,0.079737,0.082373,0.084728,0.086419,0.087826,0.088786,0.089495,0.089993,0.090288,0.090616,0.090796,0.091253,0.091623,0.092511,0.093383,0.094984,0.096660,0.099206,0.101934,0.105552,0.109456,0.114109,0.119109,0.124571,0.130367,0.136264,0.142351,0.150000,0.154449,0.159967,0.165474,0.170406,0.175248,0.179513,0.183646,0.187245,0.190696,0.193682,0.196520,0.198977,0.201298,0.203327,0.205236,0.206945,0.208552,0.210054,0.211476,0.212887,0.214239,0.215675,0.217074,0.218649,0.220213,0.222036,0.223875,0.226049,0.228266,0.230880,0.233564,0.236686,0.239904,0.243577,0.247368,0.251603,0.255973,0.260744,0.265662,0.270908,0.276303,0.281925,0.287691,0.293557,0.299553,0.305502,0.311557,0.317405,0.323322,0.328871,0.334444,0.339500,0.344527,0.348921,0.353230,0.356831,0.360298,0.363030,0.365590,0.367437,0.369090,0.370091,0.370891,0.371131,0.371176,0.370765,0.370179,0.369249,0.368166,0.366852,0.365411,0.363852,0.362189,0.360521,0.358774,0.357136,0.355442,0.353979,0.352482,0.351349,0.350207,0.349570,0.348955,0.348995,0.349098,0.350000,1.000000,0.994035,0.988087,0.982094,0.976149,0.970193,0.964280,0.958372,0.952482,0.946596,0.940703,0.934802,0.928882,0.922936,0.916986,0.910986,0.905045,0.899029,0.893198,0.887275,0.881738,0.876110,0.871139,0.866114,0.862056,0.858029,0.855251,0.852635,0.851440,0.850555,0.851089,0.852047,0.854247,0.856912,0.860522,0.864560,0.869219,0.874209,0.879545,0.885097,0.890805,0.896628,0.902504,0.908424,0.914357,0.920299,0.926244,0.932193,0.938129,0.944090,0.949977,0.955921,0.961656,0.967472,0.972854,0.978313,0.983041,0.987789,0.991503,0.995123,0.997492,0.999629,1.000448,1.000720,1.000000,0.999045,0.996807,0.994185,0.990850,0.987201,0.983047,0.978649,0.973906,0.968982,0.963831,0.958549,0.953125,0.947610,0.942012,0.936350,0.930647,0.924899,0.919138,0.913345,0.907561,0.901752,0.895974,0.890175,0.884433,0.878671,0.873004,0.867318,0.861775,0.856217,0.850868,0.845509,0.840440,0.835372,0.830687,0.826020,0.821836,0.817692,0.814134,0.810643,0.807834,0.805124,0.803179,0.801365,0.800379,0.799559,0.799602,0.799843,0.800948,0.802278,0.804432,0.806832,0.809973,0.813367,0.817384,0.821644,0.826386,0.831344,0.836634,0.842101,0.847761,0.853554,0.859422,0.865378,0.871327,0.877322,0.883261,0.889216,0.895096,0.900971,0.906779,0.912570,0.918316,0.924045,0.929760,0.935465,0.941189,0.946915,0.952687,0.958478,0.964323,0.970209,0.976129,0.982115,0.988069,0.994115,1.000000
4.7000,-0.000000,0.000852,0.001327,0.001657,0.001701,0.001621,0.001345,0.000964,0.000481,-0.000093,-0.000664,-0.001310,-0.001836,-0.002422,-0.002750,-0.003117,-0.003067,-0.003030,-0.002400,-0.001739,-0.000313,0.001213,0.003635,0.006251,0.009794,0.013641,0.018279,0.023307,0.028805,0.034699,0.040621,0.046840,0.052661,0.058609,0.063877,0.069096,0.073540,0.077809,0.081357,0.084676,0.087413,0.089921,0.092017,0.093916,0.095572,0.097076,0.098491,0.099800,0.101158,0.102450,0.103916,0.105353,0.107075,0.108803,0.110920,0.113074,0.115714,0.118428,0.121705,0.125100,0.129100,0.133274,0.138026,0.143074,0.150000,0.154304,0.160198,0.166339,0.172255,0.178320,0.183887,0.189492,0.194405,0.199250,0.203300,0.207199,0.210291,0.213176,0.215314,0.217221,0.218488,0.219525,0.220059,0.220383,0.220357,0.220149,0.219749,0.219203,0.218626,0.217938,0.217383,0.216755,0.216423,0.216059,0.216153,0.216260,0.216975,0.217755,0.219263,0.220897,0.223324,0.225940,0.229339,0.232981,0.237309,0.241910,0.247021,0.252404,0.258065,0.263962,0.269889,0.275986,0.281887,0.287879,0.293495,0.299123,0.304257,0.309337,0.313865,0.318291,0.322154,0.325887,0.329083,0.332135,0.334697,0.337117,0.339103,0.340955,0.342434,0.343792,0.344836,0.345773,0.346454,0.347042,0.347431,0.347738,0.347905,0.348000,0.348014,0.347969,0.347905,0.347793,0.347732,0.347634,0.347662,0.347667,0.347879,0.348084,0.348585,0.349098,0.350000,1.000000,0.994069,0.988134,0.982161,0.976207,0.970233,0.964285,0.958328,0.952393,0.946454,0.940527,0.934596,0.928665,0.922724,0.916779,0.910809,0.904855,0.898854,0.892934,0.886938,0.881158,0.875277,0.869839,0.864298,0.859514,0.854676,0.850945,0.847279,0.845001,0.842959,0.842403,0.842243,0.843446,0.845125,0.847880,0.851092,0.855048,0.859371,0.864150,0.869186,0.874473,0.879922,0.885494,0.891162,0.896881,0.902657,0.908440,0.914260,0.920057,0.925884,0.931655,0.937456,0.943155,0.948889,0.954454,0.960059,0.965395,0.970777,0.975748,0.980765,0.985176,0.989621,0.993209,0.996626,1.000000,1.001568,1.002407,1.002948,1.002273,1.001239,0.999128,0.996639,0.993275,0.989555,0.985191,0.980525,0.975437,0.970119,0.964562,0.958848,0.953030,0.947122,0.941192,0.935222,0.929268,0.923308,0.917368,0.911437,0.905511,0.899596,0.893668,0.887740,0.881795,0.875831,0.869878,0.863884,0.857973,0.852004,0.846245,0.840423,0.834988,0.829507,0.824621,0.819736,0.815652,0.811637,0.808593,0.805698,0.803871,0.802270,0.801749,0.801510,0.802285,0.803369,0.805343,0.807622,0.810635,0.813927,0.817793,0.821898,0.826429,0.831152,0.836176,0.841350,0.846725,0.852212,0.857825,0.863520,0.869288,0.875114,0.880976,0.886880,0.892795,0.898742,0.904683,0.910648,0.916600,0.922571,0.928525,0.934497,0.940450,0.946422,0.952376,0.958350,0.964303,0.970282,0.976232,0.982212,0.988145,0.994115,1.000000
4.8000,-0.000000,0.000836,0.001314,0.001636,0.001719,0.001674,0.001503,0.001231,0.000947,0.000586,0.000326,0.000015,-0.000076,-0.000195,0.000030,0.000255,0.000949,0.001677,0.002996,0.004390,0.006480,0.008697,0.011674,0.014838,0.018755,0.022924,0.027733,0.032845,0.038363,0.044197,0.050102,0.056276,0.062149,0.068182,0.073594,0.079023,0.083629,0.088111,0.091719,0.095101,0.097686,0.100001,0.101680,0.103090,0.104070,0.104813,0.105346,0.105689,0.106046,0.106264,0.106717,0.107088,0.107906,0.108706,0.110143,0.111634,0.113909,0.116325,0.119585,0.123076,0.127350,0.131930,0.137094,0.142623,0.150000,0.154559,0.160506,0.166635,0.172319,0.178054,0.183174,0.188239,0.192611,0.196854,0.200405,0.203782,0.206524,0.209075,0.211082,0.212899,0.214284,0.215495,0.216397,0.217147,0.217718,0.218164,0.218560,0.218861,0.219243,0.219561,0.220090,0.220588,0.221421,0.222260,0.223549,0.224882,0.226761,0.228726,0.231301,0.234005,0.237339,0.240842,0.244941,0.249240,0.254044,0.259061,0.264443,0.270033,0.275808,0.281765,0.287710,0.293793,0.299667,0.305622,0.311198,0.316789,0.321870,0.326905,0.331346,0.335690,0.339402,0.342980,0.345932,0.348727,0.350932,0.352971,0.354479,0.355824,0.356709,0.357440,0.357789,0.357999,0.357906,0.357690,0.357254,0.356711,0.356030,0.355260,0.354437,0.353541,0.352683,0.351770,0.350992,0.350177,0.349604,0.349012,0.348779,0.348551,0.348807,0.349098,0.350000,1.000000,0.994068,0.988133,0.982162,0.976209,0.970237,0.964286,0.958324,0.952377,0.946421,0.940473,0.934511,0.928558,0.922583,0.916633,0.910649,0.904736,0.898775,0.892969,0.887105,0.881530,0.875893,0.870737,0.865533,0.861050,0.856560,0.853052,0.849616,0.847389,0.845346,0.844640,0.844240,0.845156,0.846471,0.848931,0.851823,0.855588,0.859746,0.864480,0.869519,0.874881,0.880445,0.886157,0.891978,0.897851,0.903768,0.909698,0.915641,0.921584,0.927535,0.933472,0.939429,0.945327,0.951271,0.957048,0.962895,0.968397,0.973973,0.978956,0.983984,0.988129,0.992248,0.995211,0.997827,1.000000,1.000756,1.000480,0.999807,0.998036,0.995867,0.992827,0.989430,0.985389,0.981051,0.976272,0.971265,0.965980,0.960531,0.954926,0.949212,0.943422,0.937565,0.931680,0.925759,0.919833,0.913888,0.907947,0.901995,0.896053,0.890100,0.884169,0.878221,0.872326,0.866404,0.860591,0.854745,0.849096,0.843413,0.838045,0.832655,0.827723,0.822793,0.818478,0.814203,0.810691,0.807271,0.804737,0.802348,0.800922,0.799697,0.799455,0.799458,0.800409,0.801632,0.803717,0.806082,0.809185,0.812556,0.816521,0.820727,0.825382,0.830239,0.835410,0.840742,0.846272,0.851923,0.857683,0.863526,0.869414,0.875357,0.881301,0.887277,0.893230,0.899201,0.905139,0.911086,0.917000,0.922919,0.928816,0.934718,0.940609,0.946510,0.952413,0.958333,0.964260,0.970215,0.976165,0.982158,0.988106,0.994115,1.000000
4.9000,-0.000000,0.000796,0.000888,0.000690,-0.000008,-0.000946,-0.002190,-0.003626,-0.005185,-0.006890,-0.008538,-0.010295,-0.011807,-0.013391,-0.014533,-0.015706,-0.016224,-0.016721,-0.016354,-0.015889,-0.014397,-0.012701,-0.009919,-0.006813,-0.002736,0.001764,0.006922,0.012525,0.018338,0.024511,0.030435,0.036553,0.042088,0.047633,0.052441,0.057119,0.061066,0.064804,0.067920,0.070807,0.073233,0.075448,0.077381,0.079139,0.080789,0.082310,0.083887,0.085381,0.087079,0.088741,0.090740,0.092748,0.095204,0.097714,0.100754,0.103895,0.107608,0.111468,0.115887,0.120498,0.125582,0.130894,0.136514,0.142376,0.150000,0.154548,0.160427,0.166396,0.171927,0.177452,0.182442,0.187358,0.191708,0.195937,0.199621,0.203160,0.206206,0.209101,0.211578,0.213908,0.215909,0.217777,0.219411,0.220930,0.222317,0.223609,0.224873,0.226065,0.227333,0.228554,0.229954,0.231333,0.232990,0.234655,0.236687,0.238759,0.241271,0.243855,0.246932,0.250112,0.253805,0.257632,0.261953,0.266432,0.271341,0.276425,0.281833,0.287417,0.293183,0.299112,0.305051,0.311125,0.317022,0.323010,0.328641,0.334307,0.339459,0.344584,0.349075,0.353483,0.357183,0.360750,0.363585,0.366251,0.368206,0.369970,0.371078,0.371989,0.372325,0.372469,0.372134,0.371622,0.370735,0.369690,0.368380,0.366934,0.365335,0.363622,0.361873,0.360032,0.358278,0.356454,0.354852,0.353203,0.351925,0.350626,0.349864,0.349113,0.349075,0.349098,0.350000,1.000000,0.994002,0.988049,0.982038,0.976125,0.970211,0.964389,0.958592,0.952846,0.947130,0.941409,0.935705,0.929946,0.924178,0.918335,0.912444,0.906513,0.900489,0.894546,0.888472,0.882708,0.876799,0.871535,0.866169,0.861831,0.857506,0.854536,0.851755,0.850481,0.849568,0.850088,0.851075,0.853242,0.855880,0.859376,0.863271,0.867722,0.872468,0.877539,0.882803,0.888239,0.893791,0.899422,0.905121,0.910841,0.916603,0.922344,0.928116,0.933822,0.939558,0.945166,0.950805,0.956229,0.961684,0.966804,0.971948,0.976602,0.981265,0.985256,0.989222,0.992320,0.995343,0.997310,0.998948,1.000000,1.000101,0.999156,0.997848,0.995643,0.993101,0.989854,0.986318,0.982253,0.977953,0.973275,0.968415,0.963299,0.958049,0.952635,0.947125,0.941518,0.935845,0.930120,0.924352,0.918561,0.912743,0.906924,0.901085,0.895268,0.889433,0.883645,0.877840,0.872122,0.866383,0.860787,0.855171,0.849774,0.844360,0.839264,0.834162,0.829493,0.824838,0.820744,0.816693,0.813331,0.810050,0.807573,0.805220,0.803757,0.802466,0.802111,0.801971,0.802768,0.803812,0.805742,0.807940,0.810923,0.814179,0.818087,0.822251,0.826915,0.831805,0.837040,0.842458,0.848082,0.853844,0.859694,0.865636,0.871580,0.877577,0.883521,0.889486,0.895374,0.901259,0.907067,0.912860,0.918595,0.924311,0.930002,0.935678,0.941368,0.947055,0.952789,0.958540,0.964355,0.970213,0.976118,0.982098,0.988052,0.994115,1.000000
5.0000,0.000000,0.000855,0.001441,0.001912,0.002197,0.002388,0.002474,0.002484,0.002470,0.002395,0.002382,0.002324,0.002422,0.002489,0.002820,0.003138,0.003839,0.004551,0.005777,0.007046,0.008959,0.010962,0.013710,0.016616,0.020302,0.024226,0.028851,0.033789,0.039204,0.044964,0.050842,0.057024,0.062915,0.068987,0.074422,0.079874,0.084488,0.088966,0.092574,0.095947,0.098548,0.100879,0.102611,0.104084,0.105162,0.106019,0.106687,0.107183,0.107689,0.108075,0.108662,0.109180,0.110079,0.110963,0.112392,0.113863,0.116017,0.118279,0.121308,0.124519,0.128495,0.132732,0.137614,0.142861,0.150000,0.154464,0.160412,0.166596,0.172401,0.178309,0.183591,0.188849,0.193350,0.197723,0.201314,0.204711,0.207384,0.209835,0.211671,0.213285,0.214422,0.215356,0.215962,0.216397,0.216654,0.216774,0.216865,0.216856,0.216962,0.217006,0.217304,0.217577,0.218234,0.218907,0.220077,0.221306,0.223121,0.225039,0.227597,0.230299,0.233647,0.237175,0.241302,0.245633,0.250461,0.255501,0.260895,0.266489,0.272263,0.278208,0.284151,0.290220,0.296111,0.302075,0.307706,0.313355,0.318549,0.323708,0.328328,0.332869,0.336822,0.340662,0.343899,0.346998,0.349509,0.351868,0.353673,0.355322,0.356470,0.357464,0.358023,0.358435,0.358488,0.358405,0.358047,0.357567,0.356902,0.356132,0.355275,0.354329,0.353400,0.352402,0.351534,0.350617,0.349951,0.349260,0.348949,0.348641,0.348851,0.349098,0.350000,1.000000,0.994077,0.988151,0.982192,0.976245,0.970274,0.964320,0.958349,0.952395,0.946425,0.940471,0.934500,0.928547,0.922573,0.916628,0.910653,0.904741,0.898787,0.892960,0.887078,0.881439,0.875732,0.870451,0.865102,0.860427,0.855715,0.851969,0.848264,0.845795,0.843494,0.842592,0.842003,0.842798,0.844019,0.846430,0.849300,0.853055,0.857221,0.861955,0.866998,0.872353,0.877906,0.883602,0.889407,0.895263,0.901168,0.907085,0.913022,0.918955,0.924902,0.930827,0.936776,0.942662,0.948589,0.954369,0.960208,0.965758,0.971377,0.976503,0.981687,0.986119,0.990568,0.993976,0.997120,1.000000,1.001220,1.001490,1.001388,1.000061,0.998323,0.995576,0.992432,0.988534,0.984295,0.979546,0.974532,0.969212,0.963708,0.958044,0.952267,0.946422,0.940517,0.934594,0.928645,0.922697,0.916741,0.910788,0.904832,0.898879,0.892919,0.886972,0.881009,0.875092,0.869147,0.863309,0.857437,0.851767,0.846065,0.840689,0.835295,0.830372,0.825460,0.821171,0.816932,0.813455,0.810077,0.807568,0.805210,0.803782,0.802552,0.802263,0.802209,0.803057,0.804162,0.806092,0.808283,0.811192,0.814352,0.818107,0.822090,0.826542,0.831191,0.836187,0.841347,0.846746,0.852273,0.857946,0.863715,0.869557,0.875464,0.881392,0.887360,0.893314,0.899289,0.905232,0.911183,0.917100,0.923017,0.928909,0.934799,0.940680,0.946564,0.952454,0.958356,0.964272,0.970215,0.976161,0.982150,0.988101,0.994115,1.000000
5.1000,-0.000000,0.000815,0.001133,0.001240,0.001005,0.000596,-0.000006,-0.000746,-0.001539,-0.002437,-0.003248,-0.004133,-0.004788,-0.005485,-0.005803,-0.006130,-0.005919,-0.005678,-0.004744,-0.003727,-0.001887,0.000104,0.002986,0.006104,0.010070,0.014353,0.019302,0.024616,0.030273,0.036276,0.042221,0.048417,0.054174,0.060034,0.065189,0.070293,0.074580,0.078693,0.082018,0.085103,0.087525,0.089692,0.091374,0.092821,0.093981,0.094946,0.095826,0.096559,0.097405,0.098156,0.099213,0.100228,0.101725,0.103241,0.105385,0.107615,0.110567,0.113678,0.117522,0.121595,0.126309,0.131302,0.136732,0.142463,0.150000,0.154563,0.160482,0.166544,0.172124,0.177733,0.182689,0.187574,0.191725,0.195729,0.199000,0.202078,0.204483,0.206679,0.208304,0.209722,0.210698,0.211484,0.211969,0.212292,0.212459,0.212495,0.212522,0.212454,0.212521,0.212529,0.212815,0.213080,0.213757,0.214454,0.215681,0.216973,0.218885,0.220908,0.223599,0.226446,0.229954,0.233656,0.237953,0.242467,0.247456,0.252663,0.258182,0.263902,0.269748,0.275758,0.281707,0.287769,0.293598,0.299484,0.304994,0.310504,0.315532,0.320509,0.324939,0.329276,0.333034,0.336670,0.339729,0.342647,0.345016,0.347235,0.348952,0.350520,0.351645,0.352628,0.353239,0.353718,0.353899,0.353963,0.353806,0.353548,0.353149,0.352666,0.352123,0.351511,0.350925,0.350287,0.349762,0.349203,0.348851,0.348483,0.348420,0.348362,0.348715,0.349098,0.350000,1.000000,0.994041,0.988096,0.982104,0.976154,0.970188,0.964265,0.958339,0.952438,0.946536,0.940638,0.934731,0.928814,0.922874,0.916928,0.910941,0.904991,0.898976,0.893096,0.887131,0.881468,0.875714,0.870504,0.865224,0.860785,0.856341,0.853033,0.849836,0.847988,0.846394,0.846207,0.846400,0.847881,0.849806,0.852766,0.856159,0.860283,0.864765,0.869701,0.874893,0.880330,0.885927,0.891638,0.897434,0.903273,0.909153,0.915041,0.920950,0.926843,0.932756,0.938616,0.944507,0.950270,0.956079,0.961633,0.967242,0.972413,0.977627,0.982174,0.986724,0.990362,0.993932,0.996374,0.998455,1.000000,1.000428,0.999777,0.998755,0.996677,0.994222,0.990921,0.987276,0.983007,0.978451,0.973475,0.968281,0.962834,0.957236,0.951508,0.945687,0.939814,0.933892,0.927957,0.922004,0.916052,0.910097,0.904143,0.898188,0.892234,0.886274,0.880327,0.874361,0.868446,0.862501,0.856675,0.850811,0.845173,0.839500,0.834189,0.828861,0.824051,0.819257,0.815139,0.811084,0.807840,0.804715,0.802495,0.800447,0.799350,0.798472,0.798534,0.798846,0.800041,0.801501,0.803752,0.806264,0.809450,0.812880,0.816858,0.821053,0.825671,0.830472,0.835580,0.840836,0.846298,0.851875,0.857576,0.863361,0.869207,0.875111,0.881033,0.886993,0.892944,0.898917,0.904869,0.910834,0.916774,0.922723,0.928652,0.934588,0.940513,0.946449,0.952380,0.958327,0.964270,0.970239,0.976192,0.982181,0.988124,0.994115,1.000000
5.2000,0.000000,0.000809,0.001025,0.000998,0.000549,-0.000103,-0.001015,-0.002090,-0.003270,-0.004579,-0.005836,-0.007190,-0.008329,-0.009535,-0.010344,-0.011188,-0.011437,-0.011675,-0.011113,-0.010474,-0.008858,-0.007063,-0.004209,-0.001049,0.003082,0.007638,0.012851,0.018535,0.024386,0.030625,0.036515,0.042601,0.047963,0.053304,0.057772,0.062056,0.065511,0.068701,0.071225,0.073476,0.075272,0.076829,0.078149,0.079283,0.080386,0.081362,0.082495,0.083556,0.084943,0.086313,0.088151,0.090027,0.092479,0.095024,0.098208,0.101539,0.105511,0.109682,0.114423,0.119400,0.124792,0.130441,0.136267,0.142308,0.150000,0.154523,0.160201,0.165906,0.171068,0.176168,0.180692,0.185100,0.188953,0.192665,0.195875,0.198938,0.201569,0.204060,0.206197,0.208206,0.209945,0.211571,0.213014,0.214361,0.215615,0.216791,0.217968,0.219085,0.220300,0.221477,0.222849,0.224207,0.225858,0.227522,0.229570,0.231661,0.234215,0.236845,0.239992,0.243251,0.247045,0.250984,0.255430,0.260049,0.265094,0.270327,0.275857,0.281573,0.287417,0.293425,0.299374,0.305446,0.311270,0.317162,0.322640,0.328124,0.333065,0.337952,0.342211,0.346366,0.349854,0.353199,0.355879,0.358392,0.360275,0.361981,0.363117,0.364077,0.364544,0.364843,0.364736,0.364477,0.363905,0.363198,0.362273,0.361234,0.360074,0.358819,0.357543,0.356193,0.354923,0.353601,0.352469,0.351306,0.350450,0.349585,0.349154,0.348740,0.348893,0.349098,0.350000,1.000000,0.994023,0.988073,0.982070,0.976132,0.970183,0.964299,0.958423,0.952587,0.946764,0.940945,0.935129,0.929285,0.923427,0.917529,0.911586,0.905637,0.899607,0.893679,0.887630,0.881899,0.876026,0.870801,0.865461,0.861174,0.856883,0.854010,0.851323,0.850239,0.849545,0.850373,0.851716,0.854281,0.857364,0.861287,0.865632,0.870475,0.875609,0.880999,0.886562,0.892238,0.898004,0.903810,0.909660,0.915511,0.921389,0.927233,0.933104,0.938895,0.944717,0.950381,0.956082,0.961508,0.966971,0.972003,0.977057,0.981492,0.985918,0.989521,0.993063,0.995588,0.997982,0.999208,1.000028,1.000000,0.999422,0.997629,0.995447,0.992480,0.989183,0.985312,0.981178,0.976638,0.971898,0.966883,0.961720,0.956378,0.950931,0.945374,0.939741,0.934047,0.928301,0.922524,0.916712,0.910892,0.905045,0.899209,0.893352,0.887523,0.881675,0.875882,0.870068,0.864348,0.858605,0.853015,0.847401,0.842023,0.836626,0.831572,0.826510,0.821923,0.817350,0.813392,0.809484,0.806330,0.803270,0.801078,0.799033,0.797928,0.797022,0.797076,0.797371,0.798591,0.800079,0.802407,0.805010,0.808330,0.811915,0.816074,0.820471,0.825296,0.830321,0.835637,0.841111,0.846759,0.852522,0.858367,0.864288,0.870223,0.876204,0.882157,0.888130,0.894057,0.899987,0.905869,0.911746,0.917585,0.923418,0.929233,0.935045,0.940862,0.946684,0.952529,0.958392,0.964284,0.970210,0.976148,0.982139,0.988091,0.994115,1.000000
5.3000,0.000000,0.000834,0.001330,0.001673,0.001795,0.001792,0.001683,0.001477,0.001274,0.001000,0.000840,0.000635,0.000657,0.000659,0.001006,0.001359,0.002174,0.003029,0.004457,0.005964,0.008136,0.010434,0.013453,0.016651,0.020561,0.024704,0.029463,0.034497,0.039949,0.045689,0.051557,0.057681,0.063597,0.069686,0.075257,0.080880,0.085759,0.090557,0.094512,0.098279,0.101227,0.103926,0.105930,0.107667,0.108891,0.109867,0.110541,0.111006,0.111388,0.111610,0.111971,0.112227,0.112837,0.113401,0.114522,0.115666,0.117532,0.119502,0.122292,0.125272,0.129068,0.133132,0.137880,0.142998,0.150000,0.154367,0.160285,0.166438,0.172331,0.178346,0.183869,0.189405,0.194301,0.199118,0.203231,0.207198,0.210472,0.213561,0.216020,0.218280,0.220011,0.221548,0.222679,0.223634,0.224316,0.224848,0.225244,0.225521,0.225799,0.225990,0.226318,0.226594,0.227139,0.227667,0.228590,0.229535,0.230987,0.232502,0.234611,0.236829,0.239692,0.242707,0.246367,0.250218,0.254653,0.259306,0.264419,0.269758,0.275379,0.281210,0.287114,0.293189,0.299117,0.305157,0.310854,0.316592,0.321833,0.327045,0.331657,0.336182,0.340055,0.343796,0.346883,0.349810,0.352113,0.354245,0.355810,0.357202,0.358102,0.358837,0.359161,0.359336,0.359186,0.358903,0.358385,0.357753,0.356977,0.356105,0.355182,0.354182,0.353228,0.352217,0.351353,0.350453,0.349810,0.349152,0.348871,0.348597,0.348828,0.349098,0.350000,1.000000,0.994068,0.988135,0.982166,0.976213,0.970242,0.964289,0.958325,0.952374,0.946412,0.940461,0.934494,0.928540,0.922562,0.916619,0.910641,0.904743,0.898800,0.893020,0.887188,0.881644,0.876049,0.870917,0.865749,0.861260,0.856773,0.853197,0.849690,0.847304,0.845081,0.844113,0.843412,0.843981,0.844904,0.846980,0.849456,0.852861,0.856653,0.861102,0.865872,0.871043,0.876444,0.882051,0.887794,0.893621,0.899512,0.905427,0.911364,0.917305,0.923252,0.929195,0.935149,0.941071,0.947026,0.952874,0.958779,0.964433,0.970157,0.975417,0.980733,0.985321,0.989914,0.993506,0.996820,1.000000,1.001431,1.002081,1.002399,1.001547,1.000325,0.998100,0.995510,0.992122,0.988404,0.984100,0.979523,0.974549,0.969369,0.963947,0.958381,0.952684,0.946896,0.941051,0.935154,0.929240,0.923300,0.917360,0.911408,0.905461,0.899506,0.893561,0.887604,0.881675,0.875725,0.869843,0.863931,0.858157,0.852346,0.846779,0.841179,0.835959,0.830722,0.826028,0.821348,0.817381,0.813475,0.810433,0.807512,0.805566,0.803804,0.803068,0.802571,0.803085,0.803877,0.805601,0.807620,0.810444,0.813556,0.817321,0.821347,0.825869,0.830612,0.835704,0.840972,0.846462,0.852085,0.857829,0.863666,0.869552,0.875497,0.881442,0.887422,0.893374,0.899342,0.905274,0.911211,0.917114,0.923018,0.928900,0.934784,0.940661,0.946545,0.952436,0.958344,0.964263,0.970212,0.976160,0.982153,0.988102,0.994115,1.000000
5.4000,0.000000,0.000822,0.001148,0.001267,0.001036,0.000633,0.000017,-0.000736,-0.001569,-0.002508,-0.003393,-0.004357,-0.005127,-0.005947,-0.006425,-0.006925,-0.006921,-0.006902,-0.006216,-0.005465,-0.003901,-0.002202,0.000402,0.003228,0.006946,0.010977,0.015737,0.020870,0.026419,0.032330,0.038256,0.044449,0.050279,0.056225,0.061551,0.066841,0.071407,0.075823,0.079542,0.083054,0.085981,0.088691,0.090968,0.093050,0.094858,0.096508,0.098039,0.099453,0.100892,0.102253,0.103772,0.105252,0.107009,0.108765,0.110908,0.113086,0.115748,0.118484,0.121777,0.125189,0.129192,0.133365,0.138099,0.143115,0.150000,0.154241,0.160109,0.166216,0.172152,0.178246,0.183889,0.189583,0.194619,0.199596,0.203809,0.207873,0.211168,0.214257,0.216649,0.218813,0.220401,0.221770,0.222706,0.223447,0.223908,0.224208,0.224378,0.224424,0.224486,0.224461,0.224593,0.224675,0.225048,0.225409,0.226187,0.226991,0.228322,0.229721,0.231732,0.233854,0.236634,0.239568,0.243156,0.246936,0.251306,0.255894,0.260950,0.266231,0.271810,0.277599,0.283484,0.289541,0.295481,0.301539,0.307282,0.313076,0.318395,0.323696,0.328407,0.333040,0.337022,0.340878,0.344070,0.347103,0.349502,0.351725,0.353373,0.354843,0.355816,0.356619,0.357014,0.357257,0.357183,0.356977,0.356549,0.356008,0.355339,0.354580,0.353783,0.352916,0.352103,0.351241,0.350526,0.349782,0.349281,0.348772,0.348608,0.348456,0.348758,0.349098,0.350000,1.000000,0.994046,0.988100,0.982110,0.976161,0.970196,0.964274,0.958352,0.952457,0.946565,0.940677,0.934787,0.928883,0.922964,0.917029,0.911061,0.905107,0.899094,0.893180,0.887183,0.881438,0.875596,0.870242,0.864804,0.860154,0.855480,0.851907,0.848424,0.846275,0.844366,0.843863,0.843732,0.844892,0.846492,0.849133,0.852200,0.856014,0.860180,0.864827,0.869730,0.874913,0.880266,0.885767,0.891372,0.897045,0.902779,0.908533,0.914327,0.920104,0.925913,0.931670,0.937456,0.943145,0.948866,0.954421,0.960013,0.965338,0.970703,0.975663,0.980659,0.985067,0.989496,0.993107,0.996544,1.000000,1.001660,1.002671,1.003415,1.002951,1.002149,1.000249,0.997977,0.994801,0.991266,0.987059,0.982545,0.977586,0.972393,0.966940,0.961331,0.955593,0.949762,0.943882,0.937957,0.932021,0.926069,0.920118,0.914164,0.908210,0.902255,0.896303,0.890342,0.884399,0.878438,0.872536,0.866603,0.860800,0.854961,0.849357,0.843720,0.838456,0.833175,0.828426,0.823690,0.819652,0.815674,0.812539,0.809522,0.807459,0.805573,0.804696,0.804049,0.804405,0.805031,0.806593,0.808446,0.811120,0.814082,0.817722,0.821626,0.826052,0.830707,0.835732,0.840943,0.846392,0.851980,0.857702,0.863520,0.869394,0.875329,0.881270,0.887246,0.893199,0.899169,0.905108,0.911053,0.916969,0.922887,0.928788,0.934691,0.940590,0.946496,0.952407,0.958335,0.964268,0.970228,0.976180,0.982170,0.988117,0.994115,1.000000
5.5000,0.000000,0.000816,0.001137,0.001247,0.001018,0.000614,0.000021,-0.000712,-0.001490,-0.002374,-0.003160,-0.004020,-0.004631,-0.005285,-0.005532,-0.005787,-0.005470,-0.005118,-0.004034,-0.002857,-0.000820,0.001388,0.004509,0.007891,0.012114,0.016683,0.021861,0.027427,0.033225,0.039372,0.045305,0.051464,0.057017,0.062622,0.067381,0.072026,0.075763,0.079269,0.081953,0.084355,0.086112,0.087590,0.088640,0.089449,0.090060,0.090478,0.090931,0.091246,0.091822,0.092320,0.093295,0.094258,0.095890,0.097589,0.100093,0.102756,0.106263,0.110022,0.114531,0.119362,0.124705,0.130387,0.136237,0.142323,0.150000,0.154518,0.160070,0.165627,0.170549,0.175376,0.179559,0.183593,0.187031,0.190299,0.193052,0.195637,0.197805,0.199818,0.201516,0.203079,0.204430,0.205668,0.206797,0.207837,0.208869,0.209836,0.210896,0.211915,0.213126,0.214323,0.215808,0.217306,0.219182,0.221100,0.223472,0.225918,0.228870,0.231930,0.235516,0.239241,0.243472,0.247865,0.252699,0.257708,0.263051,0.268567,0.274281,0.280148,0.286063,0.292100,0.298034,0.304049,0.309824,0.315635,0.321088,0.326535,0.331532,0.336483,0.340915,0.345270,0.349057,0.352741,0.355830,0.358794,0.361155,0.363376,0.365005,0.366480,0.367396,0.368151,0.368397,0.368481,0.368127,0.367615,0.366754,0.365744,0.364489,0.363101,0.361588,0.359958,0.358339,0.356624,0.355072,0.353447,0.352158,0.350824,0.350018,0.349205,0.349127,0.349098,0.350000,1.000000,0.994044,0.988099,0.982109,0.976159,0.970196,0.964272,0.958348,0.952445,0.946544,0.940642,0.934734,0.928811,0.922866,0.916917,0.910923,0.904978,0.898962,0.893108,0.887161,0.881567,0.875875,0.870804,0.865666,0.861469,0.857285,0.854349,0.851560,0.850216,0.849175,0.849592,0.850439,0.852560,0.855160,0.858722,0.862724,0.867353,0.872319,0.877632,0.883163,0.888851,0.894657,0.900517,0.906426,0.912348,0.918286,0.924223,0.930170,0.936096,0.942047,0.947920,0.953844,0.959570,0.965367,0.970769,0.976243,0.981054,0.985897,0.989785,0.993617,0.996244,0.998693,0.999801,1.000396,1.000000,0.999176,0.997025,0.994449,0.991100,0.987401,0.983163,0.978657,0.973796,0.968739,0.963460,0.958044,0.952499,0.946861,0.941155,0.935387,0.929588,0.923750,0.917904,0.912031,0.906167,0.900282,0.894424,0.888546,0.882716,0.876867,0.871101,0.865314,0.859663,0.853990,0.848529,0.843049,0.837879,0.832701,0.827950,0.823211,0.819023,0.814880,0.811408,0.808021,0.805403,0.802914,0.801261,0.799778,0.799154,0.798734,0.799156,0.799802,0.801240,0.802910,0.805295,0.807908,0.811145,0.814597,0.818572,0.822743,0.827338,0.832105,0.837195,0.842433,0.847899,0.853487,0.859213,0.865036,0.870919,0.876870,0.882819,0.888809,0.894752,0.900712,0.906604,0.912492,0.918312,0.924117,0.929876,0.935614,0.941344,0.947060,0.952808,0.958561,0.964374,0.970220,0.976119,0.982091,0.988045,0.994115,1.000000
5.6000,0.000000,0.000806,0.001037,0.001024,0.000610,-0.000005,-0.000858,-0.001871,-0.002967,-0.004184,-0.005330,-0.006564,-0.007568,-0.008626,-0.009287,-0.009966,-0.010074,-0.010154,-0.009493,-0.008744,-0.007114,-0.005319,-0.002575,0.000426,0.004321,0.008556,0.013479,0.018782,0.024433,0.030431,0.036375,0.042558,0.048329,0.054188,0.059402,0.064562,0.068987,0.073252,0.076818,0.080170,0.082939,0.085485,0.087604,0.089521,0.091181,0.092675,0.094081,0.095364,0.096723,0.098001,0.099508,0.100980,0.102820,0.104671,0.107008,0.109404,0.112375,0.115457,0.119154,0.123014,0.127467,0.132131,0.137281,0.142713,0.150000,0.154428,0.160378,0.166525,0.172347,0.178272,0.183622,0.188968,0.193570,0.198065,0.201749,0.205247,0.207959,0.210441,0.212234,0.213785,0.214786,0.215560,0.215946,0.216136,0.216106,0.215917,0.215678,0.215322,0.215080,0.214763,0.214721,0.214648,0.214999,0.215365,0.216284,0.217268,0.218900,0.220648,0.223091,0.225697,0.228988,0.232478,0.236585,0.240910,0.245736,0.250777,0.256168,0.261757,0.267526,0.273461,0.279401,0.285467,0.291367,0.297345,0.303001,0.308683,0.313911,0.319114,0.323762,0.328335,0.332294,0.336135,0.339345,0.342406,0.344861,0.347147,0.348884,0.350450,0.351544,0.352476,0.353025,0.353428,0.353541,0.353529,0.353317,0.353004,0.352576,0.352068,0.351528,0.350929,0.350376,0.349783,0.349316,0.348826,0.348543,0.348255,0.348258,0.348272,0.348669,0.349098,0.350000,1.000000,0.994027,0.988077,0.982077,0.976137,0.970187,0.964295,0.958410,0.952558,0.946717,0.940875,0.935034,0.929165,0.923280,0.917363,0.911404,0.905450,0.899426,0.893509,0.887495,0.881768,0.875936,0.870652,0.865290,0.860787,0.856283,0.852936,0.849715,0.847848,0.846252,0.846044,0.846222,0.847648,0.849510,0.852366,0.855635,0.859611,0.863923,0.868689,0.873697,0.878967,0.884394,0.889958,0.895616,0.901333,0.907105,0.912890,0.918708,0.924505,0.930328,0.936088,0.941876,0.947538,0.953234,0.958711,0.964223,0.969382,0.974574,0.979241,0.983920,0.987873,0.991801,0.994789,0.997516,1.000000,1.001067,1.001277,1.001186,0.999937,0.998332,0.995719,0.992738,0.988961,0.984845,0.980167,0.975213,0.969912,0.964414,0.958736,0.952935,0.947066,0.941135,0.935194,0.929234,0.923280,0.917329,0.911380,0.905439,0.899490,0.893541,0.887588,0.881619,0.875676,0.869702,0.863819,0.857896,0.852170,0.846406,0.840977,0.835527,0.830566,0.825620,0.821313,0.817065,0.813583,0.810211,0.807695,0.805337,0.803886,0.802631,0.802294,0.802183,0.802963,0.803988,0.805844,0.807953,0.810800,0.813899,0.817619,0.821574,0.826021,0.830676,0.835690,0.840876,0.846301,0.851858,0.857552,0.863341,0.869193,0.875106,0.881035,0.886998,0.892951,0.898922,0.904872,0.910832,0.916770,0.922715,0.928644,0.934581,0.940509,0.946448,0.952384,0.958336,0.964283,0.970254,0.976208,0.982193,0.988134,0.994115,1.000000
5.7000,0.000000,0.000864,0.001502,0.002045,0.002432,0.002741,0.002962,0.003120,0.003260,0.003349,0.003498,0.003606,0.003863,0.004091,0.004569,0.005035,0.005865,0.006704,0.008037,0.009408,0.011400,0.013478,0.016280,0.019231,0.022947,0.026892,0.031532,0.036477,0.041898,0.047662,0.053544,0.059735,0.065620,0.071694,0.077099,0.082523,0.087063,0.091460,0.094936,0.098164,0.100577,0.102703,0.104201,0.105426,0.106242,0.106826,0.107224,0.107442,0.107691,0.107814,0.108175,0.108465,0.109192,0.109907,0.111238,0.112622,0.114770,0.117047,0.120166,0.123503,0.127649,0.132101,0.137183,0.142663,0.150000,0.154603,0.160548,0.166683,0.172336,0.178025,0.183088,0.188077,0.192396,0.196575,0.200110,0.203475,0.206264,0.208877,0.211003,0.212961,0.214531,0.215949,0.217082,0.218084,0.218908,0.219621,0.220266,0.220823,0.221426,0.221965,0.222669,0.223335,0.224288,0.225234,0.226586,0.227966,0.229858,0.231822,0.234376,0.237047,0.240345,0.243805,0.247869,0.252131,0.256911,0.261908,0.267279,0.272865,0.278638,0.284599,0.290543,0.296630,0.302501,0.308455,0.314021,0.319605,0.324670,0.329691,0.334107,0.338427,0.342102,0.345642,0.348537,0.351272,0.353398,0.355353,0.356758,0.357992,0.358752,0.359351,0.359561,0.359625,0.359386,0.359021,0.358441,0.357754,0.356940,0.356039,0.355100,0.354092,0.353138,0.352132,0.351279,0.350393,0.349763,0.349120,0.348849,0.348588,0.348824,0.349098,0.350000,1.000000,0.994082,0.988162,0.982211,0.976270,0.970305,0.964355,0.958386,0.952433,0.946464,0.940511,0.934541,0.928593,0.922623,0.916688,0.910725,0.904829,0.898894,0.893091,0.887234,0.881624,0.875948,0.870695,0.865376,0.860725,0.856037,0.852307,0.848615,0.846159,0.843865,0.842982,0.842410,0.843245,0.844510,0.846987,0.849936,0.853781,0.858049,0.862880,0.868028,0.873470,0.879111,0.884873,0.890738,0.896636,0.902575,0.908516,0.914470,0.920419,0.926378,0.932321,0.938290,0.944199,0.950157,0.955961,0.961836,0.967389,0.973025,0.978097,0.983237,0.987511,0.991796,0.994898,0.997683,1.000001,1.000765,1.000443,0.999677,0.997808,0.995513,0.992379,0.988881,0.984782,0.980395,0.975604,0.970598,0.965338,0.959926,0.954364,0.948700,0.942957,0.937147,0.931302,0.925416,0.919520,0.913598,0.907679,0.901743,0.895820,0.889881,0.883969,0.878038,0.872161,0.866258,0.860460,0.854629,0.848984,0.843304,0.837927,0.832522,0.827566,0.822605,0.818257,0.813943,0.810399,0.806943,0.804386,0.801976,0.800543,0.799314,0.799079,0.799094,0.800063,0.801307,0.803415,0.805805,0.808934,0.812332,0.816325,0.820562,0.825247,0.830138,0.835341,0.840708,0.846270,0.851955,0.857740,0.863612,0.869517,0.875478,0.881428,0.887410,0.893359,0.899325,0.905251,0.911185,0.917083,0.922986,0.928866,0.934753,0.940630,0.946521,0.952413,0.958328,0.964249,0.970204,0.976152,0.982150,0.988099,0.994115,1.000000
5.8000,0.000000,0.000779,0.000788,0.000471,-0.000375,-0.001491,-0.002913,-0.004544,-0.006275,-0.008162,-0.009950,-0.011847,-0.013446,-0.015110,-0.016266,-0.017440,-0.017894,-0.018303,-0.017799,-0.017166,-0.015489,-0.013579,-0.010611,-0.007304,-0.003086,0.001542,0.006771,0.012409,0.018235,0.024386,0.030313,0.036418,0.041987,0.047577,0.052468,0.057250,0.061310,0.065180,0.068405,0.071409,0.073909,0.076193,0.078144,0.079906,0.081514,0.082974,0.084460,0.085842,0.087420,0.088943,0.090820,0.092693,0.095052,0.097463,0.100453,0.103552,0.107269,0.111150,0.115616,0.120289,0.125435,0.130813,0.136475,0.142361,0.150000,0.154524,0.160403,0.166367,0.171914,0.177460,0.182486,0.187442,0.191833,0.196108,0.199825,0.203398,0.206461,0.209368,0.211839,0.214158,0.216131,0.217965,0.219552,0.221018,0.222342,0.223568,0.224753,0.225866,0.227040,0.228167,0.229453,0.230717,0.232234,0.233755,0.235615,0.237507,0.239814,0.242181,0.245025,0.247958,0.251406,0.254974,0.259062,0.263300,0.268017,0.272911,0.278189,0.283661,0.289365,0.295261,0.301190,0.307284,0.313185,0.319198,0.324799,0.330438,0.335488,0.340495,0.344799,0.348989,0.352431,0.355706,0.358253,0.360603,0.362286,0.363766,0.364670,0.365378,0.365612,0.365669,0.365355,0.364888,0.364150,0.363284,0.362243,0.361097,0.359868,0.358558,0.357256,0.355893,0.354632,0.353328,0.352226,0.351101,0.350284,0.349464,0.349070,0.348695,0.348871,0.349098,0.350000,1.000000,0.993982,0.988028,0.982015,0.976122,0.970238,0.964456,0.958714,0.953017,0.947360,0.941681,0.936022,0.930286,0.924535,0.918695,0.912794,0.906858,0.900816,0.894884,0.888815,0.883102,0.877257,0.872096,0.866862,0.862660,0.858505,0.855660,0.853016,0.851803,0.850937,0.851435,0.852363,0.854439,0.856956,0.860335,0.864098,0.868447,0.873090,0.878092,0.883296,0.888699,0.894226,0.899851,0.905548,0.911280,0.917054,0.922819,0.928614,0.934354,0.940123,0.945774,0.951456,0.956923,0.962423,0.967572,0.972747,0.977397,0.982050,0.985988,0.989882,0.992878,0.995768,0.997610,0.999094,1.000000,1.000071,0.999126,0.997847,0.995685,0.993204,0.990010,0.986536,0.982515,0.978260,0.973609,0.968773,0.963667,0.958424,0.953007,0.947493,0.941875,0.936193,0.930454,0.924674,0.918869,0.913037,0.907202,0.901349,0.895512,0.889660,0.883846,0.878017,0.872260,0.866485,0.860830,0.855156,0.849667,0.844162,0.838932,0.833690,0.828837,0.823985,0.819658,0.815355,0.811728,0.808158,0.805415,0.802777,0.801091,0.799570,0.799076,0.798811,0.799580,0.800629,0.802644,0.804968,0.808120,0.811582,0.815695,0.820089,0.824946,0.830035,0.835417,0.840972,0.846683,0.852512,0.858397,0.864354,0.870303,0.876290,0.882235,0.888195,0.894103,0.900012,0.905874,0.911732,0.917557,0.923380,0.929190,0.935001,0.940820,0.946650,0.952501,0.958374,0.964272,0.970206,0.976147,0.982141,0.988093,0.994115,1.000000
5.9000,0.000000,0.000826,0.001286,0.001578,0.001634,0.001557,0.001366,0.001073,0.000782,0.000418,0.000167,-0.000129,-0.000200,-0.000291,-0.000044,0.000210,0.000919,0.001663,0.002980,0.004367,0.006432,0.008615,0.011547,0.014657,0.018522,0.022633,0.027399,0.032470,0.037966,0.043790,0.049692,0.055875,0.061747,0.067786,0.073183,0.078591,0.083163,0.087600,0.091167,0.094502,0.097061,0.099351,0.101037,0.102464,0.103491,0.104296,0.104910,0.105351,0.105807,0.106140,0.106689,0.107167,0.108055,0.108926,0.110389,0.111897,0.114148,0.116521,0.119723,0.123138,0.127357,0.131887,0.137037,0.142594,0.150000,0.154662,0.160585,0.166694,0.172222,0.177766,0.182588,0.187305,0.191278,0.195077,0.198188,0.201097,0.203420,0.205543,0.207201,0.208676,0.209814,0.210795,0.211565,0.212208,0.212762,0.213220,0.213705,0.214125,0.214685,0.215210,0.215984,0.216753,0.217875,0.219022,0.220615,0.222266,0.224441,0.226708,0.229551,0.232521,0.236081,0.239803,0.244080,0.248546,0.253481,0.258619,0.264087,0.269755,0.275574,0.281569,0.287519,0.293598,0.299439,0.305351,0.310859,0.316373,0.321361,0.326293,0.330627,0.334856,0.338458,0.341922,0.344771,0.347461,0.349578,0.351530,0.352970,0.354249,0.355089,0.355779,0.356109,0.356304,0.356222,0.356022,0.355627,0.355133,0.354524,0.353836,0.353115,0.352331,0.351599,0.350822,0.350183,0.349517,0.349080,0.348635,0.348517,0.348410,0.348736,0.349098,0.350000,1.000000,0.994059,0.988123,0.982146,0.976192,0.970217,0.964266,0.958302,0.952355,0.946395,0.940446,0.934479,0.928526,0.922547,0.916598,0.910613,0.904701,0.898741,0.892935,0.887069,0.881485,0.875836,0.870655,0.865418,0.860890,0.856344,0.852777,0.849271,0.846989,0.844886,0.844150,0.843725,0.844646,0.845981,0.848474,0.851414,0.855220,0.859427,0.864192,0.869261,0.874636,0.880209,0.885919,0.891738,0.897603,0.903518,0.909441,0.915385,0.921321,0.927275,0.933204,0.939161,0.945049,0.950986,0.956757,0.962601,0.968113,0.973711,0.978731,0.983826,0.988027,0.992249,0.995237,0.997904,1.000000,1.000600,0.999994,0.998909,0.996699,0.994034,0.990541,0.986668,0.982233,0.977506,0.972430,0.967147,0.961665,0.956046,0.950328,0.944524,0.938680,0.932786,0.926882,0.920949,0.915021,0.909074,0.903140,0.897191,0.891263,0.885318,0.879415,0.873489,0.867642,0.861768,0.856031,0.850265,0.844723,0.839154,0.833923,0.828678,0.823906,0.819144,0.815005,0.810911,0.807586,0.804354,0.802011,0.799817,0.798586,0.797559,0.797512,0.797713,0.798851,0.800265,0.802522,0.805059,0.808309,0.811825,0.815907,0.820225,0.824965,0.829901,0.835129,0.840511,0.846075,0.851754,0.857531,0.863387,0.869281,0.875226,0.881171,0.887146,0.893099,0.899069,0.905010,0.910959,0.916882,0.922811,0.928721,0.934638,0.940547,0.946468,0.952387,0.958326,0.964264,0.970230,0.976183,0.982174,0.988119,0.994115,1.000000
6.0000,-0.000000,0.000800,0.001011,0.000967,0.000522,-0.000132,-0.001010,-0.002052,-0.003147,-0.004364,-0.005470,-0.006659,-0.007572,-0.008528,-0.009043,-0.009559,-0.009468,-0.009330,-0.008438,-0.007437,-0.005574,-0.003531,-0.000594,0.002598,0.006613,0.010943,0.015903,0.021203,0.026838,0.032782,0.038718,0.044877,0.050707,0.056642,0.062010,0.067362,0.072021,0.076562,0.080391,0.084037,0.087039,0.089831,0.092103,0.094167,0.095867,0.097380,0.098700,0.099865,0.101011,0.102043,0.103231,0.104347,0.105794,0.107216,0.109132,0.111077,0.113654,0.116327,0.119715,0.123279,0.127553,0.132086,0.137198,0.142668,0.150000,0.154576,0.160525,0.166674,0.172347,0.178075,0.183142,0.188147,0.192411,0.196531,0.199918,0.203115,0.205645,0.207970,0.209729,0.211288,0.212403,0.213335,0.213954,0.214417,0.214700,0.214857,0.214969,0.214985,0.215093,0.215137,0.215407,0.215648,0.216247,0.216852,0.217939,0.219073,0.220790,0.222600,0.225060,0.227660,0.230930,0.234381,0.238462,0.242756,0.247574,0.252620,0.258031,0.263660,0.269459,0.275445,0.281393,0.287476,0.293327,0.299249,0.304777,0.310310,0.315331,0.320297,0.324681,0.328962,0.332634,0.336172,0.339113,0.341900,0.344134,0.346206,0.347788,0.349213,0.350220,0.351083,0.351608,0.352004,0.352144,0.352174,0.352026,0.351788,0.351449,0.351038,0.350600,0.350109,0.349664,0.349182,0.348818,0.348433,0.348241,0.348044,0.348115,0.348199,0.348633,0.349098,0.350000,1.000000,0.994027,0.988077,0.982079,0.976142,0.970201,0.964312,0.958437,0.952585,0.946747,0.940896,0.935047,0.929164,0.923260,0.917328,0.911350,0.905397,0.899371,0.893485,0.887509,0.881854,0.876114,0.870935,0.865706,0.861309,0.856936,0.853645,0.850482,0.848570,0.846902,0.846525,0.846489,0.847651,0.849202,0.851757,0.854697,0.858397,0.862432,0.866989,0.871806,0.876947,0.882271,0.887773,0.893394,0.899100,0.904875,0.910681,0.916528,0.922371,0.928243,0.934077,0.939944,0.945719,0.951539,0.957176,0.962871,0.968239,0.973673,0.978569,0.983521,0.987666,0.991827,0.994880,0.997654,1.000000,1.000826,1.000581,0.999919,0.998112,0.995883,0.992756,0.989252,0.985097,0.980632,0.975736,0.970606,0.965217,0.959666,0.953978,0.948188,0.942340,0.936434,0.930512,0.924562,0.918615,0.912656,0.906703,0.900745,0.894792,0.888830,0.882882,0.876917,0.870993,0.865041,0.859187,0.853296,0.847595,0.841855,0.836434,0.830984,0.826010,0.821034,0.816700,0.812408,0.808917,0.805523,0.803051,0.800739,0.799415,0.798307,0.798193,0.798338,0.799424,0.800791,0.802999,0.805489,0.808688,0.812151,0.816180,0.820442,0.825128,0.830009,0.835185,0.840514,0.846033,0.851666,0.857406,0.863226,0.869094,0.875015,0.880946,0.886909,0.892862,0.898834,0.904786,0.910751,0.916696,0.922651,0.928589,0.934538,0.940476,0.946428,0.952371,0.958333,0.964284,0.970261,0.976214,0.982200,0.988138,0.994115,1.000000
6.1000,-0.000000,0.000804,0.000993,0.000924,0.000422,-0.000293,-0.001267,-0.002411,-0.003648,-0.005015,-0.006307,-0.007695,-0.008836,-0.010037,-0.010811,-0.011605,-0.011783,-0.011932,-0.011285,-0.010540,-0.008860,-0.006993,-0.004138,-0.000998,0.003044,0.007453,0.012515,0.017974,0.023711,0.029790,0.035737,0.041900,0.047588,0.053336,0.058407,0.063399,0.067654,0.071737,0.075134,0.078317,0.080936,0.083338,0.085333,0.087133,0.088693,0.090094,0.091421,0.092629,0.093927,0.095147,0.096619,0.098054,0.099895,0.101747,0.104144,0.106606,0.109722,0.112969,0.116917,0.121076,0.125875,0.130972,0.136497,0.142375,0.150000,0.154690,0.160474,0.166344,0.171570,0.176733,0.181219,0.185561,0.189278,0.192821,0.195834,0.198672,0.201090,0.203352,0.205304,0.207124,0.208740,0.210251,0.211655,0.212981,0.214294,0.215552,0.216882,0.218182,0.219636,0.221082,0.222758,0.224448,0.226438,0.228464,0.230852,0.233298,0.236157,0.239096,0.242481,0.245969,0.249914,0.253983,0.258490,0.263141,0.268175,0.273367,0.278848,0.284494,0.290295,0.296255,0.302201,0.308283,0.314157,0.320124,0.325688,0.331286,0.336307,0.341292,0.345576,0.349754,0.353169,0.356421,0.358914,0.361205,0.362795,0.364169,0.364939,0.365499,0.365571,0.365453,0.364970,0.364325,0.363433,0.362411,0.361254,0.359997,0.358706,0.357344,0.356042,0.354695,0.353496,0.352275,0.351286,0.350296,0.349623,0.348968,0.348713,0.348497,0.348767,0.349098,0.350000,1.000000,0.994022,0.988070,0.982068,0.976136,0.970197,0.964323,0.958464,0.952640,0.946834,0.941022,0.935218,0.929374,0.923516,0.917612,0.911664,0.905712,0.899681,0.893762,0.887735,0.882023,0.876196,0.870972,0.865668,0.861296,0.856939,0.853808,0.850831,0.849250,0.847973,0.848080,0.848597,0.850323,0.852490,0.855593,0.859100,0.863258,0.867736,0.872623,0.877738,0.883084,0.888578,0.894187,0.899886,0.905632,0.911432,0.917236,0.923077,0.928888,0.934732,0.940502,0.946311,0.951973,0.957686,0.963136,0.968648,0.973721,0.978858,0.983316,0.987817,0.991341,0.994851,0.997071,0.998936,1.000000,0.999888,0.998475,0.996555,0.993702,0.990424,0.986510,0.982270,0.977619,0.972735,0.967599,0.962302,0.956861,0.951311,0.945686,0.939988,0.934258,0.928477,0.922691,0.916869,0.911062,0.905226,0.899423,0.893596,0.887822,0.882027,0.876314,0.870580,0.864969,0.859339,0.853885,0.848415,0.843193,0.837962,0.833065,0.828170,0.823711,0.819272,0.815384,0.811539,0.808366,0.805268,0.802957,0.800760,0.799447,0.798294,0.798086,0.798085,0.799042,0.800249,0.802366,0.804763,0.807962,0.811448,0.815583,0.819989,0.824865,0.829973,0.835380,0.840965,0.846702,0.852560,0.858464,0.864436,0.870389,0.876372,0.882307,0.888245,0.894132,0.900010,0.905851,0.911681,0.917493,0.923299,0.929109,0.934922,0.940754,0.946599,0.952470,0.958365,0.964281,0.970230,0.976178,0.982169,0.988117,0.994115,1.000000
6.2000,-0.000000,0.000811,0.001145,0.001267,0.001076,0.000712,0.000192,-0.000461,-0.001122,-0.001878,-0.002497,-0.003176,-0.003576,-0.003999,-0.004005,-0.003996,-0.003437,-0.002823,-0.001543,-0.000158,0.001972,0.004261,0.007325,0.010601,0.014607,0.018872,0.023733,0.028880,0.034402,0.040202,0.046093,0.052213,0.058121,0.064174,0.069750,0.075364,0.080316,0.085197,0.089331,0.093308,0.096554,0.099591,0.101988,0.104160,0.105837,0.107297,0.108433,0.109381,0.110189,0.110845,0.111554,0.112151,0.112997,0.113778,0.115004,0.116217,0.118064,0.119966,0.122652,0.125485,0.129166,0.133108,0.137816,0.142951,0.150000,0.154565,0.160517,0.166718,0.172480,0.178313,0.183542,0.188717,0.193239,0.197633,0.201398,0.205003,0.208046,0.210922,0.213323,0.215567,0.217428,0.219149,0.220581,0.221893,0.223009,0.224024,0.224936,0.225766,0.226587,0.227347,0.228193,0.228998,0.229992,0.230966,0.232236,0.233511,0.235191,0.236905,0.239126,0.241418,0.244296,0.247291,0.250908,0.254692,0.259072,0.263663,0.268743,0.274063,0.279685,0.285545,0.291461,0.297575,0.303480,0.309509,0.315097,0.320716,0.325727,0.330680,0.334940,0.339072,0.342498,0.345753,0.348343,0.350744,0.352555,0.354179,0.355301,0.356251,0.356793,0.357183,0.357257,0.357201,0.356915,0.356521,0.355977,0.355346,0.354640,0.353867,0.353092,0.352266,0.351514,0.350726,0.350089,0.349432,0.349009,0.348582,0.348480,0.348391,0.348726,0.349098,0.350000,1.000000,0.994048,0.988103,0.982119,0.976168,0.970207,0.964276,0.958346,0.952429,0.946513,0.940591,0.934660,0.928720,0.922755,0.916801,0.910806,0.904879,0.898895,0.893080,0.887203,0.881643,0.876028,0.870923,0.865789,0.861384,0.857002,0.853566,0.850228,0.848009,0.845979,0.845158,0.844616,0.845264,0.846257,0.848317,0.850748,0.854045,0.857694,0.861975,0.866553,0.871543,0.876756,0.882205,0.887803,0.893516,0.899317,0.905161,0.911052,0.916951,0.922876,0.928788,0.934724,0.940618,0.946550,0.952376,0.958264,0.963924,0.969672,0.974986,0.980401,0.985080,0.989841,0.993487,0.996906,1.000001,1.001188,1.001334,1.001013,0.999513,0.997559,0.994712,0.991476,0.987603,0.983421,0.978809,0.973967,0.968850,0.963568,0.958120,0.952557,0.946902,0.941169,0.935390,0.929559,0.923710,0.917826,0.911942,0.906032,0.900135,0.894217,0.888323,0.882409,0.876539,0.870645,0.864828,0.858982,0.853270,0.847524,0.842000,0.836439,0.831228,0.825986,0.821259,0.816524,0.812496,0.808502,0.805407,0.802413,0.800469,0.798707,0.798073,0.797701,0.798436,0.799491,0.801543,0.803935,0.807148,0.810685,0.814844,0.819283,0.824152,0.829243,0.834604,0.840128,0.845799,0.851583,0.857430,0.863349,0.869278,0.875251,0.881204,0.887183,0.893130,0.899092,0.905021,0.910960,0.916872,0.922795,0.928698,0.934615,0.940521,0.946446,0.952366,0.958311,0.964250,0.970222,0.976175,0.982172,0.988116,0.994115,1.000000
6.3000,-0.000000,0.000804,0.001044,0.001040,0.000651,0.000063,-0.000743,-0.001705,-0.002725,-0.003863,-0.004904,-0.006025,-0.006894,-0.007807,-0.008310,-0.008819,-0.008756,-0.008654,-0.007829,-0.006910,-0.005148,-0.003221,-0.000401,0.002663,0.006569,0.010787,0.015668,0.020895,0.026490,0.032409,0.038338,0.044504,0.050346,0.056300,0.061687,0.067057,0.071740,0.076301,0.080168,0.083851,0.086918,0.089779,0.092149,0.094322,0.096154,0.097814,0.099288,0.100624,0.101931,0.103136,0.104466,0.105731,0.107271,0.108787,0.110722,0.112676,0.115181,0.117759,0.120988,0.124356,0.128415,0.132695,0.137598,0.142855,0.150001,0.154513,0.160465,0.166645,0.172428,0.178293,0.183567,0.188802,0.193359,0.197794,0.201552,0.205142,0.208111,0.210897,0.213152,0.215228,0.216876,0.218363,0.219531,0.220559,0.221374,0.222075,0.222666,0.223167,0.223660,0.224086,0.224606,0.225083,0.225759,0.226413,0.227378,0.228346,0.229735,0.231157,0.233108,0.235129,0.237766,0.240520,0.243939,0.247528,0.251765,0.256225,0.261224,0.266485,0.272079,0.277940,0.283855,0.289992,0.295885,0.301909,0.307434,0.312978,0.317859,0.322656,0.326728,0.330642,0.333856,0.336876,0.339276,0.341477,0.343162,0.344664,0.345760,0.346700,0.347336,0.347845,0.348140,0.348336,0.348394,0.348378,0.348287,0.348143,0.347977,0.347775,0.347598,0.347398,0.347265,0.347120,0.347084,0.347046,0.347158,0.347277,0.347591,0.347921,0.348497,0.349098,0.350000,1.000000,0.994030,0.988080,0.982083,0.976142,0.970192,0.964293,0.958403,0.952537,0.946681,0.940818,0.934955,0.929065,0.923155,0.917223,0.911247,0.905293,0.899272,0.893375,0.887391,0.881704,0.875927,0.870684,0.865379,0.860886,0.856400,0.852991,0.849698,0.847671,0.845883,0.845414,0.845290,0.846388,0.847889,0.850403,0.853313,0.856982,0.860993,0.865517,0.870303,0.875406,0.880692,0.886153,0.891733,0.897398,0.903137,0.908906,0.914722,0.920530,0.926375,0.932179,0.938018,0.943769,0.949563,0.955194,0.960879,0.966280,0.971746,0.976749,0.981818,0.986174,0.990578,0.993956,0.997123,0.999999,1.001137,1.001297,1.001051,0.999635,0.997800,0.995036,0.991891,0.988059,0.983912,0.979294,0.974435,0.969274,0.963940,0.958430,0.952803,0.947082,0.941286,0.935447,0.929563,0.923666,0.917740,0.911816,0.905873,0.899940,0.893993,0.888061,0.882115,0.876200,0.870265,0.864389,0.858487,0.852698,0.846873,0.841248,0.835582,0.830246,0.824869,0.819997,0.815103,0.810925,0.806767,0.803542,0.800410,0.798390,0.796557,0.795926,0.795579,0.796407,0.797586,0.799800,0.802386,0.805793,0.809545,0.813888,0.818513,0.823524,0.828746,0.834194,0.839787,0.845497,0.851299,0.857151,0.863059,0.868979,0.874933,0.880879,0.886848,0.892801,0.898771,0.904725,0.910693,0.916645,0.922612,0.928563,0.934532,0.940485,0.946457,0.952410,0.958386,0.964339,0.970316,0.976262,0.982234,0.988160,0.994115,1.000000
6.4000,-0.000000,0.000811,0.001075,0.001107,0.000759,0.000219,-0.000544,-0.001458,-0.002441,-0.003541,-0.004553,-0.005650,-0.006499,-0.007399,-0.007884,-0.008382,-0.008291,-0.008167,-0.007287,-0.006311,-0.004450,-0.002413,0.000560,0.003800,0.007901,0.012348,0.017430,0.022890,0.028629,0.034705,0.040652,0.046822,0.052506,0.058261,0.063303,0.068271,0.072447,0.076443,0.079690,0.082706,0.085097,0.087249,0.088944,0.090422,0.091626,0.092650,0.093590,0.094392,0.095301,0.096115,0.097226,0.098292,0.099838,0.101394,0.103595,0.105875,0.108918,0.112128,0.116127,0.120392,0.125328,0.130625,0.136287,0.142318,0.150000,0.154689,0.160296,0.165930,0.170834,0.175625,0.179717,0.183639,0.186954,0.190087,0.192725,0.195196,0.197286,0.199230,0.200901,0.202452,0.203830,0.205114,0.206319,0.207455,0.208602,0.209702,0.210899,0.212072,0.213424,0.214774,0.216380,0.218008,0.219963,0.221962,0.224350,0.226807,0.229702,0.232690,0.236147,0.239721,0.243769,0.247956,0.252588,0.257378,0.262540,0.267873,0.273464,0.279226,0.285093,0.291114,0.297062,0.303129,0.308936,0.314811,0.320254,0.325703,0.330584,0.335408,0.339577,0.343634,0.347003,0.350218,0.352761,0.355126,0.356871,0.358430,0.359450,0.360288,0.360680,0.360906,0.360783,0.360517,0.359998,0.359359,0.358562,0.357667,0.356704,0.355667,0.354646,0.353573,0.352600,0.351594,0.350775,0.349941,0.349379,0.348823,0.348631,0.348463,0.348757,0.349098,0.350000,1.000000,0.994036,0.988088,0.982093,0.976149,0.970196,0.964291,0.958393,0.952520,0.946657,0.940790,0.934923,0.929030,0.923118,0.917184,0.911206,0.905253,0.899227,0.893338,0.887353,0.881698,0.875941,0.870783,0.865556,0.861241,0.856940,0.853839,0.850882,0.849306,0.848019,0.848123,0.848628,0.850366,0.852548,0.855698,0.859262,0.863500,0.868072,0.873060,0.878284,0.883736,0.889337,0.895045,0.900836,0.906667,0.912543,0.918422,0.924329,0.930213,0.936125,0.941975,0.947866,0.953615,0.959426,0.964959,0.970569,0.975687,0.980884,0.985295,0.989751,0.993081,0.996364,0.998205,0.999603,1.000000,0.999402,0.997399,0.994850,0.991474,0.987674,0.983349,0.978720,0.973774,0.968616,0.963279,0.957798,0.952222,0.946549,0.940834,0.935050,0.929258,0.923415,0.917585,0.911715,0.905872,0.899997,0.894164,0.888302,0.882503,0.876676,0.870943,0.865181,0.859558,0.853908,0.848454,0.842979,0.837777,0.832562,0.827715,0.822869,0.818505,0.814161,0.810422,0.806735,0.803776,0.800907,0.798875,0.796979,0.795998,0.795202,0.795353,0.795733,0.797037,0.798603,0.801013,0.803700,0.807109,0.810786,0.815036,0.819528,0.824437,0.829548,0.834931,0.840470,0.846162,0.851964,0.857830,0.863765,0.869706,0.875686,0.881638,0.887608,0.893539,0.899475,0.905376,0.911276,0.917151,0.923027,0.928893,0.934764,0.940638,0.946524,0.952422,0.958340,0.964267,0.970226,0.976177,0.982169,0.988116,0.994115,1.000000
6.5000,-0.000000,0.000790,0.000954,0.000844,0.000317,-0.000434,-0.001408,-0.002556,-0.003746,-0.005061,-0.006246,-0.007512,-0.008477,-0.009481,-0.010013,-0.010540,-0.010434,-0.010269,-0.009333,-0.008276,-0.006358,-0.004249,-0.001265,0.001977,0.006010,0.010348,0.015292,0.020554,0.026155,0.032040,0.037960,0.044090,0.049969,0.055959,0.061478,0.067004,0.071926,0.076765,0.080954,0.084995,0.088417,0.091658,0.094365,0.096883,0.098986,0.100912,0.102564,0.104061,0.105436,0.106685,0.107971,0.109165,0.110559,0.111899,0.113602,0.115295,0.117509,0.119768,0.122680,0.125707,0.129461,0.133419,0.138069,0.143081,0.150000,0.154415,0.160339,0.166526,0.172394,0.178381,0.183817,0.189249,0.194004,0.198660,0.202602,0.206385,0.209484,0.212394,0.214692,0.216795,0.218387,0.219792,0.220807,0.221653,0.222237,0.222676,0.222987,0.223183,0.223387,0.223505,0.223770,0.223982,0.224478,0.224956,0.225848,0.226762,0.228205,0.229714,0.231840,0.234080,0.236981,0.240042,0.243756,0.247668,0.252160,0.256876,0.262038,0.267427,0.273081,0.278943,0.284858,0.290940,0.296859,0.302885,0.308554,0.314260,0.319455,0.324617,0.329166,0.333623,0.337417,0.341073,0.344070,0.346899,0.349109,0.351140,0.352622,0.353927,0.354768,0.355444,0.355750,0.355910,0.355793,0.355553,0.355127,0.354601,0.353978,0.353276,0.352562,0.351791,0.351090,0.350352,0.349764,0.349159,0.348786,0.348414,0.348358,0.348321,0.348690,0.349098,0.350000,1.000000,0.994015,0.988064,0.982063,0.976132,0.970200,0.964326,0.958471,0.952637,0.946820,0.940985,0.935151,0.929275,0.923376,0.917446,0.911465,0.905512,0.899483,0.893603,0.887635,0.881999,0.876284,0.871132,0.865943,0.861564,0.857220,0.853904,0.850720,0.848708,0.846927,0.846355,0.846094,0.846970,0.848200,0.850409,0.852975,0.856317,0.859978,0.864207,0.868698,0.873569,0.878638,0.883941,0.889381,0.894952,0.900612,0.906332,0.912110,0.917903,0.923735,0.929549,0.935396,0.941184,0.947012,0.952717,0.958474,0.964001,0.969595,0.974789,0.980058,0.984680,0.989367,0.993085,0.996618,1.000000,1.001470,1.002061,1.002269,1.001256,0.999831,0.997403,0.994586,0.991002,0.987084,0.982622,0.977894,0.972809,0.967529,0.962036,0.956409,0.950673,0.944851,0.938985,0.933071,0.927145,0.921197,0.915251,0.909295,0.903345,0.897387,0.891439,0.885478,0.879545,0.873589,0.867702,0.861783,0.856007,0.850192,0.844631,0.839035,0.833837,0.828622,0.823970,0.819336,0.815434,0.811600,0.808643,0.805814,0.803965,0.802305,0.801669,0.801276,0.801887,0.802776,0.804590,0.806699,0.809606,0.812801,0.816641,0.820743,0.825330,0.830139,0.835283,0.840602,0.846131,0.851786,0.857552,0.863404,0.869299,0.875245,0.881191,0.887165,0.893118,0.899083,0.905021,0.910965,0.916886,0.922810,0.928721,0.934637,0.940550,0.946472,0.952397,0.958339,0.964281,0.970248,0.976202,0.982189,0.988131,0.994115,1.000000
6.6000,0.000000,0.000847,0.001371,0.001758,0.001919,0.001967,0.001883,0.001709,0.001498,0.001214,0.000996,0.000723,0.000624,0.000490,0.000652,0.000800,0.001376,0.001967,0.003123,0.004334,0.006237,0.008249,0.011044,0.014017,0.017785,0.021810,0.026522,0.031555,0.037029,0.042840,0.048737,0.054916,0.060795,0.066835,0.072263,0.077701,0.082351,0.086875,0.090578,0.094069,0.096822,0.099330,0.101249,0.102929,0.104201,0.105264,0.106105,0.106778,0.107413,0.107924,0.108580,0.109156,0.110060,0.110929,0.112307,0.113702,0.115775,0.117934,0.120896,0.124036,0.128015,0.132288,0.137268,0.142694,0.150000,0.154710,0.160639,0.166772,0.172300,0.177833,0.182651,0.187350,0.191348,0.195168,0.198369,0.201378,0.203880,0.206203,0.208139,0.209919,0.211432,0.212816,0.214046,0.215176,0.216255,0.217263,0.218317,0.219326,0.220471,0.221598,0.222944,0.224296,0.225945,0.227624,0.229669,0.231768,0.234292,0.236893,0.239964,0.243136,0.246799,0.250587,0.254858,0.259278,0.264133,0.269157,0.274521,0.280065,0.285809,0.291730,0.297666,0.303755,0.309650,0.315650,0.321247,0.326882,0.331939,0.336958,0.341278,0.345489,0.348949,0.352244,0.354803,0.357162,0.358849,0.360326,0.361228,0.361928,0.362164,0.362220,0.361928,0.361482,0.360798,0.359990,0.359046,0.358008,0.356929,0.355781,0.354680,0.353534,0.352516,0.351476,0.350643,0.349807,0.349257,0.348722,0.348552,0.348417,0.348730,0.349098,0.350000,1.000000,0.994072,0.988141,0.982174,0.976222,0.970249,0.964296,0.958328,0.952378,0.946416,0.940466,0.934503,0.928549,0.922576,0.916624,0.910641,0.904715,0.898743,0.892902,0.887000,0.881358,0.875645,0.870388,0.865066,0.860457,0.855825,0.852188,0.848614,0.846280,0.844136,0.843360,0.842907,0.843783,0.845073,0.847498,0.850361,0.854073,0.858173,0.862833,0.867790,0.873068,0.878548,0.884183,0.889939,0.895756,0.901637,0.907531,0.913460,0.919380,0.925326,0.931243,0.937192,0.943077,0.949011,0.954803,0.960668,0.966249,0.971927,0.977091,0.982361,0.986791,0.991298,0.994562,0.997563,1.000000,1.000710,1.000170,0.999095,0.996883,0.994183,0.990685,0.986796,0.982383,0.977684,0.972663,0.967444,0.962041,0.956507,0.950876,0.945160,0.939401,0.933587,0.927761,0.921897,0.916042,0.910158,0.904298,0.898415,0.892572,0.886708,0.880908,0.875086,0.869365,0.863623,0.858032,0.852421,0.847029,0.841621,0.836521,0.831414,0.826721,0.822036,0.817890,0.813776,0.810335,0.806958,0.804387,0.801924,0.800378,0.798993,0.798595,0.798414,0.799233,0.800316,0.802342,0.804664,0.807806,0.811248,0.815344,0.819718,0.824563,0.829640,0.835016,0.840568,0.846278,0.852107,0.857993,0.863948,0.869898,0.875881,0.881828,0.887785,0.893699,0.899613,0.905491,0.911366,0.917221,0.923076,0.928927,0.934784,0.940651,0.946531,0.952427,0.958345,0.964274,0.970233,0.976185,0.982177,0.988122,0.994115,1.000000
6.7000,-0.000000,0.000764,0.000667,0.000201,-0.000847,-0.002198,-0.003871,-0.005775,-0.007769,-0.009930,-0.011961,-0.014104,-0.015900,-0.017756,-0.019045,-0.020337,-0.020847,-0.021289,-0.020769,-0.020091,-0.018350,-0.016351,-0.013313,-0.009927,-0.005674,-0.001029,0.004187,0.009777,0.015573,0.021661,0.027605,0.033717,0.039413,0.045151,0.050313,0.055411,0.059878,0.064206,0.067932,0.071482,0.074518,0.077369,0.079829,0.082117,0.084155,0.086046,0.087838,0.089513,0.091243,0.092891,0.094745,0.096557,0.098722,0.100889,0.103541,0.106246,0.109539,0.112946,0.116988,0.121215,0.126032,0.131109,0.136602,0.142413,0.150000,0.154640,0.160496,0.166458,0.171873,0.177262,0.182033,0.186698,0.190753,0.194661,0.198015,0.201210,0.203927,0.206493,0.208668,0.210704,0.212440,0.214055,0.215458,0.216761,0.217936,0.219032,0.220086,0.221078,0.222115,0.223109,0.224236,0.225339,0.226667,0.227991,0.229636,0.231300,0.233379,0.235505,0.238132,0.240842,0.244114,0.247510,0.251489,0.255637,0.260323,0.265217,0.270526,0.276066,0.281822,0.287799,0.293746,0.299864,0.305700,0.311628,0.317064,0.322500,0.327308,0.332032,0.336072,0.339969,0.343190,0.346237,0.348662,0.350904,0.352600,0.354121,0.355180,0.356082,0.356605,0.356991,0.357077,0.357046,0.356791,0.356437,0.355930,0.355340,0.354667,0.353927,0.353173,0.352368,0.351623,0.350839,0.350197,0.349530,0.349093,0.348647,0.348528,0.348418,0.348741,0.349098,0.350000,1.000000,0.993957,0.988004,0.981991,0.976130,0.970293,0.964579,0.958924,0.953314,0.947759,0.942162,0.936591,0.930914,0.925218,0.919405,0.913521,0.907589,0.901540,0.895609,0.889538,0.883844,0.878030,0.872910,0.867741,0.863575,0.859478,0.856609,0.853945,0.852596,0.851566,0.851794,0.852405,0.854103,0.856193,0.859142,0.862444,0.866374,0.870592,0.875233,0.880089,0.885210,0.890481,0.895903,0.901424,0.907017,0.912676,0.918354,0.924076,0.929773,0.935507,0.941165,0.946861,0.952407,0.957997,0.963328,0.968710,0.973670,0.978680,0.983052,0.987455,0.990955,0.994434,0.996730,0.998700,1.000000,1.000105,0.999029,0.997500,0.995024,0.992151,0.988589,0.984707,0.980347,0.975744,0.970824,0.965726,0.960429,0.955006,0.949463,0.943833,0.938138,0.932382,0.926596,0.920767,0.914930,0.909063,0.903203,0.897320,0.891457,0.885573,0.879727,0.873860,0.868056,0.862229,0.856507,0.850757,0.845179,0.839570,0.834227,0.828856,0.823883,0.818891,0.814464,0.810044,0.806376,0.802762,0.800078,0.797517,0.796019,0.794723,0.794542,0.794638,0.795802,0.797291,0.799715,0.802475,0.805986,0.809804,0.814177,0.818808,0.823815,0.829020,0.834458,0.840038,0.845745,0.851549,0.857408,0.863330,0.869261,0.875231,0.881185,0.887162,0.893110,0.899074,0.905007,0.910950,0.916866,0.922792,0.928698,0.934617,0.940525,0.946449,0.952368,0.958311,0.964249,0.970220,0.976173,0.982169,0.988114,0.994115,1.000000
6.8000,0.000000,0.000844,0.001382,0.001784,0.001982,0.002069,0.002050,0.001944,0.001828,0.001645,0.001552,0.001413,0.001468,0.001497,0.001833,0.002167,0.002927,0.003712,0.005047,0.006443,0.008502,0.010671,0.013581,0.016663,0.020495,0.024569,0.029298,0.034327,0.039791,0.045574,0.051460,0.057624,0.063517,0.069582,0.075055,0.080555,0.085262,0.089858,0.093603,0.097138,0.099889,0.102387,0.104245,0.105849,0.106996,0.107918,0.108578,0.109053,0.109467,0.109740,0.110151,0.110467,0.111125,0.111736,0.112891,0.114058,0.115958,0.117948,0.120811,0.123869,0.127828,0.132117,0.137135,0.142633,0.150000,0.154766,0.160667,0.166765,0.172165,0.177548,0.182134,0.186573,0.190252,0.193725,0.196546,0.199153,0.201241,0.203135,0.204647,0.205994,0.207088,0.208052,0.208880,0.209610,0.210309,0.210942,0.211638,0.212294,0.213103,0.213896,0.214923,0.215959,0.217306,0.218683,0.220448,0.222264,0.224536,0.226884,0.229743,0.232706,0.236213,0.239855,0.244037,0.248386,0.253219,0.258248,0.263642,0.269246,0.275036,0.281026,0.286974,0.293083,0.298911,0.304829,0.310255,0.315683,0.320475,0.325184,0.329191,0.333050,0.336215,0.339194,0.341543,0.343696,0.345314,0.346744,0.347748,0.348587,0.349106,0.349488,0.349647,0.349698,0.349611,0.349444,0.349210,0.348921,0.348626,0.348295,0.348010,0.347706,0.347492,0.347272,0.347183,0.347099,0.347182,0.347281,0.347586,0.347913,0.348490,0.349098,0.350000,1.000000,0.994072,0.988142,0.982177,0.976226,0.970254,0.964300,0.958331,0.952378,0.946412,0.940459,0.934489,0.928536,0.922559,0.916615,0.910639,0.904733,0.898784,0.892982,0.887123,0.881537,0.875887,0.870693,0.865445,0.860889,0.856318,0.852703,0.849149,0.846789,0.844604,0.843754,0.843203,0.843973,0.845141,0.847463,0.850216,0.853854,0.857888,0.862514,0.867452,0.872731,0.878223,0.883879,0.889661,0.895503,0.901410,0.907327,0.913274,0.919213,0.925172,0.931111,0.937078,0.942996,0.948962,0.954802,0.960722,0.966365,0.972116,0.977336,0.982676,0.987124,0.991652,0.994856,0.997761,1.000000,1.000561,0.999771,0.998411,0.995904,0.992885,0.989088,0.984891,0.980210,0.975242,0.969999,0.964565,0.958989,0.953293,0.947534,0.941700,0.935848,0.929948,0.924052,0.918124,0.912211,0.906274,0.900361,0.894426,0.888527,0.882605,0.876741,0.870852,0.865053,0.859228,0.853542,0.847830,0.842326,0.836799,0.831577,0.826337,0.821526,0.816712,0.812476,0.808263,0.804791,0.801384,0.798876,0.796490,0.795124,0.793950,0.793851,0.794012,0.795218,0.796733,0.799180,0.801953,0.805486,0.809326,0.813729,0.818393,0.823436,0.828679,0.834150,0.839761,0.845490,0.851310,0.857179,0.863101,0.869032,0.874993,0.880945,0.886914,0.892867,0.898831,0.904781,0.910741,0.916687,0.922645,0.928593,0.934554,0.940504,0.946470,0.952424,0.958396,0.964349,0.970324,0.976270,0.982238,0.988165,0.994115,1.000000
6.9000,-0.000000,0.000780,0.000838,0.000584,-0.000159,-0.001156,-0.002422,-0.003884,-0.005410,-0.007079,-0.008616,-0.010248,-0.011556,-0.012912,-0.013755,-0.014593,-0.014737,-0.014816,-0.014048,-0.013142,-0.011299,-0.009238,-0.006240,-0.002953,0.001156,0.005599,0.010639,0.016015,0.021688,0.027646,0.033585,0.039718,0.045556,0.051482,0.056915,0.062335,0.067155,0.071879,0.075979,0.079930,0.083300,0.086495,0.089199,0.091726,0.093882,0.095872,0.097631,0.099247,0.100780,0.102198,0.103689,0.105099,0.106743,0.108344,0.110338,0.112335,0.114874,0.117474,0.120733,0.124126,0.128223,0.132546,0.137496,0.142809,0.150001,0.154552,0.160506,0.166665,0.172429,0.178253,0.183540,0.188787,0.193441,0.197995,0.201953,0.205779,0.209039,0.212154,0.214750,0.217197,0.219187,0.221031,0.222492,0.223814,0.224842,0.225741,0.226447,0.227039,0.227552,0.227968,0.228432,0.228823,0.229396,0.229925,0.230778,0.231621,0.232926,0.234264,0.236185,0.238190,0.240865,0.243680,0.247192,0.250901,0.255252,0.259845,0.264941,0.270296,0.275941,0.281829,0.287753,0.293866,0.299762,0.305768,0.311344,0.316941,0.321958,0.326916,0.331214,0.335393,0.338894,0.342235,0.344930,0.347447,0.349382,0.351136,0.352389,0.353473,0.354146,0.354667,0.354867,0.354937,0.354775,0.354504,0.354085,0.353579,0.353003,0.352361,0.351723,0.351038,0.350429,0.349790,0.349297,0.348791,0.348504,0.348219,0.348228,0.348255,0.348658,0.349098,0.350000,1.000000,0.993996,0.988042,0.982037,0.976129,0.970232,0.964414,0.958631,0.952876,0.947153,0.941401,0.935660,0.929852,0.924022,0.918128,0.912176,0.906224,0.900182,0.894278,0.888269,0.882608,0.876856,0.871712,0.866530,0.862221,0.857961,0.854793,0.851783,0.849985,0.848446,0.848123,0.848133,0.849252,0.850734,0.853147,0.855910,0.859397,0.863190,0.867504,0.872063,0.876970,0.882060,0.887363,0.892795,0.898344,0.903979,0.909667,0.915411,0.921164,0.926959,0.932723,0.938524,0.944247,0.950013,0.955623,0.961289,0.966674,0.972128,0.977111,0.982166,0.986486,0.990857,0.994165,0.997249,1.000000,1.000998,1.001019,1.000610,0.999119,0.997221,0.994482,0.991396,0.987682,0.983686,0.979238,0.974570,0.969588,0.964439,0.959080,0.953598,0.947986,0.942286,0.936514,0.930681,0.924817,0.918913,0.913001,0.907065,0.901133,0.895185,0.889250,0.883299,0.877373,0.871425,0.865533,0.859609,0.853801,0.847949,0.842315,0.836633,0.831315,0.825959,0.821153,0.816340,0.812281,0.808271,0.805202,0.802255,0.800382,0.798714,0.798167,0.797895,0.798702,0.799827,0.801912,0.804326,0.807531,0.811044,0.815163,0.819547,0.824363,0.829391,0.834700,0.840168,0.845799,0.851541,0.857362,0.863255,0.869171,0.875131,0.881082,0.887057,0.893009,0.898975,0.904914,0.910863,0.916789,0.922724,0.928644,0.934575,0.940498,0.946437,0.952371,0.958326,0.964273,0.970249,0.976203,0.982192,0.988132,0.994115,1.000000
7.0000,0.000000,0.000822,0.001163,0.001303,0.001106,0.000741,0.000178,-0.000519,-0.001279,-0.002144,-0.002935,-0.003801,-0.004451,-0.005148,-0.005477,-0.005821,-0.005637,-0.005428,-0.004534,-0.003561,-0.001769,0.000172,0.003004,0.006069,0.009989,0.014225,0.019136,0.024410,0.030042,0.036019,0.041960,0.048151,0.053937,0.059828,0.065060,0.070251,0.074672,0.078937,0.082451,0.085750,0.088403,0.090827,0.092759,0.094477,0.095875,0.097092,0.098162,0.099091,0.100046,0.100900,0.101953,0.102945,0.104308,0.105655,0.107540,0.109464,0.112075,0.114796,0.118298,0.122008,0.126482,0.131283,0.136641,0.142431,0.150000,0.154777,0.160564,0.166456,0.171626,0.176716,0.181077,0.185270,0.188820,0.192176,0.195015,0.197670,0.199939,0.202052,0.203904,0.205631,0.207212,0.208700,0.210146,0.211529,0.212962,0.214361,0.215892,0.217413,0.219139,0.220879,0.222883,0.224923,0.227275,0.229684,0.232441,0.235272,0.238476,0.241768,0.245447,0.249226,0.253391,0.257667,0.262312,0.267078,0.272175,0.277403,0.282893,0.288523,0.294310,0.300239,0.306179,0.312252,0.318151,0.324153,0.329774,0.335447,0.340540,0.345613,0.349950,0.354187,0.357604,0.360850,0.363270,0.365471,0.366911,0.368111,0.368665,0.368985,0.368796,0.368398,0.367631,0.366691,0.365517,0.364207,0.362786,0.361266,0.359745,0.358158,0.356670,0.355146,0.353811,0.352465,0.351390,0.350329,0.349615,0.348935,0.348674,0.348466,0.348745,0.349098,0.350000,1.000000,0.994048,0.988104,0.982116,0.976165,0.970199,0.964272,0.958344,0.952439,0.946535,0.940634,0.934728,0.928810,0.922873,0.916929,0.910946,0.904995,0.898981,0.893095,0.887125,0.881447,0.875677,0.870440,0.865131,0.860650,0.856164,0.852799,0.849545,0.847622,0.845951,0.845668,0.845759,0.847120,0.848917,0.851740,0.854985,0.858966,0.863299,0.868103,0.873165,0.878494,0.883993,0.889624,0.895358,0.901145,0.906992,0.912849,0.918743,0.924620,0.930529,0.936389,0.942288,0.948085,0.953936,0.959583,0.965307,0.970658,0.976102,0.980917,0.985822,0.989751,0.993722,0.996318,0.998576,1.000000,0.999991,0.998594,0.996616,0.993664,0.990239,0.986185,0.981785,0.977005,0.971987,0.966753,0.961361,0.955856,0.950247,0.944589,0.938860,0.933120,0.927331,0.921555,0.915742,0.909964,0.904155,0.898401,0.892621,0.886923,0.881203,0.875596,0.869971,0.864502,0.859020,0.853744,0.848462,0.843444,0.838431,0.833750,0.829084,0.824831,0.820605,0.816883,0.813206,0.810135,0.807128,0.804837,0.802640,0.801263,0.800017,0.799677,0.799518,0.800310,0.801331,0.803290,0.805522,0.808605,0.811984,0.816063,0.820430,0.825306,0.830432,0.835872,0.841503,0.847280,0.853180,0.859109,0.865100,0.871051,0.877019,0.882923,0.888817,0.894654,0.900470,0.906252,0.912012,0.917769,0.923512,0.929277,0.935041,0.940844,0.946657,0.952513,0.958392,0.964303,0.970245,0.976193,0.982179,0.988126,0.994115,1.000000
7.1000,0.000000,0.000793,0.000954,0.000841,0.000302,-0.000461,-0.001454,-0.002621,-0.003831,-0.005168,-0.006368,-0.007650,-0.008619,-0.009626,-0.010144,-0.010653,-0.010511,-0.010304,-0.009311,-0.008187,-0.006198,-0.004009,-0.000954,0.002363,0.006453,0.010844,0.015819,0.021101,0.026709,0.032588,0.038506,0.044624,0.050512,0.056510,0.062067,0.067639,0.072633,0.077556,0.081842,0.085994,0.089521,0.092877,0.095676,0.098289,0.100453,0.102437,0.104106,0.105613,0.106955,0.108160,0.109365,0.110465,0.111736,0.112938,0.114492,0.116019,0.118077,0.120167,0.122944,0.125831,0.129499,0.133383,0.138016,0.143046,0.150000,0.154509,0.160453,0.166665,0.172472,0.178375,0.183669,0.188927,0.193491,0.197933,0.201680,0.205260,0.208199,0.210955,0.213152,0.215167,0.216721,0.218108,0.219137,0.220018,0.220650,0.221155,0.221524,0.221789,0.222033,0.222197,0.222463,0.222672,0.223111,0.223521,0.224290,0.225064,0.226326,0.227631,0.229539,0.231538,0.234220,0.237049,0.240585,0.244324,0.248711,0.253347,0.258484,0.263887,0.269565,0.275489,0.281423,0.287543,0.293419,0.299393,0.304924,0.310461,0.315434,0.320335,0.324623,0.328787,0.332346,0.335755,0.338601,0.341291,0.343477,0.345513,0.347109,0.348568,0.349652,0.350612,0.351259,0.351796,0.352077,0.352261,0.352248,0.352150,0.351915,0.351606,0.351226,0.350781,0.350338,0.349842,0.349430,0.348977,0.348701,0.348399,0.348377,0.348348,0.348714,0.349098,0.350000,1.000000,0.994020,0.988068,0.982071,0.976141,0.970215,0.964344,0.958496,0.952666,0.946857,0.941025,0.935198,0.929323,0.923426,0.917495,0.911512,0.905560,0.899532,0.893662,0.887706,0.882094,0.876411,0.871301,0.866165,0.861838,0.857557,0.854288,0.851157,0.849165,0.847401,0.846807,0.846513,0.847324,0.848473,0.850585,0.853039,0.856272,0.859818,0.863947,0.868339,0.873134,0.878133,0.883387,0.888788,0.894334,0.899979,0.905694,0.911472,0.917273,0.923115,0.928946,0.934812,0.940629,0.946486,0.952234,0.958038,0.963625,0.969290,0.974557,0.979920,0.984609,0.989390,0.993130,0.996688,1.000000,1.001354,1.001707,1.001616,1.000299,0.998531,0.995805,0.992678,0.988854,0.984703,0.980077,0.975201,0.970023,0.964667,0.959133,0.953477,0.947729,0.941903,0.936039,0.930126,0.924206,0.918258,0.912316,0.906357,0.900408,0.894447,0.888499,0.882536,0.876599,0.870638,0.864735,0.858797,0.852979,0.847116,0.841477,0.835788,0.830474,0.825120,0.820332,0.815535,0.811515,0.807545,0.804544,0.801673,0.799901,0.798347,0.797927,0.797798,0.798738,0.800010,0.802208,0.804738,0.808011,0.811585,0.815715,0.820095,0.824868,0.829837,0.835067,0.840443,0.845981,0.851626,0.857361,0.863173,0.869028,0.874937,0.880856,0.886815,0.892762,0.898739,0.904693,0.910671,0.916620,0.922589,0.928531,0.934492,0.940430,0.946388,0.952328,0.958293,0.964241,0.970221,0.976175,0.982173,0.988115,0.994115,1.000000
7.2000,0.000000,0.000814,0.001142,0.001259,0.001046,0.000659,0.000090,-0.000616,-0.001364,-0.002214,-0.002968,-0.003792,-0.004380,-0.005007,-0.005252,-0.005503,-0.005224,-0.004910,-0.003922,-0.002850,-0.000986,0.001026,0.003893,0.006984,0.010895,0.015103,0.019973,0.025185,0.030772,0.036691,0.042620,0.048801,0.054634,0.060590,0.065929,0.071252,0.075823,0.080261,0.083941,0.087417,0.090226,0.092808,0.094867,0.096709,0.098195,0.099495,0.100611,0.101579,0.102534,0.103381,0.104385,0.105322,0.106586,0.107825,0.109560,0.111319,0.113730,0.116232,0.119502,0.122953,0.127194,0.131738,0.136917,0.142540,0.150000,0.154778,0.160641,0.166666,0.171968,0.177226,0.181693,0.185998,0.189570,0.192933,0.195683,0.198224,0.200292,0.202175,0.203723,0.205120,0.206308,0.207380,0.208356,0.209250,0.210145,0.210987,0.211917,0.212820,0.213886,0.214948,0.216242,0.217552,0.219157,0.220796,0.222791,0.224838,0.227296,0.229825,0.232816,0.235899,0.239479,0.243177,0.247379,0.251730,0.256548,0.261546,0.266912,0.272482,0.278253,0.284229,0.290176,0.296297,0.302131,0.308069,0.313485,0.318909,0.323649,0.328299,0.332196,0.335928,0.338928,0.341721,0.343867,0.345799,0.347200,0.348403,0.349200,0.349830,0.350169,0.350377,0.350393,0.350312,0.350122,0.349863,0.349562,0.349215,0.348879,0.348515,0.348205,0.347882,0.347650,0.347415,0.347308,0.347206,0.347271,0.347349,0.347635,0.347942,0.348505,0.349098,0.350000,1.000000,0.994043,0.988099,0.982109,0.976159,0.970194,0.964268,0.958340,0.952433,0.946527,0.940621,0.934707,0.928782,0.922836,0.916887,0.910898,0.904950,0.898942,0.893071,0.887121,0.881467,0.875729,0.870511,0.865232,0.860744,0.856254,0.852831,0.849508,0.847460,0.845641,0.845173,0.845052,0.846198,0.847759,0.850372,0.853402,0.857209,0.861376,0.866053,0.871003,0.876252,0.881686,0.887272,0.892973,0.898738,0.904571,0.910419,0.916310,0.922186,0.928096,0.933965,0.939872,0.945690,0.951561,0.957256,0.963025,0.968469,0.974006,0.978982,0.984060,0.988238,0.992489,0.995427,0.998078,1.000000,1.000341,0.999301,0.997687,0.994979,0.991770,0.987833,0.983514,0.978750,0.973718,0.968437,0.962980,0.957397,0.951702,0.945952,0.940133,0.934299,0.928420,0.922546,0.916641,0.910754,0.904843,0.898962,0.893058,0.887200,0.881321,0.875509,0.869676,0.863942,0.858188,0.852578,0.846948,0.841525,0.836084,0.830936,0.825774,0.821018,0.816257,0.812041,0.807841,0.804348,0.800906,0.798339,0.795877,0.794433,0.793165,0.792996,0.793082,0.794255,0.795746,0.798214,0.801027,0.804629,0.808558,0.813059,0.817835,0.822977,0.828325,0.833878,0.839569,0.845356,0.851226,0.857126,0.863073,0.869017,0.874986,0.880940,0.886908,0.892859,0.898821,0.904768,0.910726,0.916671,0.922629,0.928575,0.934537,0.940487,0.946455,0.952408,0.958382,0.964335,0.970312,0.976259,0.982232,0.988160,0.994115,1.000000
7.3000,0.000000,0.000796,0.000895,0.000705,0.000023,-0.000899,-0.002114,-0.003520,-0.005029,-0.006683,-0.008251,-0.009923,-0.011316,-0.012773,-0.013751,-0.014746,-0.015059,-0.015330,-0.014737,-0.014022,-0.012319,-0.010400,-0.007475,-0.004240,-0.000125,0.004363,0.009464,0.014941,0.020679,0.026725,0.032673,0.038811,0.044564,0.050378,0.055630,0.060834,0.065404,0.069847,0.073670,0.077325,0.080431,0.083357,0.085841,0.088152,0.090147,0.091989,0.093652,0.095187,0.096691,0.098094,0.099622,0.101081,0.102827,0.104543,0.106713,0.108900,0.111698,0.114582,0.118186,0.121972,0.126483,0.131299,0.136661,0.142444,0.150000,0.154767,0.160566,0.166456,0.171704,0.176886,0.181446,0.185880,0.189764,0.193512,0.196792,0.199946,0.202710,0.205362,0.207693,0.209925,0.211900,0.213787,0.215481,0.217097,0.218587,0.220009,0.221378,0.222691,0.224029,0.225326,0.226733,0.228115,0.229697,0.231275,0.233145,0.235035,0.237307,0.239627,0.242411,0.245276,0.248666,0.252174,0.256228,0.260443,0.265166,0.270088,0.275408,0.280951,0.286706,0.292679,0.298625,0.304748,0.310587,0.316529,0.321963,0.327406,0.332186,0.336886,0.340851,0.344667,0.347749,0.350642,0.352857,0.354869,0.356292,0.357518,0.358258,0.358820,0.359001,0.359029,0.358777,0.358398,0.357833,0.357167,0.356401,0.355557,0.354691,0.353769,0.352896,0.351987,0.351195,0.350384,0.349755,0.349124,0.348742,0.348372,0.348324,0.348301,0.348678,0.349098,0.350000,1.000000,0.994007,0.988054,0.982049,0.976134,0.970223,0.964394,0.958595,0.952835,0.947108,0.941364,0.935637,0.929849,0.924048,0.918175,0.912250,0.906304,0.900267,0.894343,0.888300,0.882596,0.876776,0.871590,0.866343,0.862041,0.857781,0.854714,0.851824,0.850245,0.848967,0.848966,0.849343,0.850839,0.852730,0.855516,0.858665,0.862474,0.866583,0.871145,0.875935,0.881013,0.886254,0.891665,0.897187,0.902796,0.908480,0.914197,0.919966,0.925727,0.931530,0.937284,0.943082,0.948774,0.954520,0.960065,0.965681,0.970936,0.976281,0.981020,0.985850,0.989735,0.993670,0.996258,0.998529,1.000000,0.999954,0.998604,0.996679,0.993867,0.990611,0.986783,0.982635,0.978123,0.973384,0.968416,0.963285,0.958011,0.952618,0.947139,0.941569,0.935952,0.930263,0.924554,0.918788,0.913024,0.907211,0.901416,0.895581,0.889779,0.883941,0.878156,0.872336,0.866596,0.860822,0.855170,0.849483,0.843980,0.838442,0.833180,0.827886,0.822992,0.818079,0.813721,0.809368,0.805749,0.802178,0.799517,0.796967,0.795465,0.794152,0.793951,0.794016,0.795163,0.796632,0.799061,0.801831,0.805379,0.809247,0.813689,0.818402,0.823496,0.828799,0.834325,0.839999,0.845781,0.851658,0.857565,0.863529,0.869481,0.875461,0.881410,0.887373,0.893300,0.899234,0.905138,0.911049,0.916939,0.922839,0.928728,0.934632,0.940533,0.946454,0.952375,0.958321,0.964263,0.970237,0.976191,0.982184,0.988126,0.994115,1.000000
7.4000,0.000000,0.000822,0.001208,0.001402,0.001301,0.001042,0.000623,0.000079,-0.000494,-0.001161,-0.001724,-0.002351,-0.002738,-0.003159,-0.003200,-0.003241,-0.002761,-0.002240,-0.001069,0.000193,0.002206,0.004368,0.007325,0.010495,0.014422,0.018616,0.023431,0.028543,0.034044,0.039832,0.045717,0.051832,0.057746,0.063799,0.069400,0.075035,0.080051,0.085000,0.089255,0.093368,0.096797,0.100041,0.102676,0.105109,0.107050,0.108797,0.110192,0.111413,0.112438,0.113316,0.114167,0.114901,0.115786,0.116590,0.117735,0.118838,0.120482,0.122141,0.124526,0.127010,0.130352,0.133914,0.138330,0.143189,0.150000,0.154537,0.160477,0.166711,0.172515,0.178413,0.183698,0.188939,0.193513,0.197963,0.201769,0.205415,0.208483,0.211384,0.213791,0.216037,0.217884,0.219584,0.220984,0.222255,0.223325,0.224288,0.225148,0.225923,0.226695,0.227404,0.228211,0.228978,0.229942,0.230890,0.232137,0.233393,0.235045,0.236736,0.238914,0.241164,0.243975,0.246896,0.250420,0.254098,0.258368,0.262836,0.267812,0.273020,0.278569,0.284363,0.290254,0.296362,0.302285,0.308355,0.313973,0.319637,0.324651,0.329606,0.333809,0.337868,0.341166,0.344268,0.346671,0.348859,0.350450,0.351835,0.352738,0.353459,0.353813,0.354015,0.353958,0.353779,0.353438,0.353002,0.352488,0.351907,0.351320,0.350688,0.350113,0.349514,0.349029,0.348535,0.348207,0.347885,0.347775,0.347685,0.347852,0.348049,0.348553,0.349098,0.350000,1.000000,0.994054,0.988112,0.982130,0.976177,0.970209,0.964270,0.958327,0.952400,0.946472,0.940544,0.934608,0.928666,0.922703,0.916750,0.910757,0.904823,0.898832,0.892995,0.887090,0.881487,0.875818,0.870651,0.865444,0.860969,0.856510,0.853010,0.849608,0.847338,0.845265,0.844404,0.843830,0.844433,0.845384,0.847376,0.849734,0.852933,0.856474,0.860635,0.865083,0.869949,0.875035,0.880373,0.885866,0.891495,0.897224,0.903011,0.908862,0.914726,0.920631,0.926524,0.932449,0.938337,0.944265,0.950107,0.956010,0.961733,0.967545,0.973000,0.978576,0.983504,0.988562,0.992556,0.996399,1.000000,1.001461,1.001871,1.001789,1.000463,0.998656,0.995915,0.992764,0.988952,0.984818,0.980240,0.975421,0.970318,0.965043,0.959597,0.954031,0.948371,0.942628,0.936841,0.930998,0.925140,0.919245,0.913354,0.907435,0.901531,0.895605,0.889706,0.883786,0.877910,0.872011,0.866189,0.860339,0.854619,0.848867,0.843326,0.837751,0.832504,0.827226,0.822430,0.817620,0.813476,0.809353,0.806093,0.802912,0.800770,0.798787,0.797955,0.797371,0.797950,0.798851,0.800819,0.803146,0.806356,0.809916,0.814133,0.818651,0.823608,0.828798,0.834245,0.839854,0.845591,0.851430,0.857315,0.863257,0.869200,0.875172,0.881126,0.887093,0.893037,0.898987,0.904918,0.910855,0.916780,0.922712,0.928638,0.934575,0.940509,0.946458,0.952403,0.958367,0.964320,0.970295,0.976247,0.982223,0.988155,0.994115,1.000000
7.5000,0.000000,0.000806,0.001047,0.001047,0.000658,0.000071,-0.000736,-0.001699,-0.002722,-0.003862,-0.004903,-0.006025,-0.006888,-0.007795,-0.008280,-0.008769,-0.008671,-0.008531,-0.007652,-0.006671,-0.004838,-0.002832,0.000068,0.003217,0.007194,0.011485,0.016415,0.021686,0.027302,0.033229,0.039161,0.045318,0.051162,0.057115,0.062525,0.067923,0.072656,0.077280,0.081220,0.084989,0.088133,0.091081,0.093513,0.095750,0.097606,0.099288,0.100735,0.102036,0.103257,0.104362,0.105548,0.106653,0.108004,0.109309,0.111034,0.112757,0.115071,0.117443,0.120549,0.123802,0.127852,0.132176,0.137193,0.142659,0.150001,0.154764,0.160672,0.166771,0.172207,0.177626,0.182304,0.186846,0.190690,0.194348,0.197409,0.200279,0.202672,0.204893,0.206756,0.208474,0.209947,0.211303,0.212518,0.213644,0.214721,0.215735,0.216785,0.217796,0.218922,0.220031,0.221330,0.222630,0.224195,0.225780,0.227701,0.229663,0.232028,0.234457,0.237349,0.240329,0.243816,0.247421,0.251544,0.255820,0.260577,0.265518,0.270842,0.276370,0.282115,0.288065,0.294007,0.300121,0.305981,0.311946,0.317433,0.322935,0.327798,0.332589,0.336660,0.340588,0.343796,0.346818,0.349174,0.351331,0.352912,0.354300,0.355214,0.355955,0.356324,0.356545,0.356489,0.356311,0.355943,0.355477,0.354899,0.354246,0.353551,0.352800,0.352076,0.351313,0.350642,0.349948,0.349414,0.348871,0.348557,0.348250,0.348245,0.348262,0.348660,0.349098,0.350000,1.000000,0.994032,0.988083,0.982087,0.976145,0.970196,0.964297,0.958407,0.952541,0.946686,0.940824,0.934961,0.929070,0.923159,0.917225,0.911246,0.905293,0.899270,0.893381,0.887405,0.881741,0.875989,0.870789,0.865534,0.861104,0.856691,0.853354,0.850142,0.848174,0.846448,0.846006,0.845903,0.846987,0.848460,0.850926,0.853775,0.857379,0.861316,0.865777,0.870500,0.875555,0.880799,0.886234,0.891795,0.897452,0.903192,0.908967,0.914796,0.920623,0.926492,0.932326,0.938202,0.944000,0.949850,0.955549,0.961318,0.966804,0.972385,0.977465,0.982657,0.987022,0.991485,0.994691,0.997659,1.000000,1.000581,0.999841,0.998530,0.996103,0.993174,0.989491,0.985421,0.980874,0.976049,0.970942,0.965646,0.960194,0.954617,0.948962,0.943225,0.937456,0.931632,0.925803,0.919935,0.914080,0.908193,0.902333,0.896447,0.890600,0.884730,0.878919,0.873086,0.867341,0.861573,0.855937,0.850278,0.844815,0.839328,0.834124,0.828902,0.824077,0.819244,0.814952,0.810673,0.807099,0.803576,0.800922,0.798374,0.796833,0.795468,0.795185,0.795151,0.796187,0.797529,0.799837,0.802476,0.805910,0.809661,0.814004,0.818620,0.823636,0.828864,0.834331,0.839948,0.845689,0.851526,0.857409,0.863350,0.869292,0.875266,0.881220,0.887189,0.893132,0.899083,0.905008,0.910940,0.916853,0.922774,0.928683,0.934604,0.940520,0.946451,0.952381,0.958332,0.964278,0.970251,0.976205,0.982193,0.988134,0.994115,1.000000
7.6000,0.000000,0.000788,0.000838,0.000578,-0.000194,-0.001224,-0.002555,-0.004089,-0.005725,-0.007513,-0.009210,-0.011015,-0.012532,-0.014113,-0.015201,-0.016306,-0.016711,-0.017071,-0.016543,-0.015888,-0.014221,-0.012329,-0.009411,-0.006170,-0.002039,0.002478,0.007605,0.013116,0.018873,0.024939,0.030886,0.037018,0.042745,0.048526,0.053733,0.058882,0.063398,0.067781,0.071556,0.075161,0.078241,0.081141,0.083629,0.085950,0.087987,0.089878,0.091622,0.093247,0.094865,0.096394,0.098062,0.099673,0.101574,0.103453,0.105776,0.108123,0.111058,0.114081,0.117795,0.121687,0.126276,0.131166,0.136576,0.142405,0.150000,0.154787,0.160535,0.166373,0.171457,0.176446,0.180688,0.184754,0.188168,0.191387,0.194078,0.196588,0.198698,0.200655,0.202327,0.203875,0.205242,0.206515,0.207697,0.208811,0.209916,0.210974,0.212099,0.213198,0.214436,0.215666,0.217106,0.218556,0.220287,0.222045,0.224157,0.226316,0.228896,0.231546,0.234674,0.237900,0.241636,0.245503,0.249875,0.254411,0.259392,0.264563,0.270057,0.275752,0.281589,0.287613,0.293561,0.299651,0.305446,0.311311,0.316695,0.322070,0.326836,0.331520,0.335538,0.339418,0.342634,0.345681,0.348108,0.350356,0.352054,0.353578,0.354635,0.355533,0.356048,0.356423,0.356499,0.356455,0.356190,0.355826,0.355316,0.354725,0.354062,0.353334,0.352607,0.351830,0.351128,0.350392,0.349805,0.349200,0.348825,0.348447,0.348386,0.348339,0.348700,0.349098,0.350000,1.000000,0.993994,0.988040,0.982030,0.976126,0.970230,0.964426,0.958659,0.952934,0.947247,0.941540,0.935852,0.930095,0.924324,0.918470,0.912561,0.906621,0.900583,0.894652,0.888595,0.882879,0.877043,0.871853,0.866600,0.862313,0.858073,0.855049,0.852212,0.850704,0.849509,0.849597,0.850074,0.851663,0.853654,0.856524,0.859756,0.863629,0.867798,0.872398,0.877223,0.882318,0.887571,0.892979,0.898496,0.904091,0.909758,0.915451,0.921197,0.926927,0.932701,0.938417,0.944178,0.949820,0.955518,0.961000,0.966554,0.971734,0.977002,0.981656,0.986400,0.990194,0.994042,0.996529,0.998702,1.000000,0.999874,0.998324,0.996179,0.993080,0.989505,0.985327,0.980806,0.975929,0.970817,0.965506,0.960040,0.954472,0.948802,0.943088,0.937304,0.931509,0.925665,0.919829,0.913956,0.908106,0.902225,0.896378,0.890504,0.884680,0.878831,0.873054,0.867252,0.861555,0.855833,0.850267,0.844675,0.839310,0.833921,0.828855,0.823774,0.819139,0.814505,0.810466,0.806455,0.803199,0.800016,0.797734,0.795586,0.794443,0.793501,0.793600,0.793961,0.795319,0.796978,0.799518,0.802368,0.805935,0.809789,0.814183,0.818821,0.823831,0.829033,0.834470,0.840046,0.845753,0.851554,0.857414,0.863334,0.869265,0.875234,0.881188,0.887162,0.893110,0.899070,0.905002,0.910942,0.916859,0.922784,0.928693,0.934613,0.940525,0.946452,0.952377,0.958324,0.964266,0.970237,0.976190,0.982181,0.988125,0.994115,1.000000
7.7000,0.000000,0.000834,0.001292,0.001587,0.001627,0.001533,0.001301,0.000963,0.000603,0.000162,-0.000184,-0.000585,-0.000768,-0.000981,-0.000847,-0.000715,-0.000105,0.000538,0.001785,0.003109,0.005141,0.007303,0.010233,0.013355,0.017226,0.021350,0.026107,0.031158,0.036622,0.042382,0.048256,0.054377,0.060293,0.066365,0.071958,0.077592,0.082563,0.087462,0.091623,0.095628,0.098915,0.101999,0.104455,0.106695,0.108439,0.109978,0.111175,0.112192,0.113032,0.113724,0.114412,0.114986,0.115740,0.116416,0.117467,0.118482,0.120074,0.121690,0.124072,0.126567,0.129956,0.133589,0.138090,0.143065,0.150000,0.154636,0.160590,0.166835,0.172531,0.178291,0.183328,0.188278,0.192481,0.196516,0.199869,0.203026,0.205607,0.207997,0.209927,0.211686,0.213102,0.214373,0.215411,0.216331,0.217121,0.217821,0.218488,0.219088,0.219752,0.220373,0.221151,0.221909,0.222920,0.223933,0.225295,0.226684,0.228514,0.230400,0.232808,0.235306,0.238383,0.241590,0.245395,0.249370,0.253904,0.258645,0.263834,0.269253,0.274936,0.280844,0.286775,0.292894,0.298777,0.304775,0.310305,0.315857,0.320776,0.325626,0.329759,0.333751,0.337023,0.340109,0.342530,0.344749,0.346397,0.347848,0.348838,0.349651,0.350117,0.350433,0.350508,0.350465,0.350277,0.349999,0.349661,0.349261,0.348871,0.348444,0.348084,0.347709,0.347448,0.347189,0.347081,0.346988,0.347077,0.347191,0.347515,0.347871,0.348465,0.349098,0.350000,1.000000,0.994065,0.988129,0.982155,0.976201,0.970230,0.964280,0.958322,0.952379,0.946429,0.940485,0.934529,0.928578,0.922605,0.916653,0.910666,0.904743,0.898772,0.892950,0.887068,0.881472,0.875814,0.870630,0.865403,0.860881,0.856360,0.852782,0.849285,0.846927,0.844750,0.843817,0.843168,0.843740,0.844670,0.846685,0.849084,0.852352,0.855980,0.860235,0.864790,0.869753,0.874941,0.880364,0.885939,0.891632,0.897420,0.903252,0.909140,0.915035,0.920964,0.926878,0.932823,0.938729,0.944677,0.950538,0.956463,0.962201,0.968036,0.973493,0.979081,0.983977,0.989013,0.992909,0.996639,1.000000,1.001283,1.001364,1.000907,0.999171,0.996914,0.993739,0.990131,0.985914,0.981371,0.976451,0.971302,0.965937,0.960418,0.954786,0.949054,0.943271,0.937424,0.931561,0.925656,0.919755,0.913825,0.907909,0.901970,0.896053,0.890115,0.884212,0.878287,0.872420,0.866526,0.860731,0.854905,0.849239,0.843541,0.838096,0.832620,0.827525,0.822408,0.817831,0.813257,0.809403,0.805595,0.802686,0.799885,0.798125,0.796550,0.796090,0.795891,0.796788,0.798003,0.800205,0.802746,0.806099,0.809776,0.814060,0.818622,0.823596,0.828786,0.834225,0.839816,0.845538,0.851357,0.857228,0.863156,0.869091,0.875057,0.881010,0.886978,0.892929,0.898888,0.904832,0.910784,0.916725,0.922675,0.928619,0.934574,0.940523,0.946487,0.952440,0.958411,0.964364,0.970336,0.976282,0.982247,0.988171,0.994115,1.000000
7.8000,0.000000,0.000790,0.000888,0.000692,0.000020,-0.000895,-0.002080,-0.003455,-0.004905,-0.006497,-0.007974,-0.009546,-0.010815,-0.012135,-0.012960,-0.013788,-0.013934,-0.014022,-0.013270,-0.012386,-0.010562,-0.008524,-0.005541,-0.002268,0.001834,0.006275,0.011315,0.016694,0.022370,0.028331,0.034270,0.040403,0.046240,0.052162,0.057597,0.063018,0.067847,0.072581,0.076699,0.080670,0.084063,0.087283,0.090009,0.092558,0.094724,0.096725,0.098476,0.100081,0.101582,0.102964,0.104398,0.105743,0.107306,0.108816,0.110715,0.112605,0.115049,0.117546,0.120731,0.124050,0.128115,0.132423,0.137391,0.142755,0.150000,0.154633,0.160581,0.166723,0.172396,0.178096,0.183226,0.188286,0.192768,0.197131,0.200956,0.204646,0.207857,0.210936,0.213601,0.216142,0.218335,0.220416,0.222215,0.223914,0.225398,0.226791,0.228043,0.229215,0.230325,0.231367,0.232437,0.233453,0.234599,0.235708,0.237060,0.238396,0.240094,0.241806,0.243995,0.246238,0.249054,0.251973,0.255519,0.259224,0.263543,0.268075,0.273117,0.278407,0.284015,0.289874,0.295789,0.301913,0.307813,0.313841,0.319398,0.324984,0.329924,0.334798,0.338940,0.342942,0.346204,0.349282,0.351670,0.353856,0.355435,0.356817,0.357693,0.358387,0.358679,0.358813,0.358646,0.358347,0.357841,0.357229,0.356498,0.355684,0.354832,0.353920,0.353045,0.352130,0.351325,0.350497,0.349850,0.349198,0.348799,0.348410,0.348348,0.348313,0.348683,0.349098,0.350000,1.000000,0.994007,0.988054,0.982051,0.976135,0.970225,0.964390,0.958586,0.952812,0.947068,0.941300,0.935545,0.929727,0.923892,0.917996,0.912045,0.906093,0.900054,0.894148,0.888137,0.882470,0.876709,0.871556,0.866362,0.862047,0.857781,0.854614,0.851608,0.849816,0.848290,0.847976,0.847998,0.849122,0.850608,0.853017,0.855774,0.859248,0.863026,0.867323,0.871864,0.876756,0.881830,0.887123,0.892545,0.898091,0.903723,0.909414,0.915162,0.920924,0.926728,0.932507,0.938324,0.944069,0.949860,0.955502,0.961206,0.966636,0.972144,0.977175,0.982294,0.986644,0.991064,0.994345,0.997391,1.000000,1.000826,1.000567,0.999819,0.998010,0.995765,0.992743,0.989370,0.985451,0.981262,0.976699,0.971935,0.966922,0.961761,0.956437,0.951005,0.945470,0.939855,0.934180,0.928445,0.922679,0.916869,0.911048,0.905193,0.899343,0.893466,0.887609,0.881728,0.875886,0.870018,0.864219,0.858391,0.852684,0.846942,0.841406,0.835827,0.830582,0.825299,0.820519,0.815720,0.811626,0.807557,0.804400,0.801339,0.799355,0.797556,0.796919,0.796554,0.797331,0.798442,0.800575,0.803062,0.806383,0.810039,0.814315,0.818876,0.823856,0.829057,0.834512,0.840123,0.845864,0.851708,0.857597,0.863548,0.869494,0.875474,0.881425,0.887391,0.893323,0.899261,0.905170,0.911082,0.916975,0.922872,0.928761,0.934660,0.940559,0.946474,0.952393,0.958334,0.964274,0.970244,0.976197,0.982187,0.988129,0.994115,1.000000
7.9000,0.000000,0.000818,0.001140,0.001251,0.001018,0.000612,0.000005,-0.000741,-0.001547,-0.002458,-0.003290,-0.004198,-0.004881,-0.005609,-0.005959,-0.006323,-0.006147,-0.005944,-0.005043,-0.004061,-0.002249,-0.000284,0.002578,0.005680,0.009638,0.013917,0.018864,0.024181,0.029839,0.035844,0.041789,0.047981,0.053740,0.059598,0.064771,0.069892,0.074226,0.078393,0.081803,0.084987,0.087532,0.089840,0.091670,0.093284,0.094598,0.095731,0.096745,0.097619,0.098551,0.099386,0.100454,0.101469,0.102889,0.104304,0.106288,0.108325,0.111069,0.113940,0.117595,0.121475,0.126092,0.131047,0.136506,0.142380,0.150000,0.154759,0.160494,0.166307,0.171379,0.176352,0.180591,0.184650,0.188076,0.191301,0.194029,0.196572,0.198757,0.200789,0.202589,0.204273,0.205836,0.207317,0.208771,0.210174,0.211627,0.213055,0.214595,0.216133,0.217836,0.219553,0.221481,0.223438,0.225649,0.227899,0.230448,0.233047,0.235989,0.238994,0.242383,0.245851,0.249736,0.253722,0.258137,0.262677,0.267621,0.272717,0.278137,0.283733,0.289511,0.295471,0.301416,0.307520,0.313378,0.319339,0.324829,0.330343,0.335204,0.340003,0.344044,0.347945,0.351066,0.353994,0.356189,0.358167,0.359503,0.360623,0.361219,0.361617,0.361611,0.361436,0.360974,0.360375,0.359596,0.358710,0.357740,0.356692,0.355645,0.354545,0.353521,0.352467,0.351559,0.350640,0.349932,0.349230,0.348802,0.348396,0.348328,0.348296,0.348671,0.349098,0.350000,1.000000,0.994045,0.988099,0.982109,0.976160,0.970197,0.964274,0.958351,0.952452,0.946555,0.940660,0.934760,0.928846,0.922912,0.916968,0.910985,0.905034,0.899019,0.893133,0.887162,0.881491,0.875725,0.870505,0.865212,0.860765,0.856314,0.853005,0.849809,0.847964,0.846378,0.846193,0.846391,0.847860,0.849773,0.852703,0.856059,0.860134,0.864561,0.869439,0.874570,0.879952,0.885496,0.891161,0.896922,0.902729,0.908590,0.914456,0.920357,0.926237,0.932148,0.938006,0.943903,0.949685,0.955524,0.961138,0.966828,0.972111,0.977485,0.982185,0.986964,0.990723,0.994500,0.996879,0.998888,0.999999,0.999813,0.998212,0.996034,0.992915,0.989332,0.985151,0.980635,0.975765,0.970666,0.965374,0.959932,0.954394,0.948758,0.943083,0.937343,0.931598,0.925808,0.920034,0.914227,0.908453,0.902651,0.896900,0.891126,0.885421,0.879696,0.874063,0.868413,0.862885,0.857342,0.851961,0.846568,0.841392,0.836205,0.831310,0.826410,0.821900,0.817393,0.813400,0.809428,0.806115,0.802854,0.800403,0.798048,0.796639,0.795389,0.795170,0.795177,0.796228,0.797563,0.799866,0.802487,0.805924,0.809677,0.814049,0.818702,0.823772,0.829065,0.834600,0.840292,0.846094,0.851995,0.857919,0.863895,0.869849,0.875824,0.881760,0.887700,0.893603,0.899502,0.905377,0.911248,0.917110,0.922973,0.928838,0.934712,0.940597,0.946497,0.952409,0.958343,0.964282,0.970250,0.976203,0.982191,0.988133,0.994115,1.000000
8.0000,0.000000,0.000793,0.000966,0.000868,0.000355,-0.000380,-0.001338,-0.002467,-0.003635,-0.004928,-0.006084,-0.007321,-0.008248,-0.009213,-0.009700,-0.010177,-0.010016,-0.009792,-0.008796,-0.007676,-0.005700,-0.003532,-0.000501,0.002786,0.006849,0.011211,0.016166,0.021430,0.027029,0.032904,0.038821,0.044944,0.050831,0.056830,0.062377,0.067936,0.072905,0.077797,0.082043,0.086148,0.089624,0.092923,0.095669,0.098225,0.100342,0.102277,0.103911,0.105383,0.106706,0.107895,0.109099,0.110200,0.111488,0.112711,0.114293,0.115856,0.117951,0.120083,0.122895,0.125820,0.129510,0.133413,0.138046,0.143061,0.150000,0.154464,0.160401,0.166615,0.172440,0.178381,0.183691,0.188975,0.193515,0.197928,0.201584,0.205055,0.207827,0.210394,0.212358,0.214118,0.215391,0.216478,0.217198,0.217757,0.218071,0.218250,0.218305,0.218253,0.218199,0.218065,0.218057,0.217994,0.218191,0.218363,0.218933,0.219512,0.220623,0.221785,0.223598,0.225515,0.228161,0.230969,0.234518,0.238288,0.242720,0.247415,0.252602,0.258062,0.263774,0.269727,0.275668,0.281781,0.287642,0.293586,0.299097,0.304604,0.309570,0.314462,0.318769,0.322955,0.326561,0.330023,0.332940,0.335706,0.337982,0.340111,0.341813,0.343378,0.344582,0.345663,0.346450,0.347128,0.347577,0.347933,0.348124,0.348236,0.348245,0.348191,0.348095,0.347949,0.347823,0.347660,0.347578,0.347474,0.347513,0.347543,0.347783,0.348027,0.348552,0.349098,0.350000,1.000000,0.994021,0.988070,0.982073,0.976142,0.970211,0.964335,0.958478,0.952640,0.946820,0.940980,0.935142,0.929260,0.923357,0.917423,0.911439,0.905487,0.899462,0.893592,0.887638,0.882022,0.876333,0.871209,0.866054,0.861703,0.857392,0.854093,0.850926,0.848908,0.847116,0.846512,0.846210,0.847029,0.848192,0.850332,0.852820,0.856092,0.859682,0.863854,0.868289,0.873122,0.878156,0.883438,0.888863,0.894428,0.900086,0.905811,0.911595,0.917400,0.923244,0.929076,0.934939,0.940753,0.946604,0.952344,0.958138,0.963712,0.969358,0.974606,0.979942,0.984614,0.989365,0.993105,0.996659,1.000000,1.001427,1.001880,1.001918,1.000687,0.999009,0.996316,0.993208,0.989355,0.985156,0.980457,0.975493,0.970224,0.964770,0.959149,0.953408,0.947592,0.941704,0.935794,0.929846,0.923900,0.917937,0.911984,0.906023,0.900069,0.894110,0.888156,0.882191,0.876241,0.870268,0.864342,0.858380,0.852531,0.846632,0.840962,0.835237,0.829904,0.824529,0.819750,0.814967,0.810997,0.807087,0.804175,0.801410,0.799752,0.798327,0.798020,0.798012,0.799041,0.800398,0.802647,0.805214,0.808498,0.812066,0.816177,0.820525,0.825262,0.830186,0.835377,0.840707,0.846209,0.851813,0.857519,0.863297,0.869128,0.875010,0.880912,0.886849,0.892786,0.898748,0.904699,0.910669,0.916623,0.922593,0.928546,0.934515,0.940467,0.946437,0.952391,0.958364,0.964318,0.970295,0.976244,0.982221,0.988151,0.994115,1.000000
8.1000,-0.000000,0.000828,0.001212,0.001410,0.001295,0.001025,0.000570,-0.000010,-0.000648,-0.001384,-0.002050,-0.002788,-0.003320,-0.003897,-0.004122,-0.004363,-0.004098,-0.003810,-0.002863,-0.001844,-0.000033,0.001917,0.004732,0.007768,0.011642,0.015817,0.020668,0.025867,0.031450,0.037368,0.043298,0.049479,0.055312,0.061265,0.066607,0.071930,0.076512,0.080962,0.084667,0.088173,0.091018,0.093642,0.095739,0.097625,0.099141,0.100473,0.101600,0.102576,0.103515,0.104339,0.105296,0.106175,0.107364,0.108515,0.110153,0.111804,0.114114,0.116506,0.119689,0.123053,0.127240,0.131742,0.136906,0.142535,0.150000,0.154806,0.160651,0.166646,0.171903,0.177099,0.181522,0.185777,0.189337,0.192694,0.195480,0.198071,0.200227,0.202214,0.203896,0.205439,0.206794,0.208043,0.209207,0.210295,0.211391,0.212437,0.213575,0.214687,0.215968,0.217245,0.218762,0.220297,0.222139,0.224019,0.226268,0.228576,0.231306,0.234117,0.237388,0.240764,0.244617,0.248598,0.253042,0.257637,0.262638,0.267809,0.273284,0.278936,0.284744,0.290720,0.296668,0.302755,0.308610,0.314552,0.320068,0.325604,0.330553,0.335451,0.339657,0.343746,0.347103,0.350293,0.352771,0.355053,0.356689,0.358121,0.359003,0.359692,0.359940,0.360016,0.359764,0.359367,0.358753,0.358021,0.357172,0.356235,0.355273,0.354249,0.353283,0.352280,0.351409,0.350523,0.349839,0.349159,0.348748,0.348358,0.348302,0.348282,0.348664,0.349098,0.350000,1.000000,0.994055,0.988114,0.982131,0.976178,0.970209,0.964272,0.958332,0.952413,0.946492,0.940576,0.934653,0.928723,0.922775,0.916825,0.910839,0.904892,0.898886,0.893008,0.887052,0.881380,0.875622,0.870376,0.865063,0.860543,0.856015,0.852565,0.849216,0.847154,0.845326,0.844856,0.844739,0.845885,0.847450,0.850059,0.853082,0.856876,0.861025,0.865683,0.870610,0.875839,0.881253,0.886825,0.892512,0.898270,0.904096,0.909942,0.915831,0.921711,0.927624,0.933500,0.939414,0.945248,0.951135,0.956860,0.962660,0.968148,0.973737,0.978768,0.983914,0.988147,0.992463,0.995427,0.998098,1.000000,1.000273,0.999140,0.997405,0.994609,0.991308,0.987322,0.982961,0.978189,0.973157,0.967896,0.962464,0.956914,0.951254,0.945542,0.939759,0.933961,0.928114,0.922275,0.916400,0.910548,0.904667,0.898823,0.892953,0.887138,0.881299,0.875542,0.869761,0.864099,0.858416,0.852903,0.847371,0.842080,0.836775,0.831801,0.826823,0.822285,0.817759,0.813799,0.809877,0.806653,0.803503,0.801177,0.798970,0.797687,0.796576,0.796444,0.796536,0.797603,0.798937,0.801177,0.803707,0.807016,0.810614,0.814827,0.819303,0.824220,0.829355,0.834768,0.840345,0.846070,0.851904,0.857793,0.863745,0.869694,0.875673,0.881621,0.887579,0.893501,0.899421,0.905314,0.911203,0.917079,0.922954,0.928829,0.934709,0.940599,0.946502,0.952417,0.958351,0.964291,0.970256,0.976210,0.982195,0.988137,0.994115,1.000000
