t,n000_x,n001_x,n002_x,n003_x,n004_x,n005_x,n006_x,n007_x,n008_x,n009_x,n010_x,n011_x,n012_x,n013_x,n014_x,n015_x,n016_x,n017_x,n018_x,n019_x,n020_x,n021_x,n022_x,n023_x,n024_x,n025_x,n026_x,n027_x,n028_x,n029_x,n030_x,n031_x,n032_x,n033_x,n034_x,n035_x,n036_x,n037_x,n038_x,n039_x,n040_x,n041_x,n042_x,n043_x,n044_x,n045_x,n046_x,n047_x,n048_x,n049_x,n050_x,n051_x,n052_x,n053_x,n054_x,n055_x,n056_x,n057_x,n058_x,n059_x,n060_x,n000_z,n001_z,n002_z,n003_z,n004_z,n005_z,n006_z,n007_z,n008_z,n009_z,n010_z,n011_z,n012_z,n013_z,n014_z,n015_z,n016_z,n017_z,n018_z,n019_z,n020_z,n021_z,n022_z,n023_z,n024_z,n025_z,n026_z,n027_z,n028_z,n029_z,n030_z,n031_z,n032_z,n033_z,n034_z,n035_z,n036_z,n037_z,n038_z,n039_z,n040_z,n041_z,n042_z,n043_z,n044_z,n045_z,n046_z,n047_z,n048_z,n049_z,n050_z,n051_z,n052_z,n053_z,n054_z,n055_z,n056_z,n057_z,n058_z,n059_z,n060_z
0.0000,-0.000000,0.009451,0.019141,0.029053,0.039202,0.049574,0.060186,0.071031,0.082143,0.093519,0.105201,0.117180,0.129490,0.142112,0.155068,0.168331,0.181920,0.195807,0.210016,0.224520,0.239338,0.254439,0.269830,0.285473,0.301363,0.317458,0.333740,0.350169,0.366714,0.383339,0.400000,0.416666,0.433285,0.449836,0.466260,0.482547,0.498637,0.514532,0.530169,0.545565,0.560661,0.575484,0.589983,0.604197,0.618080,0.631674,0.644932,0.657893,0.670510,0.682824,0.694799,0.706485,0.717857,0.728973,0.739814,0.750431,0.760798,0.770952,0.780859,0.790554,0.800000,1.000000,0.986262,0.972702,0.959293,0.946073,0.933016,0.920165,0.907499,0.895078,0.882887,0.871001,0.859402,0.848168,0.837273,0.826790,0.816687,0.807038,0.797813,0.789104,0.780882,0.773256,0.766191,0.759799,0.754035,0.749010,0.744665,0.741111,0.738282,0.736285,0.735045,0.734661,0.735046,0.736285,0.738284,0.741111,0.744667,0.749009,0.754038,0.759799,0.766195,0.773256,0.780887,0.789104,0.797818,0.807038,0.816691,0.826790,0.837278,0.848167,0.859408,0.871000,0.882895,0.895078,0.907507,0.920165,0.933024,0.946073,0.959300,0.972702,0.986269,1.000000
0.1000,-0.000000,0.009453,0.019070,0.028863,0.038858,0.049064,0.059512,0.070214,0.081209,0.092501,0.104128,0.116083,0.128391,0.141031,0.154019,0.167330,0.180979,0.194945,0.209241,0.223848,0.238771,0.253984,0.269479,0.285222,0.301191,0.317355,0.333681,0.350144,0.366703,0.383339,0.400000,0.416672,0.433296,0.449867,0.466319,0.482656,0.498809,0.514789,0.530521,0.546026,0.561229,0.576162,0.590758,0.605064,0.619020,0.632679,0.645981,0.658978,0.671609,0.683925,0.695872,0.707507,0.718791,0.729793,0.740487,0.750943,0.761142,0.771143,0.780930,0.790554,0.800000,1.000000,0.986256,0.972644,0.959140,0.945803,0.932609,0.919625,0.906829,0.894304,0.882027,0.870088,0.858456,0.847218,0.836336,0.825892,0.815844,0.806280,0.797164,0.788599,0.780549,0.773131,0.766298,0.760161,0.754660,0.749894,0.745791,0.742446,0.739788,0.737913,0.736749,0.736388,0.736750,0.737913,0.739790,0.742446,0.745793,0.749893,0.754664,0.760161,0.766303,0.773130,0.780557,0.788599,0.797172,0.806280,0.815852,0.825892,0.836345,0.847218,0.858467,0.870087,0.882039,0.894304,0.906842,0.919625,0.932622,0.945803,0.959154,0.972644,0.986269,1.000000
0.2000,-0.000000,0.009454,0.019117,0.028993,0.039106,0.049459,0.060075,0.070953,0.082115,0.093558,0.105297,0.117324,0.129652,0.142273,0.155202,0.168431,0.181981,0.195841,0.210029,0.224528,0.239344,0.254452,0.269844,0.285492,0.301376,0.317469,0.333743,0.350170,0.366711,0.383340,0.400000,0.416672,0.433289,0.449841,0.466257,0.482542,0.498624,0.514519,0.530156,0.545559,0.560656,0.575482,0.589971,0.604168,0.618019,0.631578,0.644798,0.657737,0.670348,0.682686,0.694703,0.706452,0.717885,0.729056,0.739926,0.750549,0.760894,0.771015,0.780883,0.790554,0.800000,1.000000,0.986256,0.972677,0.959233,0.945985,0.932905,0.920056,0.907410,0.895034,0.882896,0.871066,0.859508,0.848293,0.837387,0.826871,0.816713,0.807010,0.797732,0.788989,0.780746,0.773116,0.766052,0.759664,0.753894,0.748852,0.744478,0.740886,0.738013,0.735978,0.734710,0.734317,0.734712,0.735978,0.738016,0.740885,0.744482,0.748852,0.753899,0.759663,0.766057,0.773115,0.780754,0.788989,0.797741,0.807010,0.816723,0.826871,0.837397,0.848293,0.859517,0.871065,0.882907,0.895034,0.907421,0.920056,0.932917,0.945984,0.959245,0.972676,0.986269,1.000000
0.3000,-0.000000,0.009452,0.019066,0.028858,0.038862,0.049089,0.059569,0.070306,0.081333,0.092647,0.104281,0.116226,0.128511,0.141122,0.154084,0.167376,0.181019,0.194988,0.209296,0.223915,0.238847,0.254061,0.269549,0.285279,0.301234,0.317382,0.333696,0.350151,0.366706,0.383339,0.400000,0.416671,0.433294,0.449859,0.466304,0.482628,0.498766,0.514730,0.530450,0.545948,0.561153,0.576094,0.590704,0.605021,0.618982,0.632633,0.645917,0.658886,0.671489,0.683781,0.695719,0.707360,0.718667,0.729701,0.740431,0.750917,0.761138,0.771148,0.780934,0.790554,0.800000,1.000000,0.986256,0.972642,0.959138,0.945809,0.932632,0.919673,0.906908,0.894411,0.882156,0.870222,0.858581,0.847319,0.836404,0.825927,0.815854,0.806282,0.797172,0.788626,0.780601,0.773200,0.766371,0.760218,0.754683,0.749866,0.745705,0.742304,0.739595,0.737684,0.736497,0.736128,0.736497,0.737684,0.739598,0.742304,0.745708,0.749866,0.754687,0.760219,0.766377,0.773200,0.780608,0.788626,0.797179,0.806282,0.815863,0.825927,0.836413,0.847319,0.858591,0.870222,0.882167,0.894411,0.906920,0.919673,0.932644,0.945809,0.959151,0.972642,0.986269,1.000000
0.4000,-0.000000,0.009454,0.019113,0.028980,0.039073,0.049397,0.059971,0.070797,0.081903,0.093286,0.104974,0.116961,0.129272,0.141894,0.154846,0.168113,0.181710,0.195617,0.209847,0.224380,0.239221,0.254347,0.269754,0.285417,0.301318,0.317429,0.333718,0.350159,0.366707,0.383339,0.400000,0.416673,0.433292,0.449853,0.466282,0.482583,0.498682,0.514594,0.530245,0.545664,0.560779,0.575630,0.590153,0.604393,0.618290,0.631897,0.645154,0.658115,0.670728,0.683047,0.695026,0.706723,0.718097,0.729211,0.740029,0.750611,0.760926,0.771027,0.780886,0.790554,0.800000,1.000000,0.986256,0.972674,0.959222,0.945960,0.932857,0.919974,0.907283,0.894856,0.882663,0.870782,0.859183,0.847948,0.837044,0.826556,0.816448,0.806810,0.797603,0.788929,0.780746,0.773163,0.766139,0.759787,0.754058,0.749069,0.744759,0.741241,0.738445,0.736475,0.735253,0.734874,0.735254,0.736475,0.738447,0.741241,0.744763,0.749069,0.754064,0.759787,0.766145,0.773163,0.780753,0.788928,0.797612,0.806809,0.816457,0.826556,0.837054,0.847948,0.859194,0.870782,0.882675,0.894856,0.907296,0.919975,0.932870,0.945961,0.959236,0.972674,0.986269,1.000000
0.5000,-0.000000,0.009452,0.019081,0.028901,0.038943,0.049217,0.059751,0.070547,0.081633,0.093004,0.104686,0.116670,0.128979,0.141600,0.154556,0.167829,0.181438,0.195364,0.209619,0.224182,0.239056,0.254216,0.269656,0.285348,0.301273,0.317402,0.333705,0.350154,0.366706,0.383339,0.400000,0.416672,0.433294,0.449858,0.466296,0.482609,0.498727,0.514663,0.530344,0.545794,0.560944,0.575828,0.590381,0.604645,0.618561,0.632179,0.645444,0.658409,0.671022,0.683339,0.695314,0.707005,0.718367,0.729461,0.740249,0.750790,0.761057,0.771106,0.780919,0.790554,0.800000,1.000000,0.986255,0.972652,0.959167,0.945866,0.932725,0.919810,0.907094,0.894650,0.882445,0.870559,0.858957,0.847721,0.836817,0.826333,0.816234,0.806614,0.797436,0.788803,0.780675,0.773158,0.766208,0.759936,0.754289,0.749377,0.745140,0.741683,0.738938,0.737005,0.735807,0.735435,0.735807,0.737005,0.738940,0.741683,0.745143,0.749376,0.754293,0.759935,0.766214,0.773158,0.780682,0.788804,0.797445,0.806615,0.816243,0.826333,0.836827,0.847721,0.858967,0.870558,0.882457,0.894649,0.907106,0.919810,0.932737,0.945866,0.959180,0.972652,0.986269,1.000000
0.6000,-0.000000,0.009452,0.019069,0.028869,0.038889,0.049141,0.059653,0.070430,0.081498,0.092853,0.104521,0.116492,0.128791,0.141406,0.154361,0.167639,0.181259,0.195202,0.209480,0.224068,0.238969,0.254154,0.269615,0.285323,0.301259,0.317396,0.333702,0.350153,0.366706,0.383339,0.400000,0.416672,0.433294,0.449858,0.466298,0.482615,0.498741,0.514688,0.530385,0.545857,0.561032,0.575942,0.590520,0.604807,0.618741,0.632370,0.645639,0.658602,0.671209,0.683516,0.695479,0.707156,0.718502,0.729579,0.740347,0.750867,0.761111,0.771137,0.780931,0.790554,0.800000,1.000000,0.986255,0.972643,0.959145,0.945827,0.932668,0.919735,0.907003,0.894542,0.882323,0.870423,0.858808,0.847561,0.836650,0.826165,0.816071,0.806468,0.797316,0.788720,0.780638,0.773173,0.766278,0.760057,0.754456,0.749581,0.745371,0.741932,0.739197,0.737268,0.736070,0.735699,0.736071,0.737268,0.739199,0.741932,0.745374,0.749581,0.754461,0.760057,0.766283,0.773172,0.780644,0.788719,0.797323,0.806467,0.816080,0.826165,0.836660,0.847561,0.858818,0.870422,0.882335,0.894542,0.907014,0.919734,0.932680,0.945826,0.959158,0.972643,0.986269,1.000000
0.7000,-0.000000,0.009454,0.019116,0.028989,0.039095,0.049437,0.060034,0.070886,0.082016,0.093420,0.105123,0.117117,0.129428,0.142043,0.154986,0.168241,0.181826,0.195724,0.209945,0.224469,0.239301,0.254417,0.269812,0.285463,0.301351,0.317450,0.333730,0.350164,0.366709,0.383339,0.400000,0.416672,0.433290,0.449846,0.466269,0.482560,0.498648,0.514547,0.530187,0.545593,0.560699,0.575541,0.590055,0.604286,0.618174,0.631768,0.645014,0.657966,0.670572,0.682891,0.694877,0.706588,0.717983,0.729122,0.739966,0.750571,0.760905,0.771019,0.780884,0.790554,0.800000,1.000000,0.986256,0.972676,0.959230,0.945977,0.932889,0.920025,0.907357,0.894951,0.882778,0.870912,0.859321,0.848086,0.837175,0.826675,0.816552,0.806898,0.797677,0.788987,0.780790,0.773190,0.766144,0.759764,0.754002,0.748972,0.744620,0.741059,0.738225,0.736225,0.734983,0.734598,0.734984,0.736225,0.738228,0.741060,0.744625,0.748973,0.754008,0.759765,0.766151,0.773190,0.780797,0.788987,0.797684,0.806897,0.816560,0.826674,0.837184,0.848085,0.859331,0.870911,0.882790,0.894952,0.907369,0.920025,0.932901,0.945977,0.959243,0.972676,0.986269,1.000000
0.8000,-0.000000,0.009452,0.019057,0.028836,0.038824,0.049035,0.059500,0.070225,0.081243,0.092552,0.104184,0.116131,0.128422,0.141042,0.154015,0.167320,0.180974,0.194953,0.209267,0.223889,0.238821,0.254035,0.269522,0.285253,0.301211,0.317365,0.333685,0.350145,0.366704,0.383339,0.400000,0.416672,0.433296,0.449866,0.466315,0.482646,0.498789,0.514757,0.530478,0.545975,0.561178,0.576119,0.590731,0.605055,0.619026,0.632689,0.645985,0.658966,0.671578,0.683877,0.695816,0.707455,0.718757,0.729782,0.740499,0.750972,0.761176,0.771170,0.780943,0.790554,0.800000,1.000000,0.986255,0.972635,0.959121,0.945779,0.932589,0.919617,0.906842,0.894337,0.882075,0.870139,0.858500,0.847244,0.836339,0.825876,0.815818,0.806262,0.797166,0.788630,0.780609,0.773208,0.766376,0.760220,0.754686,0.749879,0.745738,0.742365,0.739688,0.737806,0.736639,0.736278,0.736639,0.737805,0.739690,0.742364,0.745741,0.749879,0.754691,0.760221,0.766383,0.773209,0.780618,0.788632,0.797176,0.806263,0.815828,0.825876,0.836349,0.847244,0.858511,0.870139,0.882087,0.894337,0.906854,0.919617,0.932602,0.945779,0.959134,0.972635,0.986269,1.000000
0.9000,-0.000000,0.009453,0.019114,0.028986,0.039097,0.049449,0.060064,0.070940,0.082098,0.093532,0.105262,0.117280,0.129605,0.142228,0.155168,0.168413,0.181981,0.195857,0.210055,0.224556,0.239367,0.254465,0.269846,0.285485,0.301365,0.317458,0.333734,0.350166,0.366710,0.383340,0.400000,0.416672,0.433290,0.449845,0.466266,0.482553,0.498634,0.514525,0.530153,0.545545,0.560633,0.575453,0.589945,0.604152,0.618019,0.631596,0.644831,0.657780,0.670394,0.682728,0.694737,0.706477,0.717902,0.729069,0.739936,0.750559,0.760903,0.771021,0.780886,0.790554,0.800000,1.000000,0.986256,0.972675,0.959228,0.945979,0.932899,0.920050,0.907402,0.895022,0.882877,0.871037,0.859471,0.848253,0.837350,0.826847,0.816711,0.807033,0.797780,0.789053,0.780815,0.773174,0.766090,0.759675,0.753882,0.748827,0.744453,0.740875,0.738027,0.736018,0.734770,0.734383,0.734771,0.736017,0.738029,0.740875,0.744457,0.748827,0.753887,0.759675,0.766096,0.773174,0.780822,0.789052,0.797788,0.807032,0.816720,0.826847,0.837361,0.848254,0.859482,0.871038,0.882889,0.895022,0.907414,0.920050,0.932911,0.945979,0.959242,0.972675,0.986269,1.000000
1.0000,-0.000000,0.009452,0.019056,0.028835,0.038826,0.049042,0.059516,0.070253,0.081284,0.092606,0.104249,0.116205,0.128499,0.141118,0.154086,0.167383,0.181029,0.195000,0.209306,0.223923,0.238850,0.254059,0.269542,0.285270,0.301223,0.317373,0.333690,0.350148,0.366705,0.383339,0.400000,0.416673,0.433296,0.449864,0.466311,0.482638,0.498777,0.514741,0.530459,0.545952,0.561151,0.576088,0.590695,0.605011,0.618972,0.632627,0.645916,0.658892,0.671503,0.683804,0.695751,0.707402,0.718716,0.729755,0.740484,0.750965,0.761175,0.771171,0.780944,0.790554,0.800000,1.000000,0.986255,0.972635,0.959120,0.945780,0.932594,0.919630,0.906864,0.894371,0.882122,0.870197,0.858566,0.847313,0.836407,0.825938,0.815871,0.806303,0.797194,0.788646,0.780614,0.773203,0.766362,0.760197,0.754651,0.749832,0.745675,0.742285,0.739593,0.737697,0.736522,0.736158,0.736523,0.737698,0.739596,0.742286,0.745679,0.749832,0.754656,0.760196,0.766367,0.773202,0.780620,0.788645,0.797201,0.806302,0.815879,0.825937,0.836416,0.847313,0.858576,0.870197,0.882133,0.894370,0.906876,0.919629,0.932606,0.945780,0.959134,0.972635,0.986269,1.000000
1.1000,-0.000000,0.009453,0.019108,0.028968,0.039059,0.049384,0.059965,0.070801,0.081918,0.093312,0.105008,0.116999,0.129309,0.141926,0.154874,0.168136,0.181730,0.195636,0.209868,0.224403,0.239246,0.254373,0.269779,0.285438,0.301335,0.317440,0.333725,0.350162,0.366708,0.383339,0.400000,0.416672,0.433291,0.449849,0.466274,0.482571,0.498665,0.514572,0.530220,0.545636,0.560754,0.575606,0.590131,0.604372,0.618270,0.631872,0.645126,0.658082,0.670692,0.683011,0.694993,0.706697,0.718083,0.729208,0.740036,0.750624,0.760941,0.771039,0.780892,0.790554,0.800000,1.000000,0.986256,0.972670,0.959215,0.945951,0.932849,0.919972,0.907290,0.894873,0.882691,0.870817,0.859223,0.847987,0.837079,0.826585,0.816471,0.806829,0.797622,0.788950,0.780772,0.773194,0.766171,0.759816,0.754079,0.749076,0.744747,0.741207,0.738390,0.736403,0.735170,0.734788,0.735171,0.736403,0.738393,0.741207,0.744751,0.749075,0.754085,0.759816,0.766178,0.773194,0.780779,0.788950,0.797631,0.806829,0.816480,0.826585,0.837089,0.847987,0.859233,0.870817,0.882701,0.894872,0.907301,0.919971,0.932861,0.945950,0.959228,0.972670,0.986269,1.000000
1.2000,-0.000000,0.009453,0.019081,0.028900,0.038940,0.049210,0.059738,0.070525,0.081600,0.092960,0.104632,0.116607,0.128911,0.141531,0.154489,0.167768,0.181386,0.195323,0.209590,0.224164,0.239047,0.254214,0.269658,0.285351,0.301276,0.317405,0.333706,0.350154,0.366706,0.383339,0.400000,0.416672,0.433293,0.449856,0.466293,0.482605,0.498723,0.514659,0.530341,0.545796,0.560953,0.575845,0.590409,0.604685,0.618613,0.632240,0.645511,0.658477,0.671088,0.683400,0.695367,0.707046,0.718398,0.729482,0.740261,0.750796,0.761059,0.771107,0.780918,0.790554,0.800000,1.000000,0.986256,0.972652,0.959167,0.945864,0.932719,0.919798,0.907075,0.894621,0.882407,0.870510,0.858899,0.847657,0.836751,0.826270,0.816179,0.806572,0.797411,0.788797,0.780688,0.773189,0.766254,0.759991,0.754349,0.749437,0.745196,0.741734,0.738981,0.737042,0.735839,0.735466,0.735840,0.737042,0.738984,0.741733,0.745200,0.749437,0.754354,0.759991,0.766260,0.773189,0.780695,0.788797,0.797419,0.806572,0.816188,0.826270,0.836761,0.847657,0.858910,0.870511,0.882420,0.894622,0.907088,0.919799,0.932732,0.945864,0.959180,0.972652,0.986269,1.000000
1.3000,-0.000000,0.009452,0.019073,0.028878,0.038904,0.049160,0.059676,0.070455,0.081525,0.092882,0.104553,0.116529,0.128834,0.141456,0.154416,0.167697,0.181319,0.195260,0.209532,0.224111,0.239002,0.254177,0.269629,0.285331,0.301263,0.317397,0.333702,0.350153,0.366705,0.383339,0.400000,0.416672,0.433294,0.449858,0.466298,0.482614,0.498737,0.514679,0.530370,0.545832,0.560997,0.575898,0.590468,0.604749,0.618681,0.632311,0.645584,0.658553,0.671166,0.683479,0.695447,0.707126,0.718475,0.729553,0.740324,0.750847,0.761096,0.771128,0.780928,0.790554,0.800000,1.000000,0.986255,0.972646,0.959151,0.945837,0.932682,0.919752,0.907021,0.894563,0.882346,0.870448,0.858838,0.847598,0.836694,0.826216,0.816127,0.806524,0.797369,0.788764,0.780666,0.773182,0.766264,0.760022,0.754402,0.749513,0.745293,0.741849,0.739113,0.737186,0.735990,0.735620,0.735991,0.737186,0.739116,0.741850,0.745297,0.749514,0.754408,0.760024,0.766271,0.773183,0.780674,0.788764,0.797378,0.806525,0.816137,0.826216,0.836704,0.847598,0.858849,0.870448,0.882358,0.894563,0.907034,0.919752,0.932695,0.945837,0.959165,0.972646,0.986269,1.000000
1.4000,-0.000000,0.009453,0.019108,0.028968,0.039062,0.049392,0.059980,0.070827,0.081956,0.093362,0.105069,0.117069,0.129384,0.142005,0.154951,0.168208,0.181794,0.195692,0.209914,0.224440,0.239274,0.254393,0.269794,0.285449,0.301341,0.317444,0.333727,0.350163,0.366709,0.383340,0.400000,0.416672,0.433291,0.449849,0.466273,0.482568,0.498660,0.514563,0.530207,0.545617,0.560727,0.575570,0.590086,0.604318,0.618206,0.631801,0.645050,0.658005,0.670616,0.682941,0.694933,0.706648,0.718046,0.729183,0.740021,0.750617,0.760939,0.771039,0.780893,0.790554,0.800000,1.000000,0.986256,0.972670,0.959216,0.945953,0.932855,0.919984,0.907312,0.894906,0.882734,0.870872,0.859287,0.848058,0.837152,0.826656,0.816536,0.806884,0.797663,0.788976,0.780781,0.773186,0.766148,0.759779,0.754029,0.749014,0.744676,0.741129,0.738306,0.736314,0.735078,0.734695,0.735079,0.736314,0.738308,0.741129,0.744680,0.749014,0.754034,0.759778,0.766154,0.773185,0.780788,0.788975,0.797672,0.806884,0.816545,0.826656,0.837161,0.848057,0.859296,0.870870,0.882744,0.894904,0.907322,0.919983,0.932867,0.945952,0.959228,0.972670,0.986269,1.000000
1.5000,-0.000000,0.009452,0.019059,0.028840,0.038832,0.049048,0.059518,0.070249,0.081272,0.092586,0.104221,0.116170,0.128460,0.141079,0.154049,0.167351,0.181002,0.194979,0.209291,0.223912,0.238843,0.254055,0.269539,0.285268,0.301222,0.317373,0.333690,0.350147,0.366704,0.383339,0.400000,0.416672,0.433296,0.449864,0.466310,0.482639,0.498779,0.514743,0.530462,0.545956,0.561158,0.576099,0.590710,0.605032,0.618998,0.632659,0.645952,0.658930,0.671539,0.683838,0.695778,0.707421,0.718727,0.729758,0.740481,0.750959,0.761167,0.771166,0.780941,0.790554,0.800000,1.000000,0.986255,0.972636,0.959124,0.945785,0.932598,0.919631,0.906860,0.894360,0.882103,0.870170,0.858533,0.847276,0.836369,0.825903,0.815842,0.806281,0.797181,0.788642,0.780619,0.773215,0.766380,0.760219,0.754677,0.749859,0.745704,0.742316,0.739624,0.737729,0.736554,0.736190,0.736555,0.737729,0.739626,0.742316,0.745707,0.749858,0.754680,0.760218,0.766384,0.773214,0.780625,0.788641,0.797188,0.806279,0.815849,0.825902,0.836378,0.847276,0.858544,0.870171,0.882115,0.894361,0.906873,0.919631,0.932611,0.945785,0.959137,0.972636,0.986269,1.000000
1.6000,-0.000000,0.009454,0.019117,0.028993,0.039107,0.049460,0.060072,0.070943,0.082094,0.093520,0.105242,0.117253,0.129574,0.142195,0.155136,0.168384,0.181957,0.195839,0.210042,0.224548,0.239363,0.254464,0.269847,0.285486,0.301366,0.317459,0.333735,0.350166,0.366709,0.383339,0.400000,0.416672,0.433290,0.449844,0.466264,0.482551,0.498633,0.514523,0.530152,0.545545,0.560636,0.575460,0.589956,0.604169,0.618042,0.631624,0.644863,0.657813,0.670425,0.682755,0.694757,0.706488,0.717906,0.729065,0.739927,0.750548,0.760893,0.771014,0.780883,0.790554,0.800000,1.000000,0.986256,0.972677,0.959234,0.945986,0.932907,0.920055,0.907403,0.895017,0.882864,0.871017,0.859443,0.848220,0.837315,0.826814,0.816681,0.807010,0.797765,0.789047,0.780818,0.773185,0.766106,0.759696,0.753905,0.748850,0.744474,0.740894,0.738043,0.736031,0.734782,0.734395,0.734783,0.736031,0.738046,0.740894,0.744478,0.748850,0.753910,0.759696,0.766114,0.773186,0.780827,0.789048,0.797775,0.807011,0.816691,0.826814,0.837326,0.848221,0.859454,0.871017,0.882876,0.895017,0.907416,0.920056,0.932919,0.945987,0.959247,0.972677,0.986269,1.000000
1.7000,-0.000000,0.009452,0.019056,0.028833,0.038823,0.049038,0.059510,0.070246,0.081277,0.092599,0.104243,0.116200,0.128495,0.141117,0.154086,0.167384,0.181030,0.195000,0.209305,0.223919,0.238845,0.254053,0.269536,0.285264,0.301218,0.317369,0.333688,0.350146,0.366703,0.383338,0.400000,0.416672,0.433295,0.449864,0.466312,0.482640,0.498781,0.514745,0.530463,0.545956,0.561154,0.576089,0.590694,0.605009,0.618969,0.632624,0.645913,0.658891,0.671504,0.683808,0.695757,0.707409,0.718724,0.729762,0.740490,0.750970,0.761178,0.771173,0.780944,0.790554,0.800000,1.000000,0.986255,0.972634,0.959119,0.945778,0.932591,0.919626,0.906859,0.894365,0.882116,0.870192,0.858563,0.847312,0.836408,0.825941,0.815875,0.806306,0.797196,0.788646,0.780611,0.773196,0.766353,0.760187,0.754642,0.749826,0.745674,0.742290,0.739604,0.737713,0.736541,0.736178,0.736542,0.737713,0.739606,0.742291,0.745678,0.749827,0.754648,0.760188,0.766360,0.773198,0.780619,0.788648,0.797206,0.806308,0.815885,0.825941,0.836418,0.847313,0.858574,0.870192,0.882128,0.894365,0.906871,0.919625,0.932603,0.945778,0.959132,0.972634,0.986269,1.000000
1.8000,-0.000000,0.009453,0.019106,0.028965,0.039055,0.049381,0.059965,0.070807,0.081931,0.093333,0.105036,0.117033,0.129347,0.141966,0.154912,0.168170,0.181759,0.195660,0.209885,0.224414,0.239253,0.254377,0.269781,0.285439,0.301335,0.317440,0.333725,0.350162,0.366709,0.383340,0.400000,0.416672,0.433292,0.449849,0.466275,0.482571,0.498666,0.514572,0.530219,0.545634,0.560747,0.575596,0.590115,0.604350,0.618242,0.631839,0.645088,0.658043,0.670653,0.682975,0.694964,0.706675,0.718068,0.729201,0.740035,0.750627,0.760945,0.771042,0.780894,0.790554,0.800000,1.000000,0.986256,0.972669,0.959213,0.945948,0.932847,0.919972,0.907295,0.894885,0.882710,0.870844,0.859255,0.848024,0.837118,0.826622,0.816503,0.806853,0.797638,0.788956,0.780767,0.773181,0.766151,0.759791,0.754051,0.749046,0.744717,0.741178,0.738362,0.736376,0.735143,0.734761,0.735144,0.736376,0.738365,0.741179,0.744721,0.749046,0.754056,0.759791,0.766157,0.773180,0.780774,0.788954,0.797645,0.806852,0.816511,0.826621,0.837127,0.848024,0.859266,0.870844,0.882722,0.894885,0.907308,0.919972,0.932859,0.945948,0.959226,0.972669,0.986269,1.000000
1.9000,-0.000000,0.009453,0.019081,0.028898,0.038937,0.049204,0.059728,0.070510,0.081580,0.092934,0.104600,0.116570,0.128869,0.141486,0.154442,0.167723,0.181344,0.195285,0.209557,0.224136,0.239025,0.254198,0.269647,0.285344,0.301272,0.317403,0.333706,0.350155,0.366707,0.383340,0.400001,0.416673,0.433294,0.449858,0.466295,0.482609,0.498728,0.514667,0.530355,0.545814,0.560976,0.575875,0.590445,0.604726,0.618658,0.632287,0.645558,0.658524,0.671131,0.683439,0.695400,0.707074,0.718420,0.729498,0.740273,0.750803,0.761063,0.771108,0.780919,0.790554,0.800000,1.000000,0.986256,0.972652,0.959165,0.945861,0.932714,0.919791,0.907063,0.894605,0.882385,0.870482,0.858865,0.847618,0.836709,0.826227,0.816136,0.806533,0.797379,0.788773,0.780675,0.773188,0.766265,0.760014,0.754383,0.749482,0.745249,0.741792,0.739045,0.737109,0.735907,0.735535,0.735908,0.737108,0.739047,0.741792,0.745251,0.749481,0.754387,0.760013,0.766269,0.773186,0.780680,0.788771,0.797385,0.806532,0.816144,0.826226,0.836718,0.847618,0.858876,0.870481,0.882396,0.894604,0.907075,0.919790,0.932727,0.945861,0.959179,0.972652,0.986269,1.000000
2.0000,-0.000000,0.009453,0.019080,0.028895,0.038932,0.049199,0.059724,0.070509,0.081582,0.092941,0.104610,0.116584,0.128885,0.141503,0.154460,0.167738,0.181356,0.195294,0.209562,0.224138,0.239025,0.254196,0.269644,0.285342,0.301270,0.317402,0.333705,0.350154,0.366706,0.383339,0.400000,0.416672,0.433294,0.449858,0.466296,0.482610,0.498731,0.514669,0.530356,0.545815,0.560975,0.575872,0.590438,0.604716,0.618644,0.632272,0.645541,0.658507,0.671116,0.683426,0.695391,0.707069,0.718419,0.729500,0.740277,0.750809,0.761068,0.771111,0.780920,0.790554,0.800000,1.000000,0.986255,0.972651,0.959163,0.945858,0.932710,0.919788,0.907062,0.894607,0.882391,0.870492,0.858879,0.847635,0.836727,0.826244,0.816151,0.806544,0.797384,0.788773,0.780668,0.773177,0.766250,0.759998,0.754367,0.749466,0.745236,0.741782,0.739037,0.737103,0.735904,0.735532,0.735905,0.737103,0.739040,0.741782,0.745239,0.749467,0.754372,0.759998,0.766256,0.773177,0.780676,0.788773,0.797393,0.806544,0.816160,0.826243,0.836736,0.847634,0.858889,0.870491,0.882401,0.894606,0.907074,0.919787,0.932723,0.945858,0.959177,0.972651,0.986269,1.000000
2.1000,-0.000000,0.009453,0.019105,0.028961,0.039048,0.049372,0.059955,0.070797,0.081922,0.093325,0.105029,0.117027,0.129341,0.141961,0.154906,0.168163,0.181749,0.195648,0.209872,0.224401,0.239240,0.254364,0.269770,0.285430,0.301328,0.317435,0.333722,0.350161,0.366708,0.383339,0.399999,0.416671,0.433291,0.449850,0.466277,0.482574,0.498671,0.514579,0.530229,0.545644,0.560758,0.575607,0.590126,0.604360,0.618249,0.631845,0.645093,0.658047,0.670657,0.682980,0.694970,0.706683,0.718077,0.729211,0.740045,0.750635,0.760951,0.771046,0.780895,0.790554,0.800000,1.000000,0.986256,0.972668,0.959210,0.945943,0.932840,0.919965,0.907288,0.894879,0.882704,0.870840,0.859252,0.848022,0.837115,0.826618,0.816497,0.806846,0.797627,0.788942,0.780753,0.773167,0.766139,0.759783,0.754049,0.749051,0.744730,0.741198,0.738389,0.736409,0.735180,0.734799,0.735181,0.736409,0.738392,0.741199,0.744734,0.749052,0.754055,0.759785,0.766147,0.773168,0.780762,0.788944,0.797636,0.806846,0.816507,0.826619,0.837126,0.848022,0.859264,0.870840,0.882716,0.894879,0.907301,0.919965,0.932853,0.945943,0.959223,0.972668,0.986269,1.000000
2.2000,-0.000000,0.009452,0.019060,0.028845,0.038841,0.049063,0.059540,0.070278,0.081309,0.092629,0.104269,0.116221,0.128512,0.141129,0.154095,0.167391,0.181036,0.195005,0.209310,0.223925,0.238850,0.254058,0.269540,0.285268,0.301221,0.317372,0.333689,0.350147,0.366704,0.383339,0.400000,0.416672,0.433296,0.449864,0.466310,0.482638,0.498779,0.514742,0.530458,0.545951,0.561149,0.576084,0.590689,0.605003,0.618964,0.632616,0.645904,0.658878,0.671487,0.683786,0.695730,0.707378,0.718691,0.729729,0.740460,0.750944,0.761158,0.771161,0.780939,0.790554,0.800000,1.000000,0.986255,0.972637,0.959128,0.945792,0.932609,0.919648,0.906883,0.894389,0.882138,0.870210,0.858576,0.847320,0.836411,0.825940,0.815871,0.806301,0.797190,0.788639,0.780605,0.773190,0.766346,0.760178,0.754632,0.749812,0.745656,0.742268,0.739578,0.737684,0.736510,0.736147,0.736511,0.737685,0.739581,0.742269,0.745660,0.749812,0.754636,0.760178,0.766352,0.773190,0.780612,0.788640,0.797198,0.806301,0.815880,0.825941,0.836422,0.847321,0.858588,0.870212,0.882151,0.894390,0.906896,0.919648,0.932622,0.945792,0.959141,0.972637,0.986269,1.000000
2.3000,-0.000000,0.009454,0.019119,0.028998,0.039115,0.049469,0.060081,0.070950,0.082098,0.093519,0.105236,0.117241,0.129557,0.142173,0.155111,0.168358,0.181931,0.195813,0.210019,0.224528,0.239347,0.254451,0.269837,0.285480,0.301362,0.317457,0.333734,0.350166,0.366710,0.383340,0.400000,0.416673,0.433291,0.449846,0.466267,0.482555,0.498639,0.514532,0.530163,0.545560,0.560654,0.575482,0.589982,0.604197,0.618071,0.631652,0.644890,0.657836,0.670444,0.682769,0.694766,0.706492,0.717904,0.729060,0.739920,0.750541,0.760887,0.771010,0.780881,0.790554,0.800000,1.000000,0.986256,0.972679,0.959237,0.945992,0.932913,0.920062,0.907408,0.895019,0.882862,0.871009,0.859429,0.848201,0.837291,0.826785,0.816650,0.806979,0.797736,0.789022,0.780798,0.773172,0.766101,0.759699,0.753915,0.748868,0.744500,0.740926,0.738080,0.736072,0.734825,0.734439,0.734826,0.736072,0.738083,0.740926,0.744503,0.748867,0.753920,0.759698,0.766107,0.773171,0.780805,0.789021,0.797744,0.806978,0.816659,0.826784,0.837300,0.848200,0.859439,0.871008,0.882872,0.895017,0.907419,0.920061,0.932925,0.945991,0.959249,0.972678,0.986269,1.000000
2.4000,-0.000000,0.009452,0.019059,0.028841,0.038836,0.049055,0.059530,0.070267,0.081297,0.092617,0.104257,0.116210,0.128501,0.141118,0.154083,0.167379,0.181023,0.194992,0.209297,0.223912,0.238839,0.254048,0.269533,0.285262,0.301217,0.317370,0.333688,0.350147,0.366705,0.383340,0.400001,0.416673,0.433297,0.449866,0.466313,0.482643,0.498784,0.514750,0.530469,0.545963,0.561163,0.576099,0.590705,0.605019,0.618979,0.632632,0.645919,0.658893,0.671500,0.683800,0.695743,0.707391,0.718703,0.729740,0.740469,0.750952,0.761164,0.771165,0.780941,0.790554,0.800000,1.000000,0.986255,0.972636,0.959125,0.945787,0.932603,0.919641,0.906875,0.894381,0.882130,0.870202,0.858567,0.847312,0.836402,0.825930,0.815861,0.806290,0.797179,0.788628,0.780595,0.773182,0.766342,0.760179,0.754638,0.749825,0.745676,0.742295,0.739610,0.737721,0.736550,0.736187,0.736550,0.737721,0.739612,0.742294,0.745679,0.749824,0.754642,0.760178,0.766347,0.773181,0.780600,0.788627,0.797185,0.806289,0.815869,0.825929,0.836411,0.847311,0.858577,0.870201,0.882141,0.894380,0.906887,0.919641,0.932616,0.945788,0.959138,0.972637,0.986269,1.000000
2.5000,-0.000000,0.009453,0.019108,0.028970,0.039064,0.049394,0.059983,0.070831,0.081960,0.093365,0.105071,0.117069,0.129381,0.141998,0.154940,0.168193,0.181776,0.195670,0.209891,0.224416,0.239252,0.254373,0.269777,0.285435,0.301331,0.317437,0.333723,0.350161,0.366708,0.383339,0.400000,0.416672,0.433291,0.449849,0.466276,0.482573,0.498668,0.514575,0.530222,0.545636,0.560747,0.575592,0.590108,0.604338,0.618223,0.631815,0.645059,0.658010,0.670618,0.682939,0.694928,0.706642,0.718039,0.729176,0.740015,0.750613,0.760936,0.771038,0.780892,0.790554,0.800000,1.000000,0.986256,0.972671,0.959216,0.945954,0.932857,0.919987,0.907315,0.894908,0.882736,0.870873,0.859285,0.848053,0.837143,0.826643,0.816517,0.806859,0.797635,0.788944,0.780748,0.773156,0.766122,0.759761,0.754021,0.749018,0.744692,0.741158,0.738346,0.736363,0.735133,0.734751,0.735133,0.736362,0.738347,0.741157,0.744696,0.749017,0.754026,0.759761,0.766129,0.773156,0.780756,0.788945,0.797644,0.806860,0.816526,0.826643,0.837153,0.848053,0.859296,0.870873,0.882749,0.894909,0.907327,0.919988,0.932870,0.945955,0.959230,0.972671,0.986269,1.000000
2.6000,-0.000000,0.009453,0.019080,0.028895,0.038931,0.049195,0.059716,0.070496,0.081563,0.092915,0.104578,0.116545,0.128841,0.141455,0.154409,0.167687,0.181306,0.195247,0.209520,0.224101,0.238993,0.254170,0.269624,0.285327,0.301259,0.317394,0.333700,0.350151,0.366704,0.383338,0.399999,0.416671,0.433293,0.449858,0.466298,0.482614,0.498738,0.514681,0.530374,0.545838,0.561005,0.575906,0.590478,0.604760,0.618692,0.632321,0.645590,0.658553,0.671158,0.683463,0.695422,0.707093,0.718436,0.729511,0.740283,0.750812,0.761069,0.771112,0.780921,0.790554,0.800000,1.000000,0.986256,0.972651,0.959163,0.945857,0.932708,0.919782,0.907052,0.894591,0.882369,0.870463,0.858844,0.847594,0.836681,0.826195,0.816102,0.806496,0.797341,0.788737,0.780642,0.773161,0.766248,0.760010,0.754393,0.749507,0.745290,0.741849,0.739115,0.737189,0.735995,0.735625,0.735996,0.737190,0.739118,0.741850,0.745295,0.749509,0.754400,0.760012,0.766256,0.773164,0.780652,0.788740,0.797352,0.806499,0.816113,0.826197,0.836692,0.847594,0.858855,0.870463,0.882381,0.894591,0.907065,0.919782,0.932720,0.945856,0.959176,0.972651,0.986269,1.000000
2.7000,-0.000000,0.009453,0.019086,0.028911,0.038958,0.049236,0.059770,0.070563,0.081641,0.093002,0.104671,0.116643,0.128941,0.141554,0.154505,0.167777,0.181390,0.195322,0.209585,0.224157,0.239040,0.254207,0.269652,0.285347,0.301273,0.317403,0.333705,0.350154,0.366706,0.383339,0.400000,0.416672,0.433294,0.449857,0.466295,0.482608,0.498727,0.514664,0.530348,0.545804,0.560961,0.575854,0.590415,0.604688,0.618611,0.632232,0.645495,0.658455,0.671059,0.683366,0.695328,0.707006,0.718359,0.729446,0.740230,0.750772,0.761042,0.771096,0.780914,0.790554,0.800000,1.000000,0.986255,0.972655,0.959174,0.945877,0.932738,0.919823,0.907104,0.894653,0.882439,0.870540,0.858925,0.847677,0.836763,0.826273,0.816173,0.806557,0.797390,0.788770,0.780657,0.773157,0.766223,0.759963,0.754325,0.749417,0.745181,0.741723,0.738974,0.737037,0.735836,0.735464,0.735838,0.737038,0.738977,0.741724,0.745185,0.749418,0.754330,0.759963,0.766228,0.773156,0.780663,0.788769,0.797397,0.806557,0.816182,0.826274,0.836773,0.847677,0.858936,0.870540,0.882451,0.894653,0.907116,0.919823,0.932751,0.945877,0.959187,0.972655,0.986269,1.000000
2.8000,-0.000000,0.009453,0.019105,0.028961,0.039048,0.049370,0.059949,0.070787,0.081906,0.093303,0.105000,0.116992,0.129300,0.141914,0.154856,0.168111,0.181699,0.195600,0.209829,0.224363,0.239208,0.254339,0.269751,0.285417,0.301320,0.317431,0.333720,0.350161,0.366709,0.383340,0.400001,0.416673,0.433293,0.449853,0.466282,0.482582,0.498683,0.514596,0.530252,0.545674,0.560795,0.575649,0.590174,0.604411,0.618303,0.631899,0.645145,0.658095,0.670701,0.683018,0.695000,0.706706,0.718094,0.729222,0.740051,0.750639,0.760953,0.771047,0.780895,0.790554,0.800000,1.000000,0.986256,0.972668,0.959210,0.945942,0.932838,0.919961,0.907280,0.894865,0.882685,0.870813,0.859219,0.847982,0.837069,0.826569,0.816446,0.806795,0.797580,0.788903,0.780723,0.773149,0.766135,0.759795,0.754076,0.749094,0.744787,0.741269,0.738471,0.736499,0.735275,0.734896,0.735275,0.736498,0.738472,0.741268,0.744789,0.749091,0.754079,0.759792,0.766138,0.773145,0.780727,0.788900,0.797586,0.806793,0.816453,0.826568,0.837078,0.847981,0.859229,0.870813,0.882696,0.894864,0.907291,0.919960,0.932851,0.945942,0.959223,0.972668,0.986269,1.000000
2.9000,-0.000000,0.009452,0.019064,0.028854,0.038858,0.049087,0.059573,0.070319,0.081356,0.092681,0.104324,0.116278,0.128567,0.141181,0.154142,0.167432,0.181069,0.195031,0.209329,0.223937,0.238858,0.254062,0.269542,0.285268,0.301221,0.317371,0.333688,0.350147,0.366704,0.383339,0.400000,0.416672,0.433296,0.449865,0.466312,0.482640,0.498779,0.514743,0.530458,0.545948,0.561143,0.576073,0.590672,0.604979,0.618932,0.632578,0.645860,0.658829,0.671434,0.683733,0.695677,0.707328,0.718646,0.729690,0.740428,0.750920,0.761143,0.771153,0.780936,0.790554,0.800000,1.000000,0.986255,0.972640,0.959134,0.945804,0.932627,0.919673,0.906914,0.894427,0.882180,0.870256,0.858622,0.847365,0.836452,0.825975,0.815898,0.806317,0.797195,0.788632,0.780586,0.773162,0.766309,0.760136,0.754586,0.749764,0.745609,0.742222,0.739534,0.737642,0.736469,0.736105,0.736469,0.737641,0.739535,0.742221,0.745612,0.749764,0.754591,0.760137,0.766316,0.773162,0.780594,0.788633,0.797203,0.806317,0.815906,0.825974,0.836461,0.847364,0.858632,0.870254,0.882191,0.894426,0.906926,0.919672,0.932640,0.945804,0.959147,0.972640,0.986269,1.000000
3.0000,-0.000000,0.009454,0.019119,0.028998,0.039114,0.049468,0.060079,0.070947,0.082093,0.093512,0.105227,0.117229,0.129542,0.142155,0.155090,0.168333,0.181904,0.195785,0.209991,0.224500,0.239321,0.254428,0.269819,0.285465,0.301351,0.317450,0.333730,0.350164,0.366708,0.383339,0.399999,0.416671,0.433290,0.449846,0.466269,0.482560,0.498647,0.514544,0.530180,0.545580,0.560677,0.575507,0.590007,0.604223,0.618095,0.631675,0.644909,0.657853,0.670457,0.682779,0.694773,0.706495,0.717905,0.729060,0.739919,0.750539,0.760885,0.771009,0.780881,0.790554,0.800000,1.000000,0.986256,0.972678,0.959237,0.945991,0.932912,0.920060,0.907406,0.895015,0.882856,0.871001,0.859418,0.848186,0.837272,0.826763,0.816624,0.806950,0.797704,0.788989,0.780767,0.773145,0.766080,0.759687,0.753915,0.748880,0.744525,0.740964,0.738129,0.736130,0.734889,0.734504,0.734890,0.736130,0.738132,0.740965,0.744530,0.748882,0.753922,0.759689,0.766090,0.773148,0.780777,0.788992,0.797714,0.806951,0.816634,0.826763,0.837283,0.848186,0.859429,0.871001,0.882868,0.895016,0.907419,0.920062,0.932926,0.945992,0.959250,0.972679,0.986269,1.000000
3.1000,-0.000000,0.009452,0.019062,0.028849,0.038849,0.049073,0.059552,0.070291,0.081321,0.092640,0.104277,0.116225,0.128511,0.141123,0.154084,0.167376,0.181017,0.194984,0.209288,0.223903,0.238830,0.254041,0.269526,0.285257,0.301213,0.317367,0.333686,0.350145,0.366703,0.383338,0.400000,0.416672,0.433296,0.449864,0.466313,0.482643,0.498785,0.514752,0.530472,0.545968,0.561168,0.576105,0.590710,0.605024,0.618982,0.632631,0.645914,0.658883,0.671486,0.683781,0.695721,0.707367,0.718678,0.729715,0.740447,0.750933,0.761151,0.771157,0.780937,0.790554,0.800000,1.000000,0.986255,0.972639,0.959130,0.945797,0.932617,0.919657,0.906893,0.894399,0.882146,0.870215,0.858577,0.847316,0.836401,0.825924,0.815849,0.806274,0.797159,0.788607,0.780573,0.773162,0.766324,0.760165,0.754628,0.749819,0.745674,0.742296,0.739614,0.737727,0.736557,0.736194,0.736558,0.737727,0.739616,0.742295,0.745677,0.749818,0.754632,0.760165,0.766330,0.773162,0.780581,0.788608,0.797168,0.806275,0.815859,0.825925,0.836413,0.847318,0.858589,0.870217,0.882159,0.894400,0.906906,0.919658,0.932630,0.945797,0.959144,0.972639,0.986269,1.000000
3.2000,-0.000000,0.009453,0.019112,0.028979,0.039079,0.049416,0.060010,0.070862,0.081993,0.093399,0.105104,0.117099,0.129408,0.142020,0.154958,0.168206,0.181785,0.195677,0.209894,0.224417,0.239252,0.254373,0.269776,0.285434,0.301331,0.317438,0.333724,0.350162,0.366709,0.383340,0.400001,0.416673,0.433292,0.449850,0.466277,0.482575,0.498670,0.514578,0.530226,0.545639,0.560750,0.575594,0.590107,0.604334,0.618216,0.631804,0.645043,0.657990,0.670593,0.682911,0.694898,0.706611,0.718009,0.729148,0.739991,0.750593,0.760922,0.771029,0.780889,0.790554,0.800000,1.000000,0.986256,0.972673,0.959223,0.945966,0.932873,0.920008,0.907339,0.894935,0.882763,0.870899,0.859308,0.848072,0.837158,0.826651,0.816520,0.806857,0.797627,0.788932,0.780732,0.773137,0.766102,0.759741,0.754001,0.748999,0.744675,0.741142,0.738331,0.736349,0.735120,0.734739,0.735121,0.736349,0.738333,0.741141,0.744679,0.748998,0.754005,0.759739,0.766107,0.773135,0.780738,0.788930,0.797634,0.806855,0.816528,0.826650,0.837167,0.848071,0.859318,0.870897,0.882773,0.894933,0.907350,0.920006,0.932885,0.945965,0.959235,0.972673,0.986269,1.000000
3.3000,-0.000000,0.009453,0.019079,0.028893,0.038927,0.049190,0.059709,0.070487,0.081551,0.092900,0.104560,0.116525,0.128818,0.141430,0.154382,0.167657,0.181276,0.195216,0.209490,0.224073,0.238968,0.254149,0.269607,0.285314,0.301251,0.317389,0.333698,0.350151,0.366705,0.383340,0.400001,0.416673,0.433295,0.449861,0.466303,0.482623,0.498750,0.514698,0.530394,0.545863,0.561034,0.575939,0.590513,0.604796,0.618727,0.632354,0.645621,0.658581,0.671184,0.683486,0.695442,0.707110,0.718450,0.729522,0.740292,0.750818,0.761073,0.771114,0.780921,0.790554,0.800000,1.000000,0.986256,0.972650,0.959162,0.945854,0.932704,0.919776,0.907045,0.894581,0.882357,0.870449,0.858826,0.847574,0.836658,0.826169,0.816074,0.806467,0.797311,0.788708,0.780616,0.773142,0.766236,0.760009,0.754405,0.749532,0.745329,0.741902,0.739180,0.737263,0.736075,0.735707,0.736076,0.737263,0.739182,0.741902,0.745333,0.749532,0.754409,0.760008,0.766241,0.773140,0.780621,0.788705,0.797316,0.806464,0.816080,0.826167,0.836666,0.847571,0.858835,0.870447,0.882367,0.894580,0.907056,0.919775,0.932716,0.945854,0.959175,0.972650,0.986269,1.000000
3.4000,-0.000000,0.009453,0.019090,0.028921,0.038977,0.049264,0.059806,0.070606,0.081691,0.093056,0.104728,0.116700,0.128996,0.141606,0.154552,0.167819,0.181425,0.195351,0.209608,0.224174,0.239051,0.254215,0.269657,0.285350,0.301275,0.317403,0.333705,0.350153,0.366706,0.383339,0.400000,0.416672,0.433293,0.449857,0.466294,0.482607,0.498724,0.514660,0.530342,0.545795,0.560947,0.575834,0.590390,0.604657,0.618573,0.632188,0.645446,0.658401,0.671002,0.683307,0.695271,0.706951,0.718308,0.729401,0.740193,0.750744,0.761022,0.771085,0.780910,0.790554,0.800000,1.000000,0.986255,0.972658,0.959182,0.945891,0.932759,0.919850,0.907138,0.894692,0.882482,0.870586,0.858971,0.847722,0.836804,0.826309,0.816201,0.806577,0.797398,0.788769,0.780645,0.773135,0.766192,0.759925,0.754280,0.749369,0.745129,0.741669,0.738919,0.736981,0.735780,0.735407,0.735781,0.736981,0.738920,0.741668,0.745132,0.749368,0.754285,0.759925,0.766199,0.773136,0.780653,0.788770,0.797408,0.806578,0.816211,0.826310,0.836816,0.847723,0.858984,0.870587,0.882495,0.894693,0.907151,0.919851,0.932772,0.945891,0.959195,0.972658,0.986269,1.000000
3.5000,-0.000000,0.009453,0.019104,0.028959,0.039044,0.049363,0.059939,0.070772,0.081886,0.093276,0.104967,0.116953,0.129255,0.141865,0.154805,0.168059,0.181647,0.195551,0.209783,0.224322,0.239173,0.254310,0.269729,0.285400,0.301308,0.317423,0.333715,0.350158,0.366706,0.383338,0.399999,0.416671,0.433291,0.449852,0.466282,0.482586,0.498690,0.514608,0.530269,0.545697,0.560824,0.575684,0.590214,0.604456,0.618350,0.631948,0.645193,0.658141,0.670743,0.683054,0.695032,0.706731,0.718113,0.729235,0.740060,0.750644,0.760956,0.771048,0.780896,0.790554,0.800000,1.000000,0.986256,0.972668,0.959209,0.945940,0.932834,0.919953,0.907268,0.894848,0.882662,0.870784,0.859183,0.847941,0.837023,0.826519,0.816395,0.806745,0.797534,0.788863,0.780692,0.773129,0.766129,0.759804,0.754101,0.749134,0.744842,0.741336,0.738549,0.736584,0.735365,0.734987,0.735366,0.736584,0.738552,0.741337,0.744846,0.749135,0.754108,0.759806,0.766138,0.773132,0.780702,0.788866,0.797545,0.806748,0.816406,0.826521,0.837035,0.847942,0.859196,0.870785,0.882674,0.894848,0.907281,0.919953,0.932847,0.945940,0.959222,0.972668,0.986269,1.000000
3.6000,-0.000000,0.009452,0.019068,0.028865,0.038876,0.049114,0.059607,0.070360,0.081402,0.092731,0.104376,0.116329,0.128616,0.141227,0.154183,0.167468,0.181100,0.195057,0.209350,0.223954,0.238870,0.254071,0.269548,0.285272,0.301223,0.317372,0.333689,0.350147,0.366704,0.383339,0.400000,0.416673,0.433296,0.449864,0.466311,0.482639,0.498777,0.514739,0.530452,0.545940,0.561131,0.576057,0.590651,0.604954,0.618901,0.632542,0.645818,0.658783,0.671385,0.683681,0.695626,0.707278,0.718599,0.729649,0.740394,0.750894,0.761124,0.771142,0.780932,0.790554,0.800000,1.000000,0.986255,0.972643,0.959141,0.945817,0.932647,0.919699,0.906946,0.894463,0.882220,0.870297,0.858663,0.847404,0.836487,0.826004,0.815920,0.806332,0.797202,0.788631,0.780576,0.773144,0.766283,0.760103,0.754546,0.749720,0.745560,0.742170,0.739479,0.737585,0.736412,0.736048,0.736413,0.737586,0.739482,0.742171,0.745565,0.749722,0.754553,0.760104,0.766290,0.773144,0.780583,0.788630,0.797209,0.806331,0.815928,0.826003,0.836496,0.847403,0.858673,0.870296,0.882231,0.894462,0.906958,0.919698,0.932660,0.945817,0.959155,0.972643,0.986269,1.000000
3.7000,-0.000000,0.009454,0.019119,0.028996,0.039111,0.049463,0.060073,0.070940,0.082084,0.093501,0.105212,0.117213,0.129523,0.142134,0.155067,0.168309,0.181879,0.195760,0.209967,0.224479,0.239302,0.254412,0.269806,0.285455,0.301345,0.317447,0.333729,0.350164,0.366710,0.383341,0.400001,0.416673,0.433292,0.449849,0.466274,0.482567,0.498657,0.514558,0.530197,0.545601,0.560701,0.575534,0.590036,0.604252,0.618124,0.631702,0.644935,0.657876,0.670479,0.682798,0.694789,0.706509,0.717917,0.729070,0.739927,0.750546,0.760890,0.771011,0.780881,0.790554,0.800000,1.000000,0.986256,0.972678,0.959236,0.945989,0.932909,0.920056,0.907400,0.895007,0.882846,0.870989,0.859403,0.848168,0.837252,0.826740,0.816600,0.806925,0.797680,0.788967,0.780747,0.773130,0.766072,0.759687,0.753924,0.748900,0.744556,0.741005,0.738179,0.736187,0.734950,0.734567,0.734951,0.736186,0.738180,0.741003,0.744558,0.748898,0.753927,0.759684,0.766076,0.773127,0.780752,0.788964,0.797686,0.806923,0.816608,0.826739,0.837261,0.848167,0.859413,0.870987,0.882857,0.895007,0.907411,0.920055,0.932921,0.945989,0.959248,0.972678,0.986269,1.000000
3.8000,-0.000000,0.009452,0.019064,0.028853,0.038856,0.049083,0.059565,0.070307,0.081339,0.092658,0.104295,0.116242,0.128527,0.141136,0.154094,0.167384,0.181022,0.194986,0.209289,0.223902,0.238828,0.254039,0.269524,0.285256,0.301212,0.317366,0.333686,0.350146,0.366704,0.383339,0.400000,0.416673,0.433297,0.449866,0.466314,0.482645,0.498788,0.514755,0.530476,0.545972,0.561172,0.576107,0.590711,0.605022,0.618978,0.632625,0.645905,0.658872,0.671473,0.683766,0.695705,0.707350,0.718662,0.729701,0.740434,0.750924,0.761144,0.771153,0.780936,0.790554,0.800000,1.000000,0.986255,0.972640,0.959133,0.945802,0.932624,0.919667,0.906905,0.894412,0.882161,0.870230,0.858590,0.847327,0.836409,0.825929,0.815850,0.806271,0.797153,0.788598,0.780561,0.773148,0.766309,0.760150,0.754614,0.749807,0.745664,0.742289,0.739610,0.737725,0.736556,0.736194,0.736557,0.737724,0.739611,0.742287,0.745666,0.749805,0.754617,0.760149,0.766314,0.773148,0.780568,0.788598,0.797162,0.806272,0.815860,0.825929,0.836420,0.847328,0.858601,0.870230,0.882172,0.894412,0.906917,0.919667,0.932637,0.945802,0.959147,0.972640,0.986269,1.000000
3.9000,-0.000000,0.009454,0.019114,0.028984,0.039088,0.049429,0.060026,0.070880,0.082013,0.093419,0.105123,0.117117,0.129424,0.142034,0.154968,0.168214,0.181790,0.195680,0.209896,0.224417,0.239251,0.254371,0.269774,0.285433,0.301329,0.317436,0.333722,0.350160,0.366707,0.383338,0.399999,0.416671,0.433291,0.449849,0.466275,0.482573,0.498667,0.514575,0.530223,0.545636,0.560747,0.575590,0.590103,0.604328,0.618209,0.631794,0.645031,0.657974,0.670575,0.682891,0.694876,0.706588,0.717986,0.729127,0.739972,0.750578,0.760911,0.771023,0.780886,0.790554,0.800000,1.000000,0.986256,0.972675,0.959227,0.945972,0.932883,0.920020,0.907353,0.894950,0.882779,0.870914,0.859322,0.848084,0.837166,0.826656,0.816521,0.806854,0.797621,0.788923,0.780722,0.773125,0.766089,0.759726,0.753987,0.748984,0.744660,0.741127,0.738316,0.736335,0.735105,0.734724,0.735107,0.736336,0.738320,0.741129,0.744667,0.748987,0.753996,0.759730,0.766099,0.773129,0.780732,0.788925,0.797631,0.806855,0.816530,0.826656,0.837176,0.848084,0.859334,0.870914,0.882792,0.894951,0.907366,0.920021,0.932896,0.945973,0.959240,0.972675,0.986269,1.000000
4.0000,-0.000000,0.009453,0.019078,0.028891,0.038923,0.049183,0.059699,0.070474,0.081536,0.092881,0.104538,0.116499,0.128790,0.141399,0.154350,0.167626,0.181245,0.195187,0.209463,0.224049,0.238948,0.254132,0.269594,0.285304,0.301244,0.317385,0.333695,0.350150,0.366704,0.383339,0.399999,0.416672,0.433295,0.449861,0.466304,0.482625,0.498754,0.514705,0.530405,0.545877,0.561051,0.575960,0.590536,0.604822,0.618754,0.632382,0.645649,0.658608,0.671209,0.683509,0.695461,0.707126,0.718464,0.729533,0.740300,0.750824,0.761077,0.771116,0.780922,0.790554,0.800000,1.000000,0.986256,0.972650,0.959160,0.945851,0.932699,0.919769,0.907035,0.894568,0.882341,0.870429,0.858804,0.847548,0.836630,0.826140,0.816044,0.806438,0.797285,0.788686,0.780599,0.773132,0.766234,0.760016,0.754421,0.749558,0.745365,0.741945,0.739230,0.737318,0.736133,0.735766,0.736134,0.737318,0.739233,0.741946,0.745369,0.749560,0.754427,0.760018,0.766242,0.773133,0.780608,0.788687,0.797294,0.806439,0.816054,0.826141,0.836641,0.847549,0.858816,0.870430,0.882353,0.894570,0.907048,0.919769,0.932712,0.945851,0.959174,0.972650,0.986269,1.000000
4.1000,-0.000000,0.009453,0.019093,0.028929,0.038990,0.049283,0.059832,0.070639,0.081729,0.093099,0.104774,0.116748,0.129045,0.141655,0.154599,0.167862,0.181463,0.195384,0.209636,0.224196,0.239069,0.254228,0.269667,0.285356,0.301279,0.317407,0.333708,0.350155,0.366707,0.383340,0.400001,0.416673,0.433295,0.449858,0.466294,0.482606,0.498723,0.514656,0.530335,0.545784,0.560933,0.575815,0.590365,0.604626,0.618537,0.632147,0.645402,0.658355,0.670955,0.683261,0.695226,0.706911,0.718272,0.729371,0.740169,0.750725,0.761010,0.771079,0.780908,0.790554,0.800000,1.000000,0.986255,0.972660,0.959187,0.945900,0.932774,0.919871,0.907163,0.894722,0.882517,0.870624,0.859012,0.847763,0.836845,0.826347,0.816234,0.806603,0.797417,0.788778,0.780646,0.773126,0.766173,0.759897,0.754245,0.749326,0.745080,0.741615,0.738862,0.736922,0.735720,0.735347,0.735720,0.736922,0.738863,0.741613,0.745081,0.749323,0.754246,0.759894,0.766176,0.773123,0.780651,0.788777,0.797424,0.806602,0.816242,0.826346,0.836854,0.847762,0.859022,0.870623,0.882528,0.894721,0.907174,0.919869,0.932785,0.945900,0.959200,0.972660,0.986269,1.000000
4.2000,-0.000000,0.009453,0.019102,0.028954,0.039035,0.049349,0.059920,0.070747,0.081856,0.093242,0.104929,0.116912,0.129213,0.141822,0.154761,0.168017,0.181607,0.195514,0.209751,0.224294,0.239150,0.254292,0.269715,0.285391,0.301302,0.317420,0.333715,0.350158,0.366708,0.383340,0.400001,0.416673,0.433294,0.449855,0.466287,0.482592,0.498699,0.514621,0.530287,0.545720,0.560852,0.575718,0.590252,0.604498,0.618395,0.631994,0.645241,0.658189,0.670789,0.683099,0.695072,0.706768,0.718145,0.729262,0.740081,0.750659,0.760966,0.771053,0.780898,0.790554,0.800000,1.000000,0.986256,0.972666,0.959205,0.945933,0.932823,0.919937,0.907248,0.894824,0.882633,0.870752,0.859148,0.847903,0.836985,0.826481,0.816359,0.806713,0.797506,0.788841,0.780679,0.773125,0.766136,0.759821,0.754130,0.749175,0.744895,0.741399,0.738620,0.736662,0.735447,0.735071,0.735448,0.736662,0.738623,0.741399,0.744898,0.749174,0.754135,0.759821,0.766141,0.773124,0.780684,0.788839,0.797512,0.806710,0.816365,0.826479,0.836993,0.847902,0.859158,0.870751,0.882644,0.894823,0.907259,0.919937,0.932835,0.945932,0.959218,0.972667,0.986269,1.000000
4.3000,-0.000000,0.009452,0.019071,0.028873,0.038890,0.049134,0.059634,0.070392,0.081439,0.092771,0.104418,0.116372,0.128659,0.141268,0.154223,0.167505,0.181133,0.195086,0.209375,0.223975,0.238888,0.254085,0.269558,0.285279,0.301228,0.317375,0.333690,0.350147,0.366704,0.383338,0.399999,0.416672,0.433295,0.449863,0.466309,0.482635,0.498771,0.514730,0.530440,0.545924,0.561111,0.576034,0.590624,0.604922,0.618866,0.632504,0.645777,0.658740,0.671340,0.683636,0.695581,0.707236,0.718560,0.729615,0.740366,0.750872,0.761109,0.771134,0.780929,0.790554,0.800000,1.000000,0.986255,0.972645,0.959147,0.945828,0.932663,0.919719,0.906972,0.894492,0.882252,0.870331,0.858698,0.847439,0.836520,0.826035,0.815947,0.806354,0.797218,0.788640,0.780579,0.773139,0.766270,0.760082,0.754516,0.749681,0.745513,0.742116,0.739419,0.737520,0.736343,0.735979,0.736344,0.737521,0.739421,0.742116,0.745517,0.749682,0.754522,0.760083,0.766278,0.773140,0.780587,0.788642,0.797227,0.806355,0.815956,0.826035,0.836531,0.847439,0.858709,0.870331,0.882264,0.894492,0.906984,0.919720,0.932676,0.945828,0.959161,0.972645,0.986269,1.000000
4.4000,-0.000000,0.009454,0.019117,0.028993,0.039104,0.049453,0.060059,0.070921,0.082061,0.093475,0.105184,0.117183,0.129492,0.142102,0.155035,0.168278,0.181849,0.195733,0.209942,0.224457,0.239283,0.254396,0.269793,0.285446,0.301338,0.317441,0.333725,0.350162,0.366708,0.383338,0.399999,0.416671,0.433290,0.449848,0.466273,0.482568,0.498660,0.514562,0.530205,0.545611,0.560714,0.575550,0.590055,0.604273,0.618148,0.631728,0.644962,0.657904,0.670506,0.682824,0.694814,0.706532,0.717937,0.729086,0.739940,0.750555,0.760896,0.771015,0.780882,0.790554,0.800000,1.000000,0.986256,0.972677,0.959233,0.945984,0.932901,0.920045,0.907385,0.894989,0.882825,0.870965,0.859378,0.848142,0.837224,0.826713,0.816573,0.806900,0.797658,0.788950,0.780735,0.773124,0.766073,0.759696,0.753941,0.748924,0.744587,0.741043,0.738223,0.736234,0.735000,0.734617,0.735001,0.736234,0.738225,0.741042,0.744591,0.748925,0.753947,0.759697,0.766082,0.773127,0.780745,0.788952,0.797669,0.806903,0.816585,0.826715,0.837237,0.848143,0.859390,0.870966,0.882838,0.894990,0.907398,0.920045,0.932914,0.945984,0.959246,0.972677,0.986269,1.000000
4.5000,-0.000000,0.009452,0.019064,0.028854,0.038858,0.049087,0.059570,0.070313,0.081347,0.092668,0.104306,0.116255,0.128540,0.141150,0.154108,0.167397,0.181034,0.194997,0.209297,0.223909,0.238833,0.254042,0.269526,0.285257,0.301213,0.317366,0.333686,0.350146,0.366704,0.383339,0.400000,0.416672,0.433296,0.449865,0.466314,0.482644,0.498787,0.514754,0.530474,0.545968,0.561167,0.576101,0.590703,0.605013,0.618967,0.632613,0.645892,0.658859,0.671460,0.683754,0.695694,0.707340,0.718653,0.729695,0.740430,0.750921,0.761142,0.771152,0.780936,0.790554,0.800000,1.000000,0.986255,0.972640,0.959134,0.945804,0.932627,0.919671,0.906910,0.894419,0.882169,0.870240,0.858601,0.847339,0.836422,0.825941,0.815862,0.806281,0.797161,0.788603,0.780562,0.773146,0.766303,0.760141,0.754603,0.749793,0.745649,0.742273,0.739593,0.737708,0.736539,0.736177,0.736540,0.737708,0.739596,0.742273,0.745653,0.749793,0.754607,0.760141,0.766309,0.773145,0.780568,0.788601,0.797168,0.806280,0.815870,0.825941,0.836431,0.847339,0.858612,0.870239,0.882180,0.894419,0.906922,0.919671,0.932640,0.945804,0.959147,0.972640,0.986269,1.000000
4.6000,-0.000000,0.009454,0.019114,0.028985,0.039090,0.049432,0.060031,0.070886,0.082020,0.093427,0.105132,0.117126,0.129433,0.142044,0.154978,0.168224,0.181800,0.195689,0.209904,0.224426,0.239258,0.254378,0.269780,0.285437,0.301333,0.317439,0.333725,0.350162,0.366709,0.383340,0.400001,0.416673,0.433293,0.449851,0.466277,0.482574,0.498669,0.514575,0.530222,0.545635,0.560745,0.575587,0.590098,0.604323,0.618203,0.631788,0.645024,0.657968,0.670569,0.682885,0.694871,0.706584,0.717982,0.729124,0.739971,0.750577,0.760910,0.771023,0.780886,0.790554,0.800000,1.000000,0.986256,0.972675,0.959228,0.945974,0.932886,0.920023,0.907357,0.894956,0.882785,0.870921,0.859330,0.848092,0.837175,0.826665,0.816529,0.806863,0.797629,0.788930,0.780728,0.773130,0.766092,0.759727,0.753985,0.748979,0.744653,0.741117,0.738305,0.736322,0.735091,0.734710,0.735092,0.736322,0.738307,0.741117,0.744656,0.748978,0.753988,0.759725,0.766096,0.773127,0.780732,0.788927,0.797635,0.806860,0.816536,0.826662,0.837182,0.848090,0.859339,0.870919,0.882795,0.894954,0.907368,0.920022,0.932897,0.945973,0.959240,0.972675,0.986269,1.000000
4.7000,-0.000000,0.009452,0.019077,0.028888,0.038917,0.049174,0.059686,0.070457,0.081515,0.092857,0.104512,0.116471,0.128762,0.141371,0.154323,0.167601,0.181223,0.195167,0.209447,0.224036,0.238938,0.254125,0.269589,0.285302,0.301243,0.317385,0.333696,0.350150,0.366705,0.383339,0.400000,0.416673,0.433296,0.449862,0.466305,0.482627,0.498758,0.514710,0.530412,0.545886,0.561063,0.575974,0.590554,0.604842,0.618778,0.632408,0.645676,0.658637,0.671238,0.683537,0.695488,0.707150,0.718485,0.729551,0.740314,0.750834,0.761083,0.771119,0.780923,0.790554,0.800000,1.000000,0.986255,0.972649,0.959158,0.945847,0.932692,0.919759,0.907021,0.894552,0.882322,0.870408,0.858781,0.847524,0.836607,0.826118,0.816024,0.806422,0.797273,0.788680,0.780599,0.773138,0.766246,0.760034,0.754444,0.749586,0.745396,0.741980,0.739266,0.737356,0.736171,0.735804,0.736172,0.737355,0.739267,0.741978,0.745398,0.749585,0.754448,0.760032,0.766251,0.773136,0.780605,0.788679,0.797281,0.806422,0.816034,0.826119,0.836617,0.847525,0.858792,0.870408,0.882334,0.894552,0.907034,0.919759,0.932704,0.945846,0.959171,0.972649,0.986269,1.000000
4.8000,-0.000000,0.009453,0.019094,0.028933,0.038998,0.049295,0.059849,0.070660,0.081754,0.093128,0.104807,0.116784,0.129082,0.141693,0.154636,0.167898,0.181498,0.195415,0.209664,0.224220,0.239088,0.254243,0.269677,0.285363,0.301284,0.317408,0.333707,0.350154,0.366705,0.383338,0.399999,0.416671,0.433292,0.449855,0.466290,0.482600,0.498714,0.514644,0.530320,0.545765,0.560910,0.575787,0.590334,0.604591,0.618500,0.632108,0.645362,0.658314,0.670916,0.683223,0.695192,0.706879,0.718245,0.729348,0.740151,0.750712,0.761001,0.771073,0.780906,0.790554,0.800000,1.000000,0.986255,0.972661,0.959190,0.945906,0.932782,0.919883,0.907180,0.894743,0.882541,0.870651,0.859042,0.847795,0.836878,0.826379,0.816265,0.806631,0.797440,0.788796,0.780655,0.773127,0.766165,0.759879,0.754216,0.749288,0.745033,0.741560,0.738800,0.736856,0.735650,0.735276,0.735651,0.736857,0.738804,0.741562,0.745039,0.749290,0.754224,0.759881,0.766174,0.773130,0.780665,0.788798,0.797451,0.806633,0.816276,0.826381,0.836889,0.847796,0.859054,0.870653,0.882554,0.894744,0.907193,0.919884,0.932796,0.945907,0.959204,0.972661,0.986269,1.000000
4.9000,-0.000000,0.009453,0.019099,0.028945,0.039019,0.049327,0.059891,0.070712,0.081815,0.093197,0.104882,0.116863,0.129164,0.141774,0.154716,0.167974,0.181568,0.195479,0.209720,0.224268,0.239128,0.254274,0.269701,0.285381,0.301295,0.317415,0.333711,0.350156,0.366706,0.383338,0.399999,0.416671,0.433293,0.449854,0.466287,0.482594,0.498704,0.514628,0.530297,0.545733,0.560870,0.575740,0.590278,0.604528,0.618430,0.632034,0.645284,0.658234,0.670836,0.683146,0.695118,0.706811,0.718185,0.729296,0.740109,0.750681,0.760980,0.771062,0.780901,0.790554,0.800000,1.000000,0.986256,0.972664,0.959199,0.945922,0.932806,0.919915,0.907221,0.894792,0.882598,0.870714,0.859109,0.847864,0.836947,0.826446,0.816327,0.806686,0.797486,0.788828,0.780674,0.773129,0.766149,0.759844,0.754163,0.749216,0.744944,0.741456,0.738684,0.736730,0.735518,0.735143,0.735519,0.736731,0.738687,0.741457,0.744949,0.749218,0.754170,0.759846,0.766158,0.773131,0.780683,0.788830,0.797496,0.806687,0.816337,0.826446,0.836957,0.847864,0.859120,0.870714,0.882609,0.894792,0.907233,0.919915,0.932819,0.945922,0.959212,0.972664,0.986269,1.000000
5.0000,-0.000000,0.009452,0.019073,0.028877,0.038899,0.049148,0.059652,0.070415,0.081466,0.092803,0.104453,0.116410,0.128700,0.141310,0.154264,0.167545,0.181172,0.195123,0.209408,0.224004,0.238912,0.254105,0.269574,0.285291,0.301236,0.317381,0.333694,0.350149,0.366705,0.383340,0.400001,0.416673,0.433297,0.449863,0.466308,0.482632,0.498766,0.514721,0.530427,0.545907,0.561089,0.576008,0.590594,0.604888,0.618829,0.632465,0.645737,0.658700,0.671301,0.683599,0.695548,0.707206,0.718534,0.729593,0.740348,0.750860,0.761101,0.771129,0.780927,0.790554,0.800000,1.000000,0.986255,0.972646,0.959150,0.945834,0.932672,0.919733,0.906989,0.894513,0.882277,0.870360,0.858730,0.847473,0.836556,0.826070,0.815982,0.806386,0.797246,0.788663,0.780594,0.773145,0.766267,0.760068,0.754491,0.749645,0.745466,0.742059,0.739353,0.737448,0.736267,0.735901,0.736268,0.737447,0.739354,0.742056,0.745467,0.749642,0.754493,0.760065,0.766270,0.773143,0.780599,0.788661,0.797252,0.806385,0.815989,0.826069,0.836565,0.847472,0.858740,0.870359,0.882289,0.894513,0.907001,0.919732,0.932685,0.945833,0.959164,0.972646,0.986269,1.000000
5.1000,-0.000000,0.009454,0.019115,0.028987,0.039094,0.049438,0.060039,0.070897,0.082033,0.093444,0.105151,0.117148,0.129457,0.142069,0.155004,0.168250,0.181825,0.195712,0.209926,0.224444,0.239274,0.254391,0.269790,0.285444,0.301338,0.317442,0.333726,0.350163,0.366709,0.383340,0.400001,0.416673,0.433292,0.449850,0.466276,0.482571,0.498664,0.514568,0.530212,0.545622,0.560728,0.575568,0.590077,0.604299,0.618177,0.631761,0.644997,0.657941,0.670544,0.682862,0.694850,0.706566,0.717968,0.729113,0.739962,0.750571,0.760907,0.771021,0.780885,0.790554,0.800000,1.000000,0.986256,0.972675,0.959229,0.945977,0.932890,0.920030,0.907366,0.894967,0.882799,0.870937,0.859349,0.848113,0.837197,0.826689,0.816553,0.806885,0.797649,0.788947,0.780739,0.773135,0.766091,0.759719,0.753969,0.748957,0.744623,0.741081,0.738263,0.736276,0.735043,0.734660,0.735043,0.736276,0.738265,0.741080,0.744626,0.748956,0.753973,0.759717,0.766095,0.773133,0.780744,0.788944,0.797655,0.806883,0.816561,0.826687,0.837207,0.848112,0.859359,0.870937,0.882810,0.894966,0.907377,0.920029,0.932902,0.945976,0.959242,0.972675,0.986269,1.000000
5.2000,-0.000000,0.009452,0.019064,0.028855,0.038858,0.049088,0.059572,0.070316,0.081351,0.092674,0.104314,0.116264,0.128551,0.141163,0.154122,0.167411,0.181048,0.195011,0.209311,0.223921,0.238844,0.254051,0.269533,0.285262,0.301216,0.317368,0.333687,0.350146,0.366704,0.383339,0.400000,0.416672,0.433296,0.449864,0.466312,0.482642,0.498783,0.514748,0.530466,0.545958,0.561155,0.576088,0.590689,0.604998,0.618951,0.632597,0.645878,0.658846,0.671449,0.683744,0.695686,0.707334,0.718649,0.729691,0.740428,0.750920,0.761142,0.771152,0.780936,0.790554,0.800000,1.000000,0.986255,0.972640,0.959134,0.945804,0.932628,0.919672,0.906912,0.894422,0.882174,0.870246,0.858610,0.847350,0.836435,0.825955,0.815877,0.806296,0.797175,0.788615,0.780573,0.773153,0.766306,0.760139,0.754595,0.749780,0.745630,0.742249,0.739565,0.737677,0.736506,0.736144,0.736507,0.737678,0.739568,0.742250,0.745635,0.749782,0.754601,0.760141,0.766314,0.773154,0.780581,0.788617,0.797184,0.806297,0.815886,0.825955,0.836444,0.847350,0.858621,0.870246,0.882186,0.894422,0.906925,0.919672,0.932640,0.945804,0.959147,0.972640,0.986269,1.000000
5.3000,-0.000000,0.009453,0.019113,0.028982,0.039086,0.049426,0.060024,0.070879,0.082012,0.093421,0.105126,0.117122,0.129432,0.142044,0.154980,0.168227,0.181804,0.195694,0.209910,0.224430,0.239262,0.254381,0.269782,0.285438,0.301333,0.317438,0.333724,0.350161,0.366707,0.383338,0.399999,0.416671,0.433291,0.449848,0.466274,0.482570,0.498664,0.514570,0.530215,0.545627,0.560735,0.575577,0.590088,0.604313,0.618193,0.631779,0.645018,0.657963,0.670566,0.682884,0.694872,0.706586,0.717986,0.729129,0.739975,0.750581,0.760913,0.771024,0.780887,0.790554,0.800000,1.000000,0.986256,0.972674,0.959225,0.945971,0.932881,0.920018,0.907352,0.894950,0.882780,0.870917,0.859328,0.848092,0.837177,0.826669,0.816536,0.806870,0.797637,0.788939,0.780736,0.773136,0.766096,0.759729,0.753984,0.748976,0.744647,0.741109,0.738294,0.736309,0.735077,0.734695,0.735078,0.736309,0.738296,0.741109,0.744652,0.748978,0.753991,0.759731,0.766105,0.773139,0.780746,0.788942,0.797649,0.806873,0.816547,0.826671,0.837189,0.848093,0.859340,0.870919,0.882793,0.894951,0.907365,0.920019,0.932894,0.945971,0.959239,0.972674,0.986269,1.000000
5.4000,-0.000000,0.009452,0.019075,0.028882,0.038907,0.049159,0.059667,0.070434,0.081489,0.092830,0.104483,0.116443,0.128735,0.141346,0.154301,0.167581,0.181206,0.195154,0.209436,0.224028,0.238933,0.254121,0.269587,0.285300,0.301242,0.317384,0.333695,0.350150,0.366705,0.383339,0.400000,0.416672,0.433296,0.449862,0.466305,0.482628,0.498758,0.514711,0.530414,0.545889,0.561068,0.575982,0.590564,0.604856,0.618794,0.632428,0.645699,0.658662,0.671265,0.683565,0.695516,0.707178,0.718510,0.729573,0.740333,0.750848,0.761093,0.771125,0.780925,0.790554,0.800000,1.000000,0.986256,0.972647,0.959154,0.945839,0.932681,0.919744,0.907004,0.894532,0.882300,0.870385,0.858758,0.847503,0.836588,0.826102,0.816012,0.806415,0.797270,0.788682,0.780606,0.773149,0.766262,0.760053,0.754466,0.749609,0.745421,0.742005,0.739292,0.737382,0.736197,0.735830,0.736198,0.737382,0.739294,0.742004,0.745423,0.749608,0.754470,0.760052,0.766267,0.773148,0.780613,0.788682,0.797278,0.806415,0.816022,0.826103,0.836598,0.847504,0.858770,0.870386,0.882312,0.894532,0.907016,0.919744,0.932694,0.945839,0.959167,0.972647,0.986269,1.000000
5.5000,-0.000000,0.009453,0.019096,0.028937,0.039005,0.049305,0.059862,0.070677,0.081775,0.093153,0.104835,0.116815,0.129116,0.141728,0.154673,0.167936,0.181534,0.195450,0.209696,0.224249,0.239114,0.254264,0.269695,0.285377,0.301293,0.317415,0.333712,0.350157,0.366708,0.383340,0.400001,0.416673,0.433294,0.449856,0.466290,0.482598,0.498709,0.514636,0.530308,0.545749,0.560889,0.575763,0.590306,0.604562,0.618468,0.632076,0.645329,0.658283,0.670887,0.683196,0.695167,0.706857,0.718226,0.729332,0.740139,0.750704,0.760996,0.771071,0.780904,0.790554,0.800000,1.000000,0.986256,0.972662,0.959193,0.945911,0.932790,0.919894,0.907193,0.894760,0.882562,0.870675,0.859069,0.847824,0.836910,0.826413,0.816299,0.806664,0.797472,0.788823,0.780677,0.773141,0.766170,0.759874,0.754200,0.749260,0.744994,0.741511,0.738742,0.736791,0.735581,0.735205,0.735581,0.736791,0.738744,0.741511,0.744998,0.749260,0.754205,0.759873,0.766175,0.773139,0.780682,0.788821,0.797478,0.806662,0.816306,0.826410,0.836917,0.847822,0.859078,0.870673,0.882572,0.894758,0.907205,0.919893,0.932802,0.945910,0.959206,0.972662,0.986269,1.000000
5.6000,-0.000000,0.009453,0.019095,0.028936,0.039003,0.049303,0.059860,0.070675,0.081773,0.093151,0.104834,0.116814,0.129116,0.141728,0.154673,0.167936,0.181535,0.195451,0.209697,0.224249,0.239114,0.254264,0.269694,0.285376,0.301293,0.317415,0.333712,0.350157,0.366707,0.383340,0.400000,0.416672,0.433293,0.449855,0.466289,0.482597,0.498708,0.514635,0.530306,0.545746,0.560886,0.575761,0.590304,0.604559,0.618466,0.632074,0.645328,0.658282,0.670885,0.683196,0.695167,0.706858,0.718227,0.729334,0.740140,0.750705,0.760997,0.771071,0.780905,0.790554,0.800000,1.000000,0.986256,0.972662,0.959192,0.945910,0.932789,0.919892,0.907192,0.894758,0.882560,0.870674,0.859068,0.847824,0.836910,0.826414,0.816300,0.806666,0.797473,0.788824,0.780677,0.773142,0.766170,0.759874,0.754199,0.749259,0.744993,0.741509,0.738740,0.736788,0.735578,0.735203,0.735579,0.736788,0.738742,0.741509,0.744996,0.749258,0.754204,0.759873,0.766176,0.773141,0.780685,0.788823,0.797480,0.806665,0.816308,0.826412,0.836919,0.847824,0.859079,0.870674,0.882572,0.894758,0.907204,0.919892,0.932801,0.945910,0.959205,0.972662,0.986269,1.000000
5.7000,-0.000000,0.009452,0.019074,0.028881,0.038905,0.049157,0.059664,0.070431,0.081487,0.092828,0.104482,0.116443,0.128735,0.141348,0.154303,0.167585,0.181210,0.195158,0.209440,0.224032,0.238936,0.254124,0.269588,0.285301,0.301242,0.317384,0.333695,0.350149,0.366704,0.383338,0.399999,0.416672,0.433294,0.449860,0.466304,0.482625,0.498755,0.514708,0.530410,0.545885,0.561062,0.575976,0.590558,0.604849,0.618788,0.632422,0.645694,0.658658,0.671262,0.683563,0.695516,0.707179,0.718512,0.729575,0.740335,0.750850,0.761095,0.771125,0.780926,0.790554,0.800000,1.000000,0.986255,0.972647,0.959153,0.945838,0.932679,0.919742,0.907002,0.894530,0.882298,0.870385,0.858759,0.847505,0.836590,0.826106,0.816017,0.806420,0.797277,0.788688,0.780611,0.773153,0.766264,0.760053,0.754465,0.749606,0.745416,0.741998,0.739284,0.737373,0.736188,0.735821,0.736189,0.737373,0.739286,0.741998,0.745419,0.749607,0.754470,0.760054,0.766271,0.773154,0.780620,0.788689,0.797286,0.806422,0.816028,0.826108,0.836603,0.847507,0.858772,0.870386,0.882311,0.894532,0.907015,0.919743,0.932692,0.945838,0.959166,0.972647,0.986269,1.000000
5.8000,-0.000000,0.009453,0.019112,0.028979,0.039081,0.049418,0.060014,0.070866,0.081998,0.093406,0.105111,0.117107,0.129417,0.142031,0.154969,0.168218,0.181797,0.195689,0.209906,0.224428,0.239262,0.254381,0.269783,0.285439,0.301334,0.317439,0.333724,0.350161,0.366708,0.383339,0.399999,0.416671,0.433291,0.449848,0.466274,0.482570,0.498664,0.514570,0.530215,0.545628,0.560737,0.575580,0.590093,0.604319,0.618202,0.631790,0.645030,0.657977,0.670582,0.682901,0.694889,0.706603,0.718001,0.729142,0.739986,0.750590,0.760920,0.771028,0.780888,0.790554,0.800000,1.000000,0.986256,0.972673,0.959223,0.945967,0.932875,0.920010,0.907342,0.894939,0.882769,0.870905,0.859316,0.848081,0.837167,0.826662,0.816531,0.806869,0.797639,0.788943,0.780743,0.773145,0.766107,0.759741,0.753997,0.748989,0.744659,0.741120,0.738304,0.736318,0.735086,0.734704,0.735087,0.736319,0.738307,0.741121,0.744665,0.748991,0.754004,0.759743,0.766115,0.773146,0.780751,0.788944,0.797648,0.806869,0.816541,0.826663,0.837178,0.848081,0.859327,0.870905,0.882780,0.894939,0.907354,0.920010,0.932887,0.945966,0.959236,0.972673,0.986269,1.000000
5.9000,-0.000000,0.009452,0.019064,0.028855,0.038859,0.049089,0.059574,0.070320,0.081356,0.092681,0.104323,0.116276,0.128565,0.141179,0.154140,0.167430,0.181067,0.195030,0.209329,0.223938,0.238859,0.254064,0.269544,0.285270,0.301222,0.317372,0.333689,0.350148,0.366705,0.383339,0.400000,0.416673,0.433297,0.449865,0.466312,0.482640,0.498779,0.514742,0.530457,0.545947,0.561142,0.576073,0.590672,0.604980,0.618934,0.632580,0.645862,0.658831,0.671436,0.683734,0.695678,0.707329,0.718645,0.729689,0.740427,0.750919,0.761142,0.771152,0.780936,0.790554,0.800000,1.000000,0.986255,0.972640,0.959135,0.945805,0.932629,0.919674,0.906915,0.894427,0.882180,0.870254,0.858620,0.847363,0.836450,0.825972,0.815895,0.806316,0.797195,0.788634,0.780589,0.773165,0.766314,0.760141,0.754590,0.749767,0.745611,0.742222,0.739533,0.737639,0.736465,0.736101,0.736466,0.737639,0.739534,0.742222,0.745614,0.749767,0.754594,0.760140,0.766319,0.773165,0.780595,0.788632,0.797202,0.806315,0.815903,0.825971,0.836459,0.847361,0.858630,0.870253,0.882190,0.894426,0.906926,0.919673,0.932641,0.945804,0.959147,0.972640,0.986269,1.000000
6.0000,-0.000000,0.009453,0.019112,0.028980,0.039082,0.049420,0.060016,0.070870,0.082003,0.093412,0.105119,0.117117,0.129428,0.142043,0.154981,0.168231,0.181810,0.195701,0.209917,0.224438,0.239270,0.254388,0.269788,0.285444,0.301338,0.317442,0.333726,0.350163,0.366709,0.383340,0.400001,0.416673,0.433292,0.449850,0.466276,0.482571,0.498664,0.514569,0.530213,0.545624,0.560732,0.575573,0.590084,0.604310,0.618192,0.631780,0.645020,0.657967,0.670573,0.682892,0.694881,0.706597,0.717997,0.729138,0.739983,0.750587,0.760918,0.771027,0.780888,0.790554,0.800000,1.000000,0.986256,0.972674,0.959224,0.945968,0.932877,0.920012,0.907345,0.894943,0.882774,0.870912,0.859324,0.848090,0.837178,0.826674,0.816543,0.806880,0.797650,0.788952,0.780750,0.773150,0.766109,0.759740,0.753992,0.748981,0.744648,0.741106,0.738288,0.736301,0.735067,0.734684,0.735067,0.736299,0.738289,0.741104,0.744649,0.748978,0.753995,0.759737,0.766113,0.773147,0.780755,0.788950,0.797656,0.806878,0.816551,0.826672,0.837187,0.848090,0.859334,0.870911,0.882785,0.894943,0.907357,0.920013,0.932889,0.945968,0.959237,0.972673,0.986269,1.000000
6.1000,-0.000000,0.009452,0.019073,0.028876,0.038897,0.049145,0.059650,0.070414,0.081467,0.092806,0.104459,0.116419,0.128712,0.141326,0.154283,0.167566,0.181194,0.195145,0.209430,0.224024,0.238929,0.254119,0.269585,0.285299,0.301241,0.317384,0.333695,0.350150,0.366705,0.383339,0.400000,0.416672,0.433295,0.449861,0.466305,0.482627,0.498759,0.514711,0.530414,0.545891,0.561070,0.575986,0.590570,0.604864,0.618806,0.632443,0.645717,0.658683,0.671288,0.683589,0.695541,0.707202,0.718533,0.729594,0.740350,0.750862,0.761103,0.771130,0.780927,0.790554,0.800000,1.000000,0.986255,0.972646,0.959150,0.945832,0.932670,0.919731,0.906988,0.894514,0.882280,0.870365,0.858739,0.847486,0.836572,0.826091,0.816004,0.806411,0.797271,0.788686,0.780614,0.773161,0.766276,0.760069,0.754483,0.749628,0.745440,0.742024,0.739312,0.737402,0.736218,0.735851,0.736219,0.737403,0.739315,0.742025,0.745444,0.749629,0.754489,0.760070,0.766283,0.773162,0.780623,0.788687,0.797280,0.806411,0.816014,0.826091,0.836583,0.847486,0.858750,0.870366,0.882292,0.894514,0.907001,0.919731,0.932684,0.945832,0.959163,0.972646,0.986269,1.000000
6.2000,-0.000000,0.009453,0.019096,0.028939,0.039009,0.049311,0.059871,0.070689,0.081790,0.093171,0.104857,0.116839,0.129143,0.141756,0.154702,0.167965,0.181563,0.195478,0.209721,0.224272,0.239133,0.254280,0.269706,0.285385,0.301298,0.317417,0.333713,0.350156,0.366706,0.383338,0.399999,0.416671,0.433292,0.449853,0.466286,0.482592,0.498700,0.514623,0.530292,0.545729,0.560865,0.575736,0.590277,0.604530,0.618435,0.632042,0.645296,0.658251,0.670856,0.683169,0.695143,0.706836,0.718209,0.729319,0.740129,0.750697,0.760992,0.771069,0.780904,0.790554,0.800000,1.000000,0.986256,0.972662,0.959194,0.945914,0.932795,0.919900,0.907203,0.894772,0.882577,0.870694,0.859090,0.847848,0.836935,0.826439,0.816326,0.806690,0.797496,0.788843,0.780692,0.773150,0.766171,0.759865,0.754182,0.749232,0.744956,0.741464,0.738688,0.736731,0.735518,0.735141,0.735518,0.736732,0.738691,0.741466,0.744962,0.749235,0.754190,0.759868,0.766180,0.773152,0.780702,0.788845,0.797506,0.806692,0.816337,0.826441,0.836947,0.847850,0.859102,0.870694,0.882589,0.894773,0.907215,0.919900,0.932807,0.945913,0.959207,0.972662,0.986269,1.000000
6.3000,-0.000000,0.009453,0.019092,0.028927,0.038988,0.049282,0.059832,0.070640,0.081734,0.093108,0.104788,0.116767,0.129069,0.141683,0.154632,0.167898,0.181501,0.195422,0.209673,0.224230,0.239099,0.254253,0.269687,0.285371,0.301289,0.317413,0.333711,0.350156,0.366707,0.383340,0.400000,0.416672,0.433293,0.449856,0.466290,0.482599,0.498711,0.514640,0.530313,0.545758,0.560901,0.575779,0.590327,0.604587,0.618498,0.632111,0.645368,0.658324,0.670930,0.683240,0.695211,0.706899,0.718265,0.729367,0.740167,0.750726,0.761011,0.771079,0.780908,0.790554,0.800000,1.000000,0.986256,0.972659,0.959186,0.945899,0.932772,0.919870,0.907165,0.894726,0.882525,0.870637,0.859030,0.847786,0.836874,0.826381,0.816272,0.806644,0.797458,0.788817,0.780680,0.773153,0.766189,0.759901,0.754233,0.749299,0.745038,0.741559,0.738793,0.736844,0.735635,0.735260,0.735635,0.736844,0.738795,0.741559,0.745042,0.749299,0.754238,0.759900,0.766195,0.773152,0.780687,0.788817,0.797467,0.806644,0.816282,0.826381,0.836885,0.847788,0.859042,0.870638,0.882538,0.894728,0.907178,0.919871,0.932785,0.945899,0.959199,0.972660,0.986269,1.000000
6.4000,-0.000000,0.009452,0.019075,0.028884,0.038911,0.049167,0.059680,0.070451,0.081512,0.092857,0.104516,0.116480,0.128775,0.141390,0.154345,0.167626,0.181250,0.195196,0.209475,0.224062,0.238961,0.254144,0.269605,0.285313,0.301251,0.317390,0.333699,0.350151,0.366706,0.383340,0.400001,0.416673,0.433295,0.449861,0.466303,0.482622,0.498750,0.514699,0.530397,0.545867,0.561040,0.575949,0.590527,0.604815,0.618752,0.632384,0.645657,0.658621,0.671227,0.683530,0.695486,0.707153,0.718489,0.729557,0.740321,0.750840,0.761088,0.771122,0.780924,0.790554,0.800000,1.000000,0.986255,0.972648,0.959155,0.945843,0.932687,0.919754,0.907018,0.894550,0.882322,0.870413,0.858791,0.847539,0.836627,0.826144,0.816054,0.806455,0.797307,0.788713,0.780630,0.773162,0.766263,0.760041,0.754440,0.749570,0.745369,0.741942,0.739219,0.737302,0.736113,0.735745,0.736114,0.737302,0.739221,0.741941,0.745371,0.749569,0.754444,0.760039,0.766268,0.773161,0.780635,0.788712,0.797314,0.806453,0.816061,0.826142,0.836635,0.847537,0.858799,0.870411,0.882333,0.894549,0.907029,0.919754,0.932700,0.945843,0.959169,0.972648,0.986269,1.000000
6.5000,-0.000000,0.009453,0.019109,0.028972,0.039069,0.049401,0.059990,0.070838,0.081966,0.093370,0.105074,0.117070,0.129380,0.141995,0.154936,0.168188,0.181771,0.195666,0.209887,0.224414,0.239250,0.254373,0.269777,0.285436,0.301332,0.317438,0.333724,0.350162,0.366709,0.383340,0.400000,0.416672,0.433292,0.449850,0.466276,0.482573,0.498668,0.514576,0.530224,0.545637,0.560750,0.575597,0.590113,0.604344,0.618230,0.631822,0.645065,0.658015,0.670621,0.682940,0.694927,0.706640,0.718035,0.729172,0.740011,0.750608,0.760932,0.771035,0.780891,0.790554,0.800000,1.000000,0.986256,0.972671,0.959219,0.945958,0.932862,0.919992,0.907320,0.894913,0.882740,0.870874,0.859285,0.848051,0.837139,0.826637,0.816510,0.806852,0.797628,0.788939,0.780745,0.773155,0.766123,0.759763,0.754025,0.749022,0.744697,0.741161,0.738348,0.736365,0.735134,0.734752,0.735134,0.736364,0.738350,0.741161,0.744700,0.749022,0.754030,0.759763,0.766129,0.773154,0.780752,0.788938,0.797636,0.806851,0.816517,0.826635,0.837147,0.848049,0.859294,0.870873,0.882750,0.894912,0.907331,0.919992,0.932874,0.945957,0.959231,0.972672,0.986269,1.000000
6.6000,-0.000000,0.009452,0.019065,0.028856,0.038861,0.049092,0.059579,0.070326,0.081364,0.092691,0.104335,0.116289,0.128580,0.141195,0.154157,0.167448,0.181085,0.195048,0.209345,0.223953,0.238872,0.254074,0.269552,0.285275,0.301226,0.317374,0.333690,0.350147,0.366704,0.383339,0.400000,0.416672,0.433295,0.449863,0.466309,0.482636,0.498773,0.514734,0.530448,0.545935,0.561127,0.576056,0.590654,0.604961,0.618913,0.632560,0.645841,0.658812,0.671418,0.683717,0.695663,0.707315,0.718634,0.729680,0.740420,0.750914,0.761138,0.771150,0.780935,0.790554,0.800000,1.000000,0.986255,0.972640,0.959135,0.945806,0.932631,0.919678,0.906920,0.894433,0.882188,0.870264,0.858632,0.847376,0.836465,0.825988,0.815912,0.806332,0.797210,0.788647,0.780600,0.773172,0.766315,0.760136,0.754579,0.749750,0.745587,0.742192,0.739497,0.737600,0.736424,0.736059,0.736425,0.737601,0.739500,0.742193,0.745591,0.749751,0.754585,0.760138,0.766322,0.773173,0.780608,0.788649,0.797220,0.806334,0.815923,0.825990,0.836477,0.847378,0.858645,0.870267,0.882202,0.894435,0.906934,0.919678,0.932645,0.945807,0.959149,0.972640,0.986269,1.000000
6.7000,-0.000000,0.009453,0.019111,0.028978,0.039078,0.049415,0.060010,0.070862,0.081995,0.093404,0.105110,0.117109,0.129421,0.142036,0.154976,0.168227,0.181807,0.195699,0.209916,0.224438,0.239270,0.254388,0.269789,0.285444,0.301337,0.317441,0.333725,0.350162,0.366708,0.383339,0.399999,0.416671,0.433291,0.449848,0.466273,0.482569,0.498661,0.514565,0.530210,0.545620,0.560729,0.575570,0.590083,0.604309,0.618192,0.631781,0.645023,0.657972,0.670578,0.682899,0.694889,0.706605,0.718005,0.729146,0.739990,0.750593,0.760922,0.771030,0.780889,0.790554,0.800000,1.000000,0.986256,0.972673,0.959222,0.945965,0.932872,0.920007,0.907339,0.894936,0.882767,0.870905,0.859318,0.848084,0.837173,0.826670,0.816541,0.806880,0.797651,0.788956,0.780754,0.773155,0.766114,0.759744,0.753995,0.748983,0.744649,0.741106,0.738286,0.736298,0.735064,0.734682,0.735066,0.736299,0.738290,0.741107,0.744655,0.748985,0.754003,0.759746,0.766121,0.773156,0.780762,0.788957,0.797661,0.806882,0.816552,0.826672,0.837185,0.848086,0.859329,0.870905,0.882779,0.894936,0.907351,0.920007,0.932885,0.945965,0.959235,0.972673,0.986269,1.000000
6.8000,-0.000000,0.009452,0.019071,0.028873,0.038891,0.049136,0.059638,0.070400,0.081451,0.092789,0.104442,0.116403,0.128697,0.141311,0.154270,0.167555,0.181185,0.195137,0.209424,0.224019,0.238926,0.254117,0.269584,0.285299,0.301242,0.317384,0.333696,0.350150,0.366706,0.383340,0.400001,0.416673,0.433296,0.449862,0.466306,0.482628,0.498760,0.514713,0.530417,0.545894,0.561075,0.575992,0.590578,0.604874,0.618817,0.632456,0.645732,0.658699,0.671305,0.683607,0.695559,0.707220,0.718550,0.729609,0.740363,0.750872,0.761110,0.771134,0.780929,0.790554,0.800000,1.000000,0.986256,0.972645,0.959147,0.945828,0.932664,0.919722,0.906978,0.894502,0.882268,0.870353,0.858727,0.847474,0.836562,0.826082,0.815998,0.806407,0.797270,0.788688,0.780620,0.773168,0.766286,0.760081,0.754497,0.749643,0.745457,0.742042,0.739330,0.737421,0.736237,0.735870,0.736237,0.737420,0.739332,0.742041,0.745460,0.749643,0.754502,0.760080,0.766291,0.773167,0.780625,0.788687,0.797277,0.806406,0.816006,0.826081,0.836571,0.847473,0.858736,0.870352,0.882279,0.894501,0.906989,0.919721,0.932676,0.945827,0.959160,0.972645,0.986269,1.000000
6.9000,-0.000000,0.009453,0.019098,0.028942,0.039014,0.049320,0.059882,0.070703,0.081808,0.093192,0.104880,0.116865,0.129171,0.141786,0.154732,0.167994,0.181591,0.195504,0.209746,0.224293,0.239151,0.254295,0.269718,0.285394,0.301305,0.317422,0.333716,0.350159,0.366708,0.383340,0.400001,0.416673,0.433294,0.449854,0.466286,0.482591,0.498697,0.514618,0.530283,0.545717,0.560851,0.575718,0.590256,0.604506,0.618410,0.632016,0.645269,0.658224,0.670830,0.683144,0.695119,0.706816,0.718191,0.729304,0.740117,0.750688,0.760986,0.771065,0.780902,0.790554,0.800000,1.000000,0.986256,0.972663,0.959196,0.945918,0.932801,0.919909,0.907214,0.894786,0.882594,0.870713,0.859113,0.847873,0.836961,0.826466,0.816352,0.806715,0.797517,0.788861,0.780705,0.773157,0.766171,0.759858,0.754167,0.749209,0.744926,0.741427,0.738645,0.736683,0.735466,0.735089,0.735466,0.736682,0.738645,0.741425,0.744927,0.749207,0.754169,0.759856,0.766175,0.773155,0.780711,0.788859,0.797524,0.806714,0.816360,0.826465,0.836970,0.847872,0.859123,0.870713,0.882606,0.894787,0.907227,0.919909,0.932814,0.945918,0.959210,0.972663,0.986269,1.000000
7.0000,-0.000000,0.009453,0.019090,0.028921,0.038977,0.049265,0.059810,0.070614,0.081702,0.093073,0.104750,0.116728,0.129029,0.141644,0.154594,0.167863,0.181469,0.195393,0.209648,0.224210,0.239082,0.254240,0.269677,0.285364,0.301285,0.317409,0.333708,0.350155,0.366706,0.383339,0.400000,0.416672,0.433293,0.449855,0.466290,0.482601,0.498714,0.514645,0.530322,0.545769,0.560916,0.575799,0.590351,0.604615,0.618530,0.632146,0.645406,0.658365,0.670971,0.683281,0.695250,0.706936,0.718298,0.729394,0.740190,0.750742,0.761022,0.771085,0.780910,0.790554,0.800000,1.000000,0.986256,0.972658,0.959182,0.945891,0.932760,0.919854,0.907145,0.894702,0.882497,0.870606,0.858998,0.847754,0.836842,0.826350,0.816245,0.806621,0.797441,0.788807,0.780676,0.773157,0.766202,0.759921,0.754262,0.749335,0.745080,0.741607,0.738846,0.736900,0.735693,0.735319,0.735694,0.736900,0.738848,0.741607,0.745085,0.749336,0.754268,0.759922,0.766209,0.773158,0.780685,0.788808,0.797450,0.806622,0.816254,0.826350,0.836851,0.847753,0.859008,0.870605,0.882508,0.894702,0.907156,0.919854,0.932773,0.945891,0.959195,0.972658,0.986269,1.000000
7.1000,-0.000000,0.009453,0.019078,0.028890,0.038921,0.049181,0.059698,0.070474,0.081539,0.092888,0.104550,0.116516,0.128813,0.141427,0.154383,0.167662,0.181283,0.195226,0.209501,0.224085,0.238980,0.254159,0.269615,0.285321,0.301255,0.317392,0.333699,0.350151,0.366705,0.383338,0.399999,0.416672,0.433294,0.449859,0.466300,0.482618,0.498743,0.514688,0.530383,0.545849,0.561018,0.575923,0.590497,0.604781,0.618715,0.632345,0.645616,0.658580,0.671186,0.683491,0.695449,0.707119,0.718460,0.729533,0.740301,0.750826,0.761079,0.771117,0.780923,0.790554,0.800000,1.000000,0.986255,0.972649,0.959159,0.945850,0.932697,0.919768,0.907035,0.894572,0.882348,0.870441,0.858821,0.847571,0.836659,0.826175,0.816084,0.806481,0.797328,0.788728,0.780637,0.773162,0.766254,0.760022,0.754412,0.749533,0.745322,0.741887,0.739158,0.737236,0.736044,0.735675,0.736045,0.737236,0.739161,0.741888,0.745327,0.749534,0.754419,0.760024,0.766262,0.773164,0.780647,0.788731,0.797339,0.806483,0.816095,0.826177,0.836671,0.847573,0.858833,0.870442,0.882360,0.894572,0.907048,0.919769,0.932710,0.945850,0.959172,0.972649,0.986269,1.000000
7.2000,-0.000000,0.009453,0.019107,0.028967,0.039058,0.049385,0.059970,0.070813,0.081937,0.093337,0.105039,0.117033,0.129343,0.141959,0.154901,0.168155,0.181741,0.195639,0.209864,0.224394,0.239234,0.254360,0.269767,0.285429,0.301328,0.317436,0.333723,0.350161,0.366708,0.383339,0.400000,0.416672,0.433292,0.449850,0.466278,0.482576,0.498672,0.514582,0.530233,0.545650,0.560767,0.575616,0.590136,0.604370,0.618259,0.631853,0.645099,0.658049,0.670655,0.682974,0.694960,0.706669,0.718062,0.729195,0.740029,0.750622,0.760942,0.771041,0.780893,0.790554,0.800000,1.000000,0.986256,0.972670,0.959214,0.945950,0.932850,0.919977,0.907300,0.894889,0.882713,0.870845,0.859254,0.848019,0.837108,0.826608,0.816484,0.806830,0.797611,0.788928,0.780740,0.773157,0.766133,0.759780,0.754049,0.749054,0.744735,0.741206,0.738398,0.736418,0.735189,0.734808,0.735190,0.736417,0.738400,0.741205,0.744738,0.749053,0.754054,0.759779,0.766138,0.773155,0.780746,0.788926,0.797618,0.806830,0.816493,0.826608,0.837119,0.848020,0.859266,0.870847,0.882726,0.894891,0.907313,0.919977,0.932863,0.945950,0.959227,0.972670,0.986269,1.000000
7.3000,-0.000000,0.009452,0.019066,0.028860,0.038867,0.049102,0.059591,0.070342,0.081383,0.092712,0.104358,0.116313,0.128605,0.141220,0.154181,0.167471,0.181107,0.195067,0.209363,0.223968,0.238884,0.254084,0.269560,0.285282,0.301230,0.317377,0.333692,0.350149,0.366705,0.383340,0.400001,0.416673,0.433296,0.449864,0.466309,0.482635,0.498772,0.514731,0.530442,0.545928,0.561118,0.576044,0.590639,0.604945,0.618895,0.632540,0.645821,0.658791,0.671397,0.683697,0.695645,0.707299,0.718619,0.729668,0.740410,0.750907,0.761134,0.771148,0.780934,0.790554,0.800000,1.000000,0.986255,0.972641,0.959138,0.945811,0.932638,0.919687,0.906932,0.894448,0.882205,0.870283,0.858652,0.847397,0.836485,0.826008,0.815931,0.806349,0.797224,0.788657,0.780605,0.773173,0.766311,0.760126,0.754563,0.749729,0.745560,0.742161,0.739463,0.737563,0.736385,0.736020,0.736386,0.737563,0.739465,0.742162,0.745563,0.749729,0.754567,0.760126,0.766316,0.773171,0.780610,0.788656,0.797231,0.806348,0.815938,0.826007,0.836494,0.847395,0.858661,0.870281,0.882215,0.894446,0.906943,0.919686,0.932650,0.945810,0.959151,0.972641,0.986269,1.000000
7.4000,-0.000000,0.009453,0.019111,0.028977,0.039077,0.049413,0.060007,0.070859,0.081991,0.093399,0.105105,0.117103,0.129415,0.142030,0.154970,0.168221,0.181802,0.195695,0.209913,0.224435,0.239268,0.254387,0.269788,0.285443,0.301338,0.317441,0.333726,0.350163,0.366709,0.383340,0.400000,0.416672,0.433292,0.449849,0.466275,0.482570,0.498663,0.514567,0.530213,0.545624,0.560732,0.575575,0.590088,0.604315,0.618198,0.631788,0.645030,0.657980,0.670586,0.682907,0.694896,0.706611,0.718010,0.729150,0.739993,0.750595,0.760923,0.771030,0.780889,0.790554,0.800000,1.000000,0.986256,0.972673,0.959222,0.945964,0.932871,0.920005,0.907337,0.894933,0.882763,0.870901,0.859313,0.848080,0.837169,0.826666,0.816537,0.806877,0.797649,0.788954,0.780754,0.773156,0.766117,0.759749,0.754002,0.748991,0.744658,0.741115,0.738297,0.736309,0.735076,0.734694,0.735077,0.736310,0.738300,0.741116,0.744662,0.748991,0.754007,0.759748,0.766123,0.773156,0.780761,0.788954,0.797657,0.806877,0.816546,0.826665,0.837178,0.848079,0.859322,0.870899,0.882774,0.894932,0.907348,0.920005,0.932883,0.945964,0.959235,0.972673,0.986269,1.000000
7.5000,-0.000000,0.009452,0.019070,0.028871,0.038888,0.049132,0.059632,0.070392,0.081442,0.092779,0.104431,0.116391,0.128685,0.141299,0.154258,0.167544,0.181174,0.195127,0.209415,0.224011,0.238920,0.254112,0.269580,0.285295,0.301239,0.317382,0.333694,0.350149,0.366705,0.383339,0.400000,0.416672,0.433295,0.449862,0.466305,0.482628,0.498761,0.514715,0.530419,0.545898,0.561079,0.575997,0.590584,0.604881,0.618824,0.632464,0.645740,0.658707,0.671313,0.683615,0.695566,0.707226,0.718555,0.729613,0.740366,0.750874,0.761111,0.771135,0.780929,0.790554,0.800000,1.000000,0.986256,0.972644,0.959146,0.945825,0.932660,0.919718,0.906972,0.894495,0.882259,0.870343,0.858716,0.847463,0.836552,0.826072,0.815989,0.806398,0.797263,0.788683,0.780615,0.773166,0.766287,0.760084,0.754504,0.749652,0.745468,0.742055,0.739345,0.737437,0.736253,0.735886,0.736254,0.737436,0.739347,0.742055,0.745471,0.749652,0.754508,0.760085,0.766293,0.773167,0.780623,0.788684,0.797271,0.806399,0.815999,0.826073,0.836563,0.847465,0.858730,0.870345,0.882273,0.894497,0.906986,0.919719,0.932674,0.945826,0.959160,0.972645,0.986269,1.000000
7.6000,-0.000000,0.009453,0.019099,0.028946,0.039021,0.049330,0.059896,0.070721,0.081829,0.093215,0.104905,0.116891,0.129197,0.141811,0.154757,0.168018,0.181613,0.195523,0.209761,0.224306,0.239161,0.254302,0.269723,0.285397,0.301307,0.317423,0.333716,0.350158,0.366707,0.383339,0.399999,0.416672,0.433292,0.449852,0.466283,0.482587,0.498692,0.514611,0.530275,0.545706,0.560837,0.575703,0.590238,0.604485,0.618387,0.631991,0.645243,0.658197,0.670803,0.683117,0.695094,0.706793,0.718171,0.729287,0.740103,0.750678,0.760979,0.771061,0.780901,0.790554,0.800000,1.000000,0.986256,0.972664,0.959199,0.945923,0.932809,0.919920,0.907228,0.894803,0.882613,0.870734,0.859134,0.847895,0.836983,0.826486,0.816371,0.806731,0.797529,0.788868,0.780707,0.773153,0.766161,0.759843,0.754146,0.749184,0.744896,0.741393,0.738608,0.736645,0.735427,0.735049,0.735428,0.736645,0.738611,0.741394,0.744901,0.749185,0.754153,0.759845,0.766170,0.773155,0.780716,0.788869,0.797538,0.806731,0.816380,0.826487,0.836993,0.847895,0.859146,0.870734,0.882625,0.894803,0.907240,0.919920,0.932821,0.945923,0.959212,0.972664,0.986269,1.000000
7.7000,-0.000000,0.009453,0.019088,0.028917,0.038970,0.049254,0.059794,0.070594,0.081678,0.093045,0.104720,0.116695,0.128996,0.141610,0.154560,0.167830,0.181439,0.195366,0.209624,0.224189,0.239065,0.254227,0.269667,0.285357,0.301280,0.317407,0.333707,0.350155,0.366707,0.383340,0.400000,0.416673,0.433294,0.449857,0.466293,0.482605,0.498721,0.514655,0.530335,0.545785,0.560936,0.575822,0.590377,0.604644,0.618562,0.632180,0.645441,0.658401,0.671006,0.683315,0.695282,0.706966,0.718324,0.729417,0.740208,0.750755,0.761031,0.771090,0.780912,0.790554,0.800000,1.000000,0.986256,0.972656,0.959179,0.945885,0.932751,0.919842,0.907128,0.894683,0.882475,0.870581,0.858970,0.847725,0.836812,0.826322,0.816218,0.806597,0.797421,0.788792,0.780668,0.773156,0.766208,0.759936,0.754285,0.749367,0.745120,0.741653,0.738897,0.736956,0.735752,0.735380,0.735754,0.736957,0.738901,0.741654,0.745124,0.749367,0.754290,0.759936,0.766214,0.773155,0.780675,0.788792,0.797429,0.806597,0.816227,0.826321,0.836821,0.847723,0.858979,0.870579,0.882484,0.894681,0.907139,0.919840,0.932763,0.945885,0.959191,0.972656,0.986269,1.000000
7.8000,-0.000000,0.009453,0.019080,0.028896,0.038933,0.049199,0.059721,0.070503,0.081572,0.092925,0.104589,0.116557,0.128854,0.141468,0.154422,0.167699,0.181317,0.195257,0.209528,0.224107,0.238999,0.254174,0.269627,0.285329,0.301262,0.317396,0.333702,0.350153,0.366706,0.383340,0.400001,0.416673,0.433295,0.449859,0.466299,0.482616,0.498740,0.514682,0.530374,0.545837,0.561003,0.575904,0.590474,0.604754,0.618684,0.632311,0.645579,0.658541,0.671146,0.683452,0.695411,0.707083,0.718428,0.729505,0.740279,0.750809,0.761067,0.771110,0.780920,0.790554,0.800000,1.000000,0.986255,0.972651,0.959164,0.945858,0.932710,0.919785,0.907057,0.894598,0.882377,0.870472,0.858854,0.847605,0.836693,0.826207,0.816113,0.806506,0.797348,0.788741,0.780643,0.773160,0.766244,0.760004,0.754386,0.749498,0.745280,0.741839,0.739104,0.737178,0.735983,0.735613,0.735984,0.737177,0.739105,0.741837,0.745282,0.749496,0.754388,0.760001,0.766247,0.773157,0.780648,0.788739,0.797354,0.806504,0.816120,0.826206,0.836702,0.847605,0.858865,0.870473,0.882389,0.894598,0.907070,0.919786,0.932723,0.945858,0.959177,0.972651,0.986269,1.000000
7.9000,-0.000000,0.009453,0.019105,0.028962,0.039050,0.049374,0.059955,0.070793,0.081914,0.093311,0.105009,0.117001,0.129310,0.141924,0.154866,0.168122,0.181709,0.195609,0.209837,0.224370,0.239214,0.254344,0.269755,0.285420,0.301322,0.317432,0.333720,0.350160,0.366708,0.383339,0.400000,0.416672,0.433292,0.449851,0.466279,0.482579,0.498677,0.514590,0.530244,0.545665,0.560785,0.575639,0.590162,0.604400,0.618291,0.631887,0.645134,0.658084,0.670690,0.683007,0.694990,0.706697,0.718085,0.729214,0.740044,0.750633,0.760949,0.771044,0.780894,0.790554,0.800000,1.000000,0.986256,0.972669,0.959211,0.945945,0.932842,0.919965,0.907285,0.894871,0.882691,0.870820,0.859227,0.847990,0.837078,0.826578,0.816454,0.806803,0.797587,0.788909,0.780728,0.773151,0.766136,0.759792,0.754070,0.749084,0.744773,0.741251,0.738449,0.736474,0.735248,0.734868,0.735248,0.736473,0.738451,0.741250,0.744777,0.749083,0.754076,0.759793,0.766143,0.773152,0.780735,0.788909,0.797596,0.806803,0.816463,0.826577,0.837088,0.847990,0.859238,0.870821,0.882704,0.894872,0.907297,0.919965,0.932855,0.945945,0.959225,0.972669,0.986269,1.000000
8.0000,-0.000000,0.009452,0.019067,0.028863,0.038875,0.049113,0.059606,0.070360,0.081404,0.092735,0.104383,0.116339,0.128630,0.141244,0.154204,0.167491,0.181125,0.195082,0.209375,0.223977,0.238891,0.254089,0.269562,0.285282,0.301230,0.317377,0.333691,0.350147,0.366704,0.383338,0.399999,0.416671,0.433295,0.449862,0.466307,0.482632,0.498768,0.514726,0.530435,0.545919,0.561106,0.576030,0.590623,0.604925,0.618873,0.632516,0.645795,0.658763,0.671369,0.683669,0.695618,0.707274,0.718597,0.729649,0.740395,0.750895,0.761125,0.771143,0.780933,0.790554,0.800000,1.000000,0.986255,0.972642,0.959141,0.945816,0.932646,0.919698,0.906947,0.894465,0.882224,0.870304,0.858673,0.847418,0.836505,0.826026,0.815946,0.806360,0.797231,0.788659,0.780602,0.773164,0.766297,0.760108,0.754541,0.749704,0.745531,0.742130,0.739429,0.737528,0.736349,0.735984,0.736350,0.737529,0.739432,0.742131,0.745536,0.749705,0.754548,0.760111,0.766306,0.773167,0.780612,0.788662,0.797241,0.806362,0.815956,0.826027,0.836516,0.847418,0.858684,0.870303,0.882235,0.894464,0.906958,0.919697,0.932659,0.945816,0.959154,0.972642,0.986269,1.000000
8.1000,-0.000000,0.009453,0.019111,0.028977,0.039076,0.049412,0.060006,0.070856,0.081987,0.093394,0.105099,0.117096,0.129406,0.142021,0.154961,0.168211,0.181792,0.195685,0.209904,0.224427,0.239261,0.254381,0.269783,0.285439,0.301334,0.317439,0.333725,0.350162,0.366708,0.383339,0.400000,0.416672,0.433291,0.449849,0.466275,0.482571,0.498666,0.514571,0.530217,0.545629,0.560739,0.575583,0.590096,0.604324,0.618207,0.631797,0.645039,0.657987,0.670593,0.682912,0.694901,0.706614,0.718012,0.729152,0.739994,0.750596,0.760924,0.771030,0.780889,0.790554,0.800000,1.000000,0.986256,0.972672,0.959221,0.945963,0.932870,0.920004,0.907334,0.894930,0.882759,0.870895,0.859306,0.848072,0.837160,0.826656,0.816528,0.806867,0.797640,0.788946,0.780747,0.773151,0.766114,0.759749,0.754005,0.748998,0.744668,0.741129,0.738314,0.736329,0.735097,0.734714,0.735097,0.736328,0.738316,0.741129,0.744672,0.748997,0.754010,0.759748,0.766120,0.773151,0.780754,0.788945,0.797648,0.806867,0.816537,0.826657,0.837171,0.848073,0.859318,0.870896,0.882771,0.894930,0.907347,0.920004,0.932883,0.945964,0.959235,0.972673,0.986269,1.000000
8.2000,-0.000000,0.009452,0.019071,0.028871,0.038889,0.049133,0.059633,0.070393,0.081443,0.092779,0.104431,0.116390,0.128682,0.141295,0.154253,0.167539,0.181169,0.195122,0.209410,0.224007,0.238916,0.254109,0.269578,0.285294,0.301238,0.317382,0.333695,0.350150,0.366705,0.383340,0.400001,0.416673,0.433296,0.449863,0.466307,0.482630,0.498763,0.514718,0.530424,0.545904,0.561086,0.576005,0.590593,0.604890,0.618833,0.632472,0.645748,0.658714,0.671319,0.683620,0.695570,0.707229,0.718557,0.729615,0.740367,0.750874,0.761112,0.771135,0.780929,0.790554,0.800000,1.000000,0.986256,0.972644,0.959146,0.945826,0.932661,0.919718,0.906972,0.894496,0.882259,0.870342,0.858715,0.847461,0.836547,0.826067,0.815983,0.806392,0.797257,0.788677,0.780611,0.773163,0.766286,0.760085,0.754507,0.749658,0.745476,0.742066,0.739358,0.737451,0.736269,0.735902,0.736270,0.737451,0.739360,0.742065,0.745479,0.749656,0.754510,0.760083,0.766289,0.773160,0.780615,0.788674,0.797262,0.806390,0.815990,0.826065,0.836556,0.847460,0.858725,0.870342,0.882271,0.894495,0.906984,0.919718,0.932674,0.945826,0.959159,0.972644,0.986269,1.000000
8.3000,-0.000000,0.009453,0.019101,0.028950,0.039029,0.049342,0.059913,0.070741,0.081851,0.093240,0.104931,0.116917,0.129223,0.141836,0.154780,0.168038,0.181631,0.195538,0.209774,0.224316,0.239170,0.254309,0.269729,0.285401,0.301309,0.317425,0.333717,0.350159,0.366708,0.383340,0.400000,0.416672,0.433293,0.449853,0.466284,0.482587,0.498691,0.514610,0.530272,0.545701,0.560830,0.575693,0.590226,0.604471,0.618370,0.631971,0.645222,0.658174,0.670779,0.683093,0.695071,0.706771,0.718151,0.729270,0.740089,0.750667,0.760972,0.771057,0.780900,0.790554,0.800000,1.000000,0.986256,0.972666,0.959203,0.945929,0.932818,0.919932,0.907243,0.894821,0.882633,0.870755,0.859156,0.847916,0.837002,0.826504,0.816385,0.806741,0.797536,0.788871,0.780705,0.773148,0.766152,0.759830,0.754129,0.749163,0.744872,0.741367,0.738579,0.736614,0.735395,0.735017,0.735395,0.736614,0.738581,0.741366,0.744875,0.749163,0.754134,0.759830,0.766158,0.773148,0.780713,0.788871,0.797544,0.806741,0.816394,0.826503,0.837011,0.847914,0.859165,0.870753,0.882643,0.894819,0.907254,0.919931,0.932829,0.945928,0.959215,0.972665,0.986269,1.000000
8.4000,-0.000000,0.009453,0.019087,0.028913,0.038963,0.049244,0.059780,0.070576,0.081657,0.093020,0.104692,0.116665,0.128964,0.141577,0.154527,0.167798,0.181408,0.195337,0.209598,0.224166,0.239046,0.254211,0.269654,0.285348,0.301273,0.317403,0.333705,0.350154,0.366706,0.383339,0.399999,0.416672,0.433293,0.449857,0.466294,0.482607,0.498726,0.514662,0.530344,0.545798,0.560953,0.575842,0.590401,0.604671,0.618591,0.632210,0.645472,0.658430,0.671035,0.683342,0.695306,0.706986,0.718341,0.729431,0.740219,0.750763,0.761036,0.771093,0.780913,0.790554,0.800000,1.000000,0.986256,0.972656,0.959176,0.945880,0.932744,0.919831,0.907115,0.894665,0.882454,0.870558,0.858944,0.847697,0.836784,0.826293,0.816190,0.806571,0.797399,0.788774,0.780655,0.773150,0.766210,0.759946,0.754304,0.749395,0.745157,0.741698,0.738949,0.737013,0.735812,0.735440,0.735813,0.737013,0.738952,0.741698,0.745161,0.749396,0.754310,0.759948,0.766218,0.773151,0.780664,0.788775,0.797408,0.806572,0.816200,0.826294,0.836795,0.847698,0.858957,0.870559,0.882468,0.894667,0.907128,0.919832,0.932757,0.945881,0.959190,0.972656,0.986269,1.000000
8.5000,-0.000000,0.009453,0.019083,0.028903,0.038945,0.049216,0.059744,0.070531,0.081604,0.092960,0.104627,0.116596,0.128893,0.141506,0.154458,0.167732,0.181347,0.195282,0.209549,0.224124,0.239011,0.254183,0.269633,0.285333,0.301263,0.317397,0.333702,0.350152,0.366705,0.383338,0.399999,0.416672,0.433294,0.449858,0.466297,0.482613,0.498734,0.514676,0.530364,0.545825,0.560987,0.575884,0.590450,0.604726,0.618652,0.632275,0.645541,0.658501,0.671105,0.683410,0.695371,0.707046,0.718394,0.729476,0.740255,0.750790,0.761055,0.771103,0.780917,0.790554,0.800000,1.000000,0.986256,0.972653,0.959169,0.945867,0.932723,0.919803,0.907079,0.894624,0.882406,0.870504,0.858887,0.847638,0.836724,0.826235,0.816137,0.806525,0.797361,0.788747,0.780642,0.773151,0.766227,0.759979,0.754353,0.749460,0.745236,0.741790,0.739052,0.737124,0.735928,0.735557,0.735929,0.737124,0.739055,0.741791,0.745241,0.749460,0.754359,0.759980,0.766234,0.773151,0.780650,0.788748,0.797370,0.806525,0.816147,0.826236,0.836735,0.847639,0.858899,0.870505,0.882419,0.894625,0.907093,0.919804,0.932737,0.945868,0.959182,0.972653,0.986269,1.000000
8.6000,-0.000000,0.009453,0.019104,0.028959,0.039045,0.049365,0.059943,0.070778,0.081894,0.093288,0.104983,0.116972,0.129279,0.141892,0.154833,0.168089,0.181677,0.195580,0.209811,0.224347,0.239195,0.254329,0.269744,0.285412,0.301316,0.317429,0.333719,0.350160,0.366708,0.383340,0.400000,0.416672,0.433293,0.449853,0.466282,0.482583,0.498685,0.514600,0.530258,0.545682,0.560806,0.575663,0.590190,0.604430,0.618324,0.631921,0.645168,0.658119,0.670723,0.683039,0.695019,0.706723,0.718108,0.729233,0.740059,0.750644,0.760956,0.771049,0.780896,0.790554,0.800000,1.000000,0.986256,0.972668,0.959209,0.945940,0.932835,0.919955,0.907272,0.894855,0.882672,0.870798,0.859202,0.847963,0.837049,0.826548,0.816425,0.806776,0.797564,0.788889,0.780714,0.773145,0.766138,0.759803,0.754091,0.749114,0.744812,0.741298,0.738503,0.736533,0.735310,0.734931,0.735311,0.736533,0.738505,0.741298,0.744816,0.749113,0.754096,0.759803,0.766144,0.773145,0.780722,0.788890,0.797572,0.806776,0.816435,0.826548,0.837058,0.847961,0.859211,0.870797,0.882682,0.894853,0.907283,0.919954,0.932846,0.945940,0.959222,0.972668,0.986269,1.000000
8.7000,-0.000000,0.009452,0.019070,0.028869,0.038885,0.049127,0.059625,0.070382,0.081429,0.092763,0.104412,0.116369,0.128660,0.141273,0.154231,0.167516,0.181147,0.195102,0.209392,0.223992,0.238903,0.254099,0.269570,0.285288,0.301235,0.317380,0.333694,0.350150,0.366706,0.383340,0.400001,0.416673,0.433297,0.449864,0.466309,0.482633,0.498767,0.514725,0.530433,0.545914,0.561100,0.576021,0.590611,0.604909,0.618855,0.632495,0.645771,0.658737,0.671342,0.683641,0.695589,0.707246,0.718572,0.729626,0.740376,0.750881,0.761116,0.771138,0.780930,0.790554,0.800000,1.000000,0.986255,0.972644,0.959145,0.945823,0.932657,0.919712,0.906964,0.894485,0.882246,0.870327,0.858698,0.847442,0.836528,0.826047,0.815964,0.806375,0.797241,0.788665,0.780603,0.773161,0.766288,0.760094,0.754522,0.749680,0.745504,0.742099,0.739396,0.737493,0.736313,0.735947,0.736313,0.737492,0.739397,0.742098,0.745505,0.749678,0.754524,0.760092,0.766292,0.773158,0.780607,0.788663,0.797247,0.806372,0.815971,0.826046,0.836537,0.847441,0.858707,0.870326,0.882257,0.894484,0.906976,0.919712,0.932669,0.945823,0.959158,0.972644,0.986269,1.000000
8.8000,-0.000000,0.009453,0.019111,0.028976,0.039075,0.049410,0.060003,0.070852,0.081982,0.093387,0.105091,0.117087,0.129397,0.142010,0.154949,0.168199,0.181780,0.195673,0.209892,0.224416,0.239251,0.254373,0.269777,0.285435,0.301331,0.317437,0.333723,0.350161,0.366708,0.383339,0.400000,0.416672,0.433291,0.449849,0.466276,0.482573,0.498668,0.514576,0.530223,0.545636,0.560748,0.575593,0.590108,0.604336,0.618220,0.631809,0.645050,0.657997,0.670602,0.682920,0.694907,0.706619,0.718016,0.729154,0.739996,0.750597,0.760925,0.771031,0.780889,0.790554,0.800000,1.000000,0.986256,0.972673,0.959221,0.945963,0.932869,0.920002,0.907331,0.894926,0.882754,0.870888,0.859298,0.848063,0.837150,0.826645,0.816516,0.806855,0.797628,0.788935,0.780738,0.773144,0.766111,0.759749,0.754010,0.749007,0.744681,0.741146,0.738334,0.736351,0.735121,0.734739,0.735121,0.736351,0.738337,0.741147,0.744686,0.749007,0.754015,0.759749,0.766117,0.773144,0.780745,0.788934,0.797635,0.806854,0.816525,0.826645,0.837160,0.848064,0.859311,0.870890,0.882767,0.894927,0.907344,0.920002,0.932882,0.945963,0.959234,0.972673,0.986269,1.000000
8.9000,-0.000000,0.009452,0.019071,0.028873,0.038890,0.049135,0.059636,0.070396,0.081445,0.092781,0.104431,0.116389,0.128680,0.141292,0.154249,0.167533,0.181162,0.195115,0.209402,0.224000,0.238909,0.254103,0.269572,0.285289,0.301235,0.317379,0.333692,0.350148,0.366703,0.383338,0.399999,0.416671,0.433294,0.449861,0.466306,0.482629,0.498763,0.514718,0.530425,0.545905,0.561088,0.576008,0.590595,0.604892,0.618835,0.632474,0.645749,0.658715,0.671319,0.683619,0.695569,0.707228,0.718555,0.729613,0.740365,0.750873,0.761110,0.771134,0.780929,0.790554,0.800000,1.000000,0.986256,0.972645,0.959147,0.945827,0.932663,0.919721,0.906974,0.894497,0.882260,0.870342,0.858713,0.847458,0.836543,0.826061,0.815976,0.806384,0.797247,0.788667,0.780601,0.773155,0.766278,0.760080,0.754504,0.749658,0.745479,0.742071,0.739366,0.737461,0.736280,0.735914,0.736281,0.737462,0.739369,0.742073,0.745484,0.749660,0.754511,0.760083,0.766287,0.773158,0.780612,0.788671,0.797258,0.806387,0.815987,0.826064,0.836556,0.847460,0.858725,0.870343,0.882272,0.894497,0.906986,0.919720,0.932675,0.945827,0.959160,0.972645,0.986269,1.000000
9.0000,-0.000000,0.009453,0.019102,0.028954,0.039036,0.049352,0.059925,0.070756,0.081869,0.093259,0.104951,0.116938,0.129243,0.141855,0.154797,0.168054,0.181645,0.195550,0.209784,0.224324,0.239176,0.254313,0.269731,0.285402,0.301310,0.317424,0.333716,0.350158,0.366707,0.383339,0.400000,0.416672,0.433292,0.449852,0.466283,0.482585,0.498689,0.514607,0.530268,0.545696,0.560824,0.575684,0.590214,0.604458,0.618354,0.631954,0.645202,0.658152,0.670757,0.683070,0.695049,0.706749,0.718131,0.729252,0.740075,0.750656,0.760964,0.771052,0.780898,0.790554,0.800000,1.000000,0.986256,0.972667,0.959205,0.945934,0.932825,0.919942,0.907255,0.894835,0.882648,0.870771,0.859172,0.847932,0.837018,0.826517,0.816396,0.806750,0.797542,0.788873,0.780704,0.773142,0.766142,0.759817,0.754112,0.749144,0.744850,0.741343,0.738555,0.736589,0.735369,0.734991,0.735370,0.736589,0.738558,0.741344,0.744855,0.749145,0.754118,0.759817,0.766149,0.773142,0.780712,0.788874,0.797551,0.806751,0.816406,0.826518,0.837029,0.847933,0.859184,0.870772,0.882660,0.894834,0.907268,0.919942,0.932838,0.945934,0.959219,0.972667,0.986269,1.000000
9.1000,-0.000000,0.009453,0.019086,0.028910,0.038957,0.049235,0.059769,0.070561,0.081639,0.093000,0.104669,0.116640,0.128938,0.141550,0.154500,0.167771,0.181383,0.195314,0.209577,0.224148,0.239031,0.254199,0.269646,0.285342,0.301270,0.317402,0.333705,0.350155,0.366707,0.383340,0.400001,0.416673,0.433295,0.449859,0.466297,0.482612,0.498733,0.514671,0.530357,0.545814,0.560972,0.575864,0.590426,0.604698,0.618620,0.632240,0.645502,0.658461,0.671064,0.683369,0.695332,0.707009,0.718361,0.729447,0.740231,0.750773,0.761042,0.771097,0.780914,0.790554,0.800000,1.000000,0.986256,0.972655,0.959174,0.945876,0.932737,0.919822,0.907103,0.894651,0.882437,0.870538,0.858923,0.847674,0.836760,0.826269,0.816167,0.806550,0.797380,0.788760,0.780647,0.773147,0.766215,0.759959,0.754324,0.749422,0.745192,0.741739,0.738996,0.737063,0.735865,0.735493,0.735865,0.737062,0.738997,0.741738,0.745193,0.749420,0.754326,0.759955,0.766218,0.773144,0.780651,0.788757,0.797386,0.806547,0.816173,0.826266,0.836768,0.847673,0.858933,0.870538,0.882449,0.894651,0.907115,0.919822,0.932750,0.945876,0.959187,0.972655,0.986269,1.000000
9.2000,-0.000000,0.009453,0.019085,0.028910,0.038957,0.049234,0.059767,0.070559,0.081637,0.092997,0.104666,0.116636,0.128933,0.141545,0.154495,0.167766,0.181378,0.195309,0.209573,0.224144,0.239028,0.254196,0.269643,0.285340,0.301269,0.317400,0.333704,0.350154,0.366707,0.383340,0.400001,0.416673,0.433295,0.449859,0.466297,0.482612,0.498732,0.514672,0.530358,0.545815,0.560973,0.575867,0.590429,0.604702,0.618624,0.632244,0.645507,0.658465,0.671069,0.683375,0.695337,0.707014,0.718366,0.729451,0.740235,0.750775,0.761044,0.771098,0.780915,0.790554,0.800000,1.000000,0.986255,0.972655,0.959173,0.945876,0.932736,0.919820,0.907101,0.894649,0.882435,0.870536,0.858920,0.847671,0.836756,0.826265,0.816163,0.806546,0.797377,0.788756,0.780644,0.773146,0.766214,0.759959,0.754327,0.749426,0.745197,0.741746,0.739003,0.737072,0.735873,0.735502,0.735874,0.737071,0.739005,0.741745,0.745199,0.749425,0.754331,0.759959,0.766220,0.773145,0.780651,0.788756,0.797384,0.806545,0.816170,0.826263,0.836764,0.847669,0.858929,0.870534,0.882445,0.894648,0.907112,0.919819,0.932748,0.945875,0.959186,0.972654,0.986269,1.000000
9.3000,-0.000000,0.009453,0.019102,0.028955,0.039036,0.049353,0.059926,0.070757,0.081870,0.093260,0.104952,0.116939,0.129244,0.141856,0.154798,0.168055,0.181645,0.195550,0.209784,0.224324,0.239175,0.254312,0.269731,0.285402,0.301309,0.317424,0.333716,0.350158,0.366707,0.383339,0.399999,0.416671,0.433292,0.449852,0.466282,0.482585,0.498689,0.514607,0.530268,0.545696,0.560823,0.575684,0.590214,0.604457,0.618354,0.631953,0.645201,0.658151,0.670755,0.683068,0.695047,0.706747,0.718129,0.729250,0.740073,0.750654,0.760963,0.771052,0.780897,0.790554,0.800000,1.000000,0.986256,0.972667,0.959205,0.945934,0.932825,0.919942,0.907256,0.894835,0.882649,0.870772,0.859173,0.847933,0.837018,0.826517,0.816396,0.806749,0.797540,0.788871,0.780702,0.773140,0.766140,0.759814,0.754111,0.749142,0.744850,0.741343,0.738554,0.736589,0.735370,0.734992,0.735371,0.736590,0.738558,0.741344,0.744855,0.749144,0.754118,0.759817,0.766149,0.773142,0.780712,0.788873,0.797551,0.806751,0.816407,0.826519,0.837030,0.847934,0.859186,0.870774,0.882662,0.894837,0.907269,0.919943,0.932839,0.945935,0.959219,0.972667,0.986269,1.000000
9.4000,-0.000000,0.009452,0.019072,0.028874,0.038893,0.049139,0.059640,0.070401,0.081451,0.092787,0.104438,0.116396,0.128687,0.141299,0.154255,0.167539,0.181167,0.195119,0.209406,0.224003,0.238911,0.254104,0.269574,0.285290,0.301235,0.317379,0.333692,0.350148,0.366704,0.383338,0.399999,0.416671,0.433294,0.449861,0.466305,0.482629,0.498762,0.514718,0.530424,0.545903,0.561086,0.576004,0.590591,0.604887,0.618830,0.632468,0.645742,0.658707,0.671310,0.683610,0.695559,0.707218,0.718547,0.729605,0.740358,0.750868,0.761107,0.771132,0.780928,0.790554,0.800000,1.000000,0.986256,0.972645,0.959148,0.945829,0.932666,0.919724,0.906978,0.894502,0.882265,0.870348,0.858719,0.847463,0.836549,0.826066,0.815980,0.806387,0.797249,0.788668,0.780601,0.773153,0.766275,0.760076,0.754498,0.749651,0.745472,0.742063,0.739357,0.737452,0.736271,0.735905,0.736272,0.737453,0.739360,0.742064,0.745476,0.749652,0.754504,0.760077,0.766282,0.773155,0.780610,0.788671,0.797260,0.806389,0.815991,0.826068,0.836561,0.847466,0.858733,0.870350,0.882279,0.894504,0.906992,0.919725,0.932679,0.945830,0.959162,0.972645,0.986269,1.000000
9.5000,-0.000000,0.009453,0.019110,0.028975,0.039073,0.049408,0.059999,0.070847,0.081976,0.093380,0.105082,0.117076,0.129385,0.141997,0.154935,0.168186,0.181766,0.195660,0.209881,0.224407,0.239243,0.254367,0.269772,0.285432,0.301330,0.317437,0.333724,0.350162,0.366709,0.383340,0.400000,0.416673,0.433292,0.449850,0.466278,0.482575,0.498672,0.514580,0.530229,0.545645,0.560758,0.575604,0.590120,0.604350,0.618235,0.631825,0.645066,0.658013,0.670617,0.682934,0.694919,0.706631,0.718026,0.729163,0.740003,0.750602,0.760928,0.771033,0.780890,0.790554,0.800000,1.000000,0.986256,0.972672,0.959220,0.945962,0.932867,0.919999,0.907327,0.894921,0.882747,0.870881,0.859289,0.848052,0.837138,0.826633,0.816503,0.806843,0.797617,0.788926,0.780731,0.773141,0.766111,0.759754,0.754019,0.749020,0.744698,0.741167,0.738357,0.736376,0.735147,0.734766,0.735148,0.736377,0.738360,0.741167,0.744702,0.749020,0.754024,0.759754,0.766118,0.773141,0.780739,0.788926,0.797625,0.806842,0.816512,0.826632,0.837147,0.848052,0.859299,0.870880,0.882757,0.894919,0.907338,0.919997,0.932878,0.945961,0.959233,0.972672,0.986269,1.000000
9.6000,-0.000000,0.009452,0.019071,0.028873,0.038891,0.049136,0.059637,0.070398,0.081448,0.092783,0.104434,0.116392,0.128683,0.141295,0.154251,0.167535,0.181164,0.195116,0.209404,0.224001,0.238910,0.254104,0.269574,0.285291,0.301236,0.317381,0.333694,0.350150,0.366706,0.383340,0.400001,0.416673,0.433296,0.449863,0.466308,0.482632,0.498766,0.514722,0.530429,0.545910,0.561092,0.576012,0.590600,0.604896,0.618840,0.632477,0.645751,0.658716,0.671320,0.683619,0.695568,0.707227,0.718554,0.729611,0.740363,0.750872,0.761109,0.771134,0.780929,0.790554,0.800000,1.000000,0.986256,0.972645,0.959148,0.945828,0.932664,0.919722,0.906976,0.894499,0.882263,0.870345,0.858716,0.847460,0.836546,0.826063,0.815977,0.806385,0.797248,0.788668,0.780602,0.773155,0.766279,0.760080,0.754505,0.749659,0.745481,0.742074,0.739368,0.737463,0.736283,0.735917,0.736283,0.737463,0.739370,0.742073,0.745483,0.749657,0.754507,0.760077,0.766281,0.773151,0.780605,0.788664,0.797252,0.806381,0.815983,0.826060,0.836553,0.847458,0.858725,0.870343,0.882273,0.894498,0.906987,0.919721,0.932676,0.945827,0.959160,0.972645,0.986269,1.000000
9.7000,-0.000000,0.009453,0.019103,0.028957,0.039041,0.049359,0.059934,0.070767,0.081882,0.093273,0.104966,0.116954,0.129259,0.141872,0.154813,0.168069,0.181658,0.195562,0.209795,0.224333,0.239183,0.254318,0.269735,0.285405,0.301312,0.317426,0.333717,0.350159,0.366707,0.383339,0.400000,0.416672,0.433293,0.449853,0.466283,0.482585,0.498689,0.514605,0.530265,0.545692,0.560817,0.575676,0.590205,0.604447,0.618341,0.631940,0.645186,0.658136,0.670740,0.683053,0.695032,0.706734,0.718117,0.729240,0.740065,0.750648,0.760959,0.771049,0.780896,0.790554,0.800000,1.000000,0.986256,0.972667,0.959207,0.945937,0.932830,0.919949,0.907264,0.894845,0.882660,0.870784,0.859186,0.847946,0.837031,0.826530,0.816408,0.806760,0.797549,0.788878,0.780706,0.773141,0.766138,0.759809,0.754102,0.749130,0.744834,0.741326,0.738535,0.736568,0.735348,0.734970,0.735349,0.736568,0.738537,0.741324,0.744837,0.749128,0.754105,0.759807,0.766143,0.773140,0.780713,0.788877,0.797557,0.806759,0.816417,0.826530,0.837042,0.847947,0.859198,0.870785,0.882673,0.894846,0.907277,0.919950,0.932844,0.945938,0.959221,0.972668,0.986269,1.000000
9.8000,-0.000000,0.009453,0.019084,0.028907,0.038951,0.049225,0.059756,0.070545,0.081621,0.092978,0.104645,0.116614,0.128910,0.141522,0.154471,0.167743,0.181356,0.195289,0.209555,0.224128,0.239014,0.254185,0.269634,0.285333,0.301264,0.317397,0.333701,0.350152,0.366704,0.383338,0.399999,0.416671,0.433293,0.449857,0.466296,0.482612,0.498734,0.514674,0.530362,0.545821,0.560982,0.575877,0.590442,0.604717,0.618641,0.632263,0.645526,0.658485,0.671089,0.683393,0.695354,0.707029,0.718379,0.729463,0.740244,0.750782,0.761049,0.771100,0.780916,0.790554,0.800000,1.000000,0.986256,0.972654,0.959171,0.945872,0.932730,0.919812,0.907091,0.894637,0.882420,0.870518,0.858901,0.847651,0.836735,0.826244,0.816143,0.806528,0.797362,0.788745,0.780636,0.773143,0.766216,0.759966,0.754339,0.749444,0.745220,0.741773,0.739035,0.737106,0.735910,0.735539,0.735911,0.737107,0.739038,0.741775,0.745226,0.749447,0.754348,0.759970,0.766226,0.773147,0.780648,0.788749,0.797373,0.806531,0.816155,0.826247,0.836747,0.847652,0.858913,0.870519,0.882432,0.894637,0.907103,0.919812,0.932743,0.945872,0.959185,0.972654,0.986269,1.000000
9.9000,-0.000000,0.009453,0.019087,0.028915,0.038966,0.049248,0.059785,0.070581,0.081663,0.093026,0.104697,0.116669,0.128966,0.141578,0.154526,0.167796,0.181405,0.195333,0.209593,0.224162,0.239042,0.254207,0.269651,0.285345,0.301271,0.317401,0.333704,0.350153,0.366705,0.383338,0.399999,0.416671,0.433293,0.449857,0.466294,0.482608,0.498726,0.514663,0.530347,0.545802,0.560957,0.575847,0.590405,0.604675,0.618594,0.632212,0.645473,0.658430,0.671033,0.683339,0.695303,0.706983,0.718337,0.729427,0.740215,0.750761,0.761034,0.771092,0.780913,0.790554,0.800000,1.000000,0.986255,0.972656,0.959177,0.945883,0.932747,0.919835,0.907119,0.894670,0.882458,0.870561,0.858947,0.847698,0.836783,0.826290,0.816186,0.806566,0.797392,0.788767,0.780648,0.773143,0.766204,0.759941,0.754301,0.749394,0.745158,0.741701,0.738954,0.737019,0.735819,0.735448,0.735821,0.737020,0.738958,0.741703,0.745164,0.749396,0.754308,0.759943,0.766212,0.773144,0.780656,0.788767,0.797400,0.806566,0.816195,0.826291,0.836793,0.847698,0.858958,0.870561,0.882470,0.894670,0.907130,0.919834,0.932759,0.945882,0.959190,0.972656,0.986269,1.000000
10.0000,-0.000000,0.009453,0.019101,0.028950,0.039029,0.049341,0.059910,0.070737,0.081846,0.093233,0.104922,0.116907,0.129211,0.141824,0.154766,0.168025,0.181617,0.195525,0.209762,0.224306,0.239160,0.254301,0.269723,0.285397,0.301306,0.317423,0.333717,0.350160,0.366709,0.383340,0.400001,0.416673,0.433294,0.449855,0.466286,0.482590,0.498697,0.514616,0.530281,0.545713,0.560843,0.575707,0.590241,0.604487,0.618385,0.631986,0.645235,0.658186,0.670789,0.683102,0.695078,0.706776,0.718155,0.729272,0.740090,0.750667,0.760971,0.771057,0.780899,0.790554,0.800000,1.000000,0.986256,0.972665,0.959202,0.945928,0.932817,0.919930,0.907240,0.894816,0.882627,0.870747,0.859147,0.847905,0.836990,0.826491,0.816371,0.806728,0.797523,0.788859,0.780696,0.773142,0.766149,0.759831,0.754136,0.749175,0.744889,0.741389,0.738605,0.736643,0.735425,0.735048,0.735426,0.736642,0.738606,0.741387,0.744890,0.749172,0.754137,0.759828,0.766152,0.773137,0.780700,0.788856,0.797529,0.806725,0.816379,0.826489,0.837000,0.847904,0.859157,0.870747,0.882638,0.894816,0.907252,0.919930,0.932829,0.945928,0.959216,0.972666,0.986269,1.000000
10.1000,-0.000000,0.009452,0.019073,0.028878,0.038901,0.049151,0.059656,0.070421,0.081475,0.092814,0.104466,0.116426,0.128718,0.141330,0.154285,0.167567,0.181193,0.195143,0.209427,0.224020,0.238926,0.254116,0.269583,0.285298,0.301240,0.317383,0.333695,0.350150,0.366706,0.383340,0.400001,0.416673,0.433296,0.449863,0.466306,0.482629,0.498761,0.514715,0.530419,0.545896,0.561075,0.575991,0.590575,0.604868,0.618809,0.632444,0.645717,0.658681,0.671284,0.683584,0.695535,0.707196,0.718527,0.729588,0.740345,0.750857,0.761100,0.771128,0.780927,0.790554,0.800000,1.000000,0.986256,0.972646,0.959151,0.945835,0.932674,0.919736,0.906994,0.894520,0.882287,0.870371,0.858744,0.847489,0.836575,0.826091,0.816003,0.806407,0.797265,0.788679,0.780606,0.773152,0.766269,0.760063,0.754480,0.749627,0.745441,0.742029,0.739319,0.737410,0.736227,0.735860,0.736227,0.737409,0.739319,0.742027,0.745443,0.749625,0.754483,0.760061,0.766273,0.773151,0.780612,0.788678,0.797272,0.806405,0.816010,0.826089,0.836583,0.847488,0.858753,0.870370,0.882297,0.894519,0.907005,0.919735,0.932686,0.945835,0.959164,0.972646,0.986269,1.000000
10.2000,-0.000000,0.009453,0.019109,0.028973,0.039069,0.049400,0.059989,0.070836,0.081962,0.093364,0.105066,0.117059,0.129367,0.141980,0.154918,0.168169,0.181751,0.195646,0.209868,0.224395,0.239234,0.254358,0.269765,0.285427,0.301326,0.317434,0.333721,0.350160,0.366708,0.383339,0.399999,0.416671,0.433291,0.449850,0.466277,0.482575,0.498672,0.514582,0.530232,0.545649,0.560764,0.575613,0.590130,0.604362,0.618248,0.631839,0.645081,0.658029,0.670632,0.682949,0.694934,0.706644,0.718037,0.729172,0.740010,0.750607,0.760931,0.771034,0.780890,0.790554,0.800000,1.000000,0.986256,0.972672,0.959219,0.945958,0.932861,0.919991,0.907318,0.894910,0.882735,0.870867,0.859275,0.848038,0.837123,0.826618,0.816489,0.806831,0.797606,0.788918,0.780726,0.773139,0.766113,0.759759,0.754028,0.749033,0.744715,0.741187,0.738381,0.736402,0.735174,0.734793,0.735175,0.736402,0.738384,0.741188,0.744721,0.749035,0.754036,0.759762,0.766122,0.773142,0.780736,0.788920,0.797616,0.806832,0.816499,0.826619,0.837133,0.848037,0.859285,0.870867,0.882746,0.894910,0.907331,0.919992,0.932874,0.945958,0.959232,0.972672,0.986269,1.000000
10.3000,-0.000000,0.009452,0.019071,0.028873,0.038892,0.049137,0.059638,0.070399,0.081448,0.092784,0.104434,0.116392,0.128683,0.141295,0.154251,0.167534,0.181163,0.195115,0.209402,0.224000,0.238909,0.254102,0.269572,0.285290,0.301235,0.317379,0.333692,0.350148,0.366704,0.383338,0.399999,0.416671,0.433294,0.449861,0.466306,0.482630,0.498763,0.514719,0.530425,0.545905,0.561089,0.576008,0.590595,0.604891,0.618835,0.632472,0.645747,0.658711,0.671315,0.683614,0.695563,0.707222,0.718549,0.729607,0.740361,0.750869,0.761108,0.771133,0.780928,0.790554,0.800000,1.000000,0.986255,0.972645,0.959147,0.945828,0.932664,0.919722,0.906977,0.894500,0.882263,0.870345,0.858716,0.847460,0.836545,0.826062,0.815976,0.806383,0.797246,0.788666,0.780600,0.773153,0.766276,0.760078,0.754502,0.749656,0.745477,0.742070,0.739364,0.737459,0.736279,0.735913,0.736279,0.737459,0.739366,0.742070,0.745481,0.749657,0.754508,0.760079,0.766284,0.773155,0.780609,0.788669,0.797257,0.806386,0.815988,0.826065,0.836558,0.847462,0.858729,0.870347,0.882277,0.894502,0.906990,0.919724,0.932678,0.945829,0.959161,0.972645,0.986269,1.000000
10.4000,-0.000000,0.009453,0.019104,0.028959,0.039044,0.049364,0.059941,0.070775,0.081891,0.093284,0.104978,0.116966,0.129272,0.141884,0.154825,0.168081,0.181669,0.195572,0.209804,0.224341,0.239189,0.254324,0.269740,0.285409,0.301314,0.317427,0.333719,0.350160,0.366708,0.383340,0.400000,0.416673,0.433293,0.449853,0.466282,0.482585,0.498687,0.514603,0.530262,0.545688,0.560812,0.575670,0.590198,0.604438,0.618332,0.631929,0.645175,0.658125,0.670729,0.683043,0.695022,0.706725,0.718109,0.729233,0.740059,0.750644,0.760956,0.771049,0.780896,0.790554,0.800000,1.000000,0.986256,0.972668,0.959208,0.945940,0.932834,0.919954,0.907270,0.894852,0.882669,0.870794,0.859196,0.847956,0.837042,0.826540,0.816417,0.806768,0.797555,0.788882,0.780708,0.773141,0.766135,0.759803,0.754093,0.749119,0.744820,0.741309,0.738517,0.736548,0.735327,0.734948,0.735328,0.736548,0.738519,0.741309,0.744824,0.749118,0.754097,0.759802,0.766140,0.773140,0.780715,0.788882,0.797563,0.806767,0.816426,0.826540,0.837052,0.847956,0.859207,0.870793,0.882680,0.894852,0.907282,0.919954,0.932846,0.945940,0.959221,0.972668,0.986269,1.000000
10.5000,-0.000000,0.009453,0.019083,0.028903,0.038945,0.049216,0.059744,0.070530,0.081603,0.092958,0.104624,0.116592,0.128888,0.141500,0.154451,0.167725,0.181339,0.195274,0.209542,0.224119,0.239007,0.254180,0.269631,0.285331,0.301263,0.317397,0.333702,0.350153,0.366707,0.383340,0.400001,0.416673,0.433295,0.449860,0.466299,0.482616,0.498739,0.514681,0.530371,0.545833,0.560996,0.575894,0.590461,0.604738,0.618664,0.632287,0.645552,0.658512,0.671115,0.683419,0.695378,0.707052,0.718399,0.729479,0.740258,0.750793,0.761057,0.771104,0.780917,0.790554,0.800000,1.000000,0.986256,0.972653,0.959169,0.945867,0.932724,0.919803,0.907079,0.894623,0.882404,0.870501,0.858883,0.847633,0.836718,0.826228,0.816129,0.806517,0.797354,0.788741,0.780637,0.773148,0.766226,0.759981,0.754358,0.749468,0.745248,0.741805,0.739070,0.737144,0.735949,0.735579,0.735950,0.737143,0.739072,0.741805,0.745251,0.749468,0.754363,0.759980,0.766230,0.773145,0.780641,0.788738,0.797359,0.806514,0.816136,0.826226,0.836725,0.847630,0.858892,0.870499,0.882414,0.894621,0.907090,0.919802,0.932735,0.945866,0.959181,0.972653,0.986269,1.000000
10.6000,-0.000000,0.009453,0.019089,0.028919,0.038973,0.049259,0.059800,0.070600,0.081685,0.093051,0.104725,0.116699,0.128998,0.141610,0.154558,0.167826,0.181433,0.195359,0.209616,0.224181,0.239058,0.254220,0.269661,0.285353,0.301277,0.317405,0.333706,0.350154,0.366706,0.383339,0.400000,0.416672,0.433294,0.449857,0.466294,0.482606,0.498722,0.514658,0.530339,0.545790,0.560942,0.575828,0.590384,0.604650,0.618567,0.632183,0.645442,0.658399,0.671002,0.683309,0.695275,0.706956,0.718315,0.729408,0.740200,0.750749,0.761027,0.771088,0.780911,0.790554,0.800000,1.000000,0.986256,0.972657,0.959180,0.945888,0.932755,0.919846,0.907133,0.894688,0.882479,0.870584,0.858972,0.847725,0.836810,0.826317,0.816210,0.806587,0.797410,0.788779,0.780655,0.773144,0.766199,0.759929,0.754281,0.749366,0.745124,0.741661,0.738909,0.736970,0.735767,0.735395,0.735768,0.736970,0.738910,0.741660,0.745127,0.749366,0.754286,0.759928,0.766204,0.773144,0.780663,0.788780,0.797418,0.806588,0.816220,0.826317,0.836820,0.847725,0.858983,0.870585,0.882492,0.894688,0.907146,0.919846,0.932768,0.945888,0.959193,0.972657,0.986269,1.000000
10.7000,-0.000000,0.009453,0.019099,0.028945,0.039019,0.049327,0.059892,0.070714,0.081819,0.093203,0.104890,0.116873,0.129176,0.141788,0.154732,0.167991,0.181586,0.195497,0.209737,0.224284,0.239143,0.254287,0.269711,0.285388,0.301300,0.317419,0.333713,0.350157,0.366706,0.383338,0.399999,0.416671,0.433292,0.449853,0.466285,0.482590,0.498698,0.514620,0.530287,0.545721,0.560855,0.575722,0.590260,0.604509,0.618411,0.632015,0.645266,0.658218,0.670822,0.683134,0.695109,0.706804,0.718179,0.729292,0.740107,0.750679,0.760979,0.771062,0.780901,0.790554,0.800000,1.000000,0.986256,0.972664,0.959199,0.945922,0.932807,0.919916,0.907223,0.894795,0.882603,0.870721,0.859118,0.847875,0.836961,0.826462,0.816345,0.806705,0.797504,0.788846,0.780689,0.773141,0.766156,0.759846,0.754157,0.749203,0.744924,0.741429,0.738650,0.736692,0.735477,0.735100,0.735478,0.736692,0.738653,0.741430,0.744929,0.749204,0.754163,0.759847,0.766164,0.773143,0.780699,0.788848,0.797515,0.806707,0.816356,0.826464,0.836972,0.847876,0.859130,0.870722,0.882615,0.894796,0.907236,0.919917,0.932820,0.945922,0.959212,0.972664,0.986269,1.000000
10.8000,-0.000000,0.009452,0.019075,0.028882,0.038907,0.049160,0.059669,0.070437,0.081494,0.092835,0.104490,0.116451,0.128744,0.141356,0.154311,0.167592,0.181216,0.195164,0.209445,0.224036,0.238939,0.254126,0.269590,0.285302,0.301243,0.317385,0.333695,0.350149,0.366705,0.383339,0.400000,0.416672,0.433295,0.449861,0.466304,0.482625,0.498755,0.514707,0.530408,0.545883,0.561060,0.575973,0.590554,0.604845,0.618783,0.632417,0.645689,0.658653,0.671256,0.683557,0.695510,0.707173,0.718507,0.729571,0.740331,0.750847,0.761093,0.771124,0.780925,0.790554,0.800000,1.000000,0.986256,0.972647,0.959154,0.945840,0.932681,0.919746,0.907006,0.894536,0.882304,0.870391,0.858765,0.847512,0.836597,0.826113,0.816023,0.806425,0.797280,0.788689,0.780611,0.773152,0.766261,0.760048,0.754458,0.749599,0.745408,0.741990,0.739275,0.737364,0.736178,0.735811,0.736179,0.737364,0.739278,0.741990,0.745412,0.749601,0.754465,0.760051,0.766269,0.773153,0.780620,0.788691,0.797289,0.806425,0.816032,0.826113,0.836607,0.847511,0.858776,0.870391,0.882316,0.894536,0.907019,0.919746,0.932695,0.945840,0.959167,0.972647,0.986269,1.000000
10.9000,-0.000000,0.009453,0.019108,0.028970,0.039063,0.049393,0.059979,0.070823,0.081947,0.093348,0.105048,0.117040,0.129349,0.141962,0.154902,0.168154,0.181737,0.195634,0.209858,0.224387,0.239228,0.254354,0.269763,0.285425,0.301326,0.317434,0.333722,0.350162,0.366709,0.383340,0.400001,0.416673,0.433293,0.449851,0.466279,0.482578,0.498676,0.514587,0.530240,0.545658,0.560774,0.575625,0.590144,0.604377,0.618265,0.631857,0.645100,0.658049,0.670653,0.682969,0.694953,0.706662,0.718054,0.729187,0.740022,0.750616,0.760937,0.771038,0.780892,0.790554,0.800000,1.000000,0.986256,0.972671,0.959217,0.945954,0.932856,0.919984,0.907308,0.894898,0.882721,0.870852,0.859259,0.848022,0.837108,0.826605,0.816478,0.806822,0.797600,0.788915,0.780727,0.773143,0.766121,0.759772,0.754044,0.749052,0.744737,0.741211,0.738407,0.736429,0.735202,0.734822,0.735203,0.736429,0.738408,0.741210,0.744740,0.749050,0.754047,0.759769,0.766125,0.773141,0.780732,0.788913,0.797606,0.806819,0.816485,0.826603,0.837117,0.848021,0.859269,0.870851,0.882732,0.894897,0.907319,0.919983,0.932868,0.945954,0.959229,0.972671,0.986269,1.000000
11.0000,-0.000000,0.009452,0.019071,0.028874,0.038892,0.049138,0.059640,0.070401,0.081451,0.092787,0.104439,0.116397,0.128688,0.141301,0.154258,0.167542,0.181170,0.195123,0.209410,0.224006,0.238915,0.254108,0.269577,0.285293,0.301238,0.317382,0.333695,0.350150,0.366705,0.383340,0.400001,0.416673,0.433296,0.449863,0.466307,0.482631,0.498763,0.514719,0.530426,0.545905,0.561087,0.576006,0.590592,0.604889,0.618831,0.632469,0.645743,0.658708,0.671312,0.683612,0.695562,0.707221,0.718549,0.729607,0.740360,0.750869,0.761108,0.771133,0.780928,0.790554,0.800000,1.000000,0.986255,0.972645,0.959148,0.945829,0.932665,0.919723,0.906978,0.894502,0.882266,0.870348,0.858720,0.847465,0.836551,0.826069,0.815983,0.806391,0.797253,0.788672,0.780605,0.773157,0.766279,0.760079,0.754501,0.749652,0.745472,0.742062,0.739355,0.737449,0.736268,0.735901,0.736268,0.737449,0.739357,0.742062,0.745474,0.749651,0.754504,0.760077,0.766283,0.773154,0.780610,0.788670,0.797259,0.806389,0.815991,0.826068,0.836561,0.847465,0.858731,0.870349,0.882278,0.894502,0.906990,0.919724,0.932678,0.945829,0.959161,0.972645,0.986269,1.000000
11.1000,-0.000000,0.009453,0.019104,0.028960,0.039045,0.049366,0.059943,0.070779,0.081895,0.093289,0.104984,0.116973,0.129279,0.141892,0.154833,0.168089,0.181677,0.195579,0.209810,0.224346,0.239193,0.254327,0.269742,0.285410,0.301315,0.317428,0.333718,0.350159,0.366707,0.383339,0.399999,0.416672,0.433292,0.449851,0.466280,0.482582,0.498684,0.514599,0.530257,0.545682,0.560805,0.575662,0.590189,0.604429,0.618322,0.631920,0.645166,0.658117,0.670721,0.683036,0.695016,0.706719,0.718105,0.729230,0.740056,0.750642,0.760955,0.771048,0.780896,0.790554,0.800000,1.000000,0.986256,0.972668,0.959209,0.945941,0.932835,0.919956,0.907273,0.894856,0.882673,0.870799,0.859202,0.847963,0.837049,0.826547,0.816424,0.806774,0.797562,0.788887,0.780712,0.773142,0.766135,0.759801,0.754088,0.749112,0.744811,0.741297,0.738502,0.736532,0.735310,0.734931,0.735311,0.736533,0.738506,0.741298,0.744815,0.749113,0.754095,0.759803,0.766143,0.773144,0.780721,0.788889,0.797572,0.806776,0.816435,0.826548,0.837060,0.847964,0.859214,0.870799,0.882685,0.894856,0.907285,0.919956,0.932848,0.945941,0.959222,0.972668,0.986269,1.000000
11.2000,-0.000000,0.009453,0.019081,0.028899,0.038938,0.049206,0.059730,0.070513,0.081583,0.092937,0.104601,0.116568,0.128864,0.141476,0.154428,0.167703,0.181319,0.195257,0.209527,0.224105,0.238996,0.254171,0.269624,0.285326,0.301259,0.317394,0.333700,0.350151,0.366705,0.383338,0.399999,0.416671,0.433293,0.449858,0.466298,0.482615,0.498739,0.514682,0.530374,0.545837,0.561002,0.575902,0.590471,0.604750,0.618678,0.632304,0.645570,0.658531,0.671135,0.683439,0.695399,0.707071,0.718416,0.729494,0.740270,0.750801,0.761062,0.771107,0.780919,0.790554,0.800000,1.000000,0.986256,0.972652,0.959166,0.945862,0.932715,0.919792,0.907066,0.894607,0.882386,0.870482,0.858863,0.847612,0.836698,0.826209,0.816112,0.806502,0.797342,0.788733,0.780633,0.773148,0.766231,0.759991,0.754373,0.749487,0.745270,0.741830,0.739097,0.737173,0.735979,0.735609,0.735980,0.737173,0.739100,0.741831,0.745275,0.749488,0.754379,0.759993,0.766240,0.773151,0.780642,0.788735,0.797352,0.806504,0.816123,0.826211,0.836709,0.847613,0.858875,0.870482,0.882398,0.894607,0.907078,0.919793,0.932729,0.945862,0.959179,0.972652,0.986269,1.000000
11.3000,-0.000000,0.009453,0.019090,0.028922,0.038979,0.049268,0.059813,0.070616,0.081705,0.093074,0.104750,0.116726,0.129026,0.141638,0.154586,0.167853,0.181459,0.195383,0.209638,0.224200,0.239074,0.254233,0.269671,0.285360,0.301281,0.317408,0.333708,0.350155,0.366706,0.383339,0.400000,0.416672,0.433294,0.449856,0.466292,0.482603,0.498719,0.514651,0.530330,0.545778,0.560927,0.575810,0.590363,0.604626,0.618541,0.632155,0.645414,0.658370,0.670974,0.683283,0.695249,0.706934,0.718295,0.729391,0.740187,0.750740,0.761020,0.771084,0.780910,0.790554,0.800000,1.000000,0.986256,0.972658,0.959183,0.945893,0.932762,0.919856,0.907146,0.894704,0.882498,0.870606,0.858995,0.847749,0.836835,0.826341,0.816234,0.806609,0.797429,0.788794,0.780665,0.773147,0.766195,0.759917,0.754262,0.749340,0.745091,0.741622,0.738865,0.736923,0.735718,0.735345,0.735719,0.736923,0.738867,0.741622,0.745094,0.749340,0.754266,0.759916,0.766199,0.773146,0.780671,0.788793,0.797436,0.806608,0.816243,0.826341,0.836845,0.847749,0.859006,0.870606,0.882510,0.894704,0.907159,0.919856,0.932775,0.945893,0.959196,0.972658,0.986269,1.000000
11.4000,-0.000000,0.009453,0.019097,0.028940,0.039011,0.049314,0.059874,0.070693,0.081794,0.093175,0.104860,0.116842,0.129145,0.141758,0.154703,0.167965,0.181562,0.195476,0.209720,0.224270,0.239131,0.254278,0.269706,0.285385,0.301299,0.317419,0.333714,0.350158,0.366708,0.383340,0.400001,0.416673,0.433294,0.449855,0.466288,0.482595,0.498704,0.514628,0.530297,0.545734,0.560872,0.575743,0.590283,0.604536,0.618441,0.632047,0.645300,0.658253,0.670857,0.683168,0.695142,0.706835,0.718207,0.729317,0.740127,0.750695,0.760990,0.771068,0.780903,0.790554,0.800000,1.000000,0.986256,0.972663,0.959195,0.945915,0.932797,0.919903,0.907206,0.894775,0.882580,0.870696,0.859092,0.847849,0.836935,0.826438,0.816324,0.806687,0.797492,0.788839,0.780688,0.773146,0.766168,0.759864,0.754182,0.749234,0.744960,0.741470,0.738695,0.736740,0.735526,0.735150,0.735527,0.736739,0.738696,0.741469,0.744963,0.749232,0.754185,0.759862,0.766172,0.773144,0.780693,0.788836,0.797497,0.806685,0.816331,0.826436,0.836943,0.847848,0.859102,0.870695,0.882591,0.894774,0.907217,0.919902,0.932808,0.945915,0.959208,0.972663,0.986269,1.000000
11.5000,-0.000000,0.009452,0.019076,0.028886,0.038914,0.049170,0.059682,0.070454,0.081513,0.092858,0.104515,0.116478,0.128772,0.141385,0.154339,0.167619,0.181242,0.195187,0.209466,0.224054,0.238954,0.254139,0.269600,0.285310,0.301248,0.317388,0.333697,0.350151,0.366705,0.383339,0.400000,0.416672,0.433295,0.449861,0.466303,0.482623,0.498752,0.514702,0.530400,0.545872,0.561046,0.575956,0.590534,0.604822,0.618758,0.632391,0.645662,0.658625,0.671229,0.683531,0.695485,0.707151,0.718487,0.729555,0.740318,0.750838,0.761087,0.771121,0.780924,0.790554,0.800000,1.000000,0.986256,0.972648,0.959156,0.945844,0.932689,0.919756,0.907019,0.894551,0.882323,0.870412,0.858788,0.847535,0.836621,0.826136,0.816045,0.806445,0.797297,0.788703,0.780620,0.773154,0.766258,0.760038,0.754441,0.749574,0.745376,0.741952,0.739232,0.737317,0.736129,0.735761,0.736130,0.737317,0.739234,0.741952,0.745379,0.749574,0.754446,0.760038,0.766264,0.773155,0.780627,0.788703,0.797305,0.806445,0.816054,0.826135,0.836630,0.847534,0.858798,0.870411,0.882334,0.894551,0.907031,0.919756,0.932702,0.945844,0.959169,0.972648,0.986269,1.000000
11.6000,-0.000000,0.009453,0.019107,0.028965,0.039056,0.049382,0.059965,0.070806,0.081928,0.093327,0.105026,0.117018,0.129326,0.141939,0.154880,0.168134,0.181719,0.195618,0.209843,0.224375,0.239217,0.254346,0.269756,0.285420,0.301322,0.317432,0.333720,0.350160,0.366707,0.383339,0.399999,0.416672,0.433292,0.449850,0.466279,0.482578,0.498677,0.514589,0.530242,0.545662,0.560781,0.575633,0.590155,0.604390,0.618280,0.631874,0.645119,0.658068,0.670673,0.682989,0.694973,0.706680,0.718070,0.729200,0.740033,0.750624,0.760942,0.771041,0.780893,0.790554,0.800000,1.000000,0.986256,0.972669,0.959213,0.945948,0.932847,0.919973,0.907295,0.894882,0.882704,0.870834,0.859240,0.848003,0.837090,0.826587,0.816462,0.806808,0.797589,0.788907,0.780723,0.773144,0.766125,0.759780,0.754057,0.749069,0.744758,0.741235,0.738433,0.736458,0.735232,0.734852,0.735233,0.736458,0.738436,0.741236,0.744762,0.749070,0.754063,0.759782,0.766134,0.773146,0.780733,0.788910,0.797599,0.806810,0.816473,0.826589,0.837101,0.848004,0.859253,0.870836,0.882717,0.894884,0.907309,0.919974,0.932862,0.945950,0.959227,0.972670,0.986269,1.000000
11.7000,-0.000000,0.009452,0.019072,0.028874,0.038893,0.049139,0.059641,0.070403,0.081454,0.092791,0.104443,0.116402,0.128694,0.141307,0.154264,0.167548,0.181176,0.195128,0.209415,0.224010,0.238918,0.254110,0.269578,0.285294,0.301238,0.317381,0.333694,0.350149,0.366704,0.383339,0.400000,0.416672,0.433295,0.449861,0.466305,0.482628,0.498761,0.514716,0.530420,0.545899,0.561081,0.575998,0.590584,0.604880,0.618822,0.632460,0.645734,0.658700,0.671304,0.683605,0.695556,0.707216,0.718545,0.729604,0.740358,0.750868,0.761107,0.771132,0.780928,0.790554,0.800000,1.000000,0.986255,0.972645,0.959148,0.945829,0.932666,0.919725,0.906980,0.894504,0.882269,0.870352,0.858725,0.847470,0.836557,0.826074,0.815989,0.806396,0.797258,0.788676,0.780608,0.773157,0.766277,0.760075,0.754495,0.749644,0.745462,0.742051,0.739342,0.737435,0.736253,0.735887,0.736253,0.737435,0.739344,0.742051,0.745466,0.749645,0.754500,0.760076,0.766284,0.773159,0.780616,0.788678,0.797268,0.806398,0.815999,0.826076,0.836568,0.847472,0.858737,0.870354,0.882281,0.894505,0.906993,0.919725,0.932679,0.945830,0.959162,0.972645,0.986269,1.000000
11.8000,-0.000000,0.009453,0.019105,0.028960,0.039046,0.049367,0.059946,0.070781,0.081899,0.093293,0.104988,0.116978,0.129285,0.141898,0.154840,0.168095,0.181683,0.195586,0.209816,0.224352,0.239199,0.254332,0.269746,0.285414,0.301318,0.317430,0.333720,0.350160,0.366708,0.383340,0.400000,0.416673,0.433293,0.449852,0.466282,0.482582,0.498683,0.514599,0.530255,0.545680,0.560802,0.575659,0.590185,0.604425,0.618318,0.631915,0.645162,0.658112,0.670717,0.683032,0.695013,0.706717,0.718103,0.729229,0.740056,0.750642,0.760955,0.771048,0.780896,0.790554,0.800000,1.000000,0.986256,0.972668,0.959209,0.945941,0.932837,0.919958,0.907275,0.894859,0.882676,0.870803,0.859207,0.847968,0.837055,0.826554,0.816431,0.806781,0.797568,0.788893,0.780717,0.773147,0.766138,0.759802,0.754087,0.749108,0.744805,0.741289,0.738493,0.736522,0.735299,0.734920,0.735300,0.736522,0.738496,0.741289,0.744809,0.749108,0.754092,0.759801,0.766143,0.773146,0.780724,0.788892,0.797575,0.806780,0.816439,0.826552,0.837064,0.847967,0.859217,0.870802,0.882687,0.894857,0.907286,0.919956,0.932848,0.945941,0.959222,0.972668,0.986269,1.000000
11.9000,-0.000000,0.009453,0.019080,0.028896,0.038932,0.049198,0.059720,0.070501,0.081569,0.092921,0.104584,0.116550,0.128846,0.141459,0.154412,0.167689,0.181307,0.195246,0.209518,0.224099,0.238991,0.254168,0.269622,0.285325,0.301259,0.317395,0.333701,0.350153,0.366707,0.383340,0.400001,0.416673,0.433295,0.449860,0.466301,0.482618,0.498742,0.514687,0.530380,0.545845,0.561011,0.575914,0.590485,0.604765,0.618695,0.632322,0.645589,0.658551,0.671155,0.683459,0.695417,0.707088,0.718432,0.729508,0.740281,0.750810,0.761068,0.771111,0.780920,0.790554,0.800000,1.000000,0.986256,0.972651,0.959164,0.945858,0.932710,0.919785,0.907056,0.894596,0.882374,0.870468,0.858849,0.847598,0.836684,0.826197,0.816102,0.806495,0.797338,0.788732,0.780636,0.773155,0.766241,0.760004,0.754390,0.749506,0.745292,0.741854,0.739123,0.737199,0.736007,0.735637,0.736007,0.737199,0.739125,0.741854,0.745295,0.749505,0.754392,0.760002,0.766244,0.773151,0.780640,0.788729,0.797343,0.806493,0.816109,0.826196,0.836693,0.847597,0.858859,0.870468,0.882385,0.894595,0.907068,0.919784,0.932722,0.945858,0.959177,0.972651,0.986269,1.000000
12.0000,-0.000000,0.009453,0.019091,0.028926,0.038986,0.049277,0.059825,0.070632,0.081723,0.093095,0.104773,0.116750,0.129051,0.141664,0.154611,0.167878,0.181482,0.195404,0.209656,0.224216,0.239087,0.254243,0.269678,0.285365,0.301285,0.317410,0.333709,0.350155,0.366706,0.383339,0.399999,0.416672,0.433293,0.449855,0.466291,0.482600,0.498715,0.514645,0.530321,0.545766,0.560912,0.575793,0.590342,0.604604,0.618516,0.632129,0.645387,0.658343,0.670947,0.683257,0.695226,0.706913,0.718276,0.729376,0.740174,0.750730,0.761014,0.771081,0.780909,0.790554,0.800000,1.000000,0.986256,0.972659,0.959185,0.945897,0.932769,0.919865,0.907158,0.894718,0.882515,0.870624,0.859016,0.847770,0.836856,0.826363,0.816254,0.806627,0.797443,0.788805,0.780671,0.773148,0.766189,0.759905,0.754244,0.749315,0.745060,0.741586,0.738824,0.736879,0.735672,0.735298,0.735673,0.736879,0.738827,0.741586,0.745064,0.749316,0.754249,0.759906,0.766196,0.773148,0.780679,0.788806,0.797453,0.806628,0.816265,0.826364,0.836868,0.847772,0.859027,0.870625,0.882527,0.894719,0.907171,0.919865,0.932782,0.945897,0.959198,0.972659,0.986269,1.000000
12.1000,-0.000000,0.009453,0.019095,0.028935,0.039001,0.049300,0.059856,0.070671,0.081769,0.093146,0.104829,0.116809,0.129112,0.141725,0.154671,0.167934,0.181534,0.195451,0.209697,0.224250,0.239115,0.254265,0.269695,0.285377,0.301292,0.317414,0.333710,0.350155,0.366706,0.383338,0.399999,0.416671,0.433292,0.449854,0.466287,0.482595,0.498705,0.514631,0.530302,0.545742,0.560882,0.575756,0.590300,0.604556,0.618464,0.632073,0.645328,0.658283,0.670887,0.683198,0.695170,0.706861,0.718231,0.729337,0.740143,0.750707,0.760999,0.771072,0.780905,0.790554,0.800000,1.000000,0.986256,0.972661,0.959191,0.945908,0.932786,0.919889,0.907189,0.894755,0.882557,0.870671,0.859065,0.847822,0.836908,0.826412,0.816300,0.806667,0.797475,0.788827,0.780682,0.773146,0.766174,0.759877,0.754202,0.749261,0.744993,0.741508,0.738737,0.736785,0.735574,0.735199,0.735575,0.736786,0.738741,0.741509,0.744998,0.749263,0.754210,0.759880,0.766184,0.773149,0.780692,0.788830,0.797486,0.806669,0.816311,0.826414,0.836919,0.847823,0.859077,0.870671,0.882569,0.894755,0.907201,0.919889,0.932799,0.945909,0.959205,0.972661,0.986269,1.000000
12.2000,-0.000000,0.009452,0.019077,0.028889,0.038920,0.049179,0.059695,0.070470,0.081533,0.092880,0.104540,0.116505,0.128800,0.141413,0.154367,0.167645,0.181267,0.195210,0.209486,0.224071,0.238968,0.254150,0.269609,0.285316,0.301252,0.317390,0.333699,0.350151,0.366705,0.383339,0.400000,0.416672,0.433295,0.449860,0.466302,0.482621,0.498748,0.514695,0.530392,0.545861,0.561032,0.575939,0.590514,0.604800,0.618734,0.632364,0.645634,0.658597,0.671201,0.683504,0.695460,0.707128,0.718467,0.729538,0.740305,0.750828,0.761080,0.771118,0.780923,0.790554,0.800000,1.000000,0.986256,0.972649,0.959158,0.945849,0.932696,0.919766,0.907032,0.894567,0.882341,0.870432,0.858811,0.847559,0.836645,0.826160,0.816067,0.806464,0.797313,0.788714,0.780626,0.773155,0.766252,0.760026,0.754421,0.749548,0.745343,0.741913,0.739189,0.737270,0.736080,0.735711,0.736081,0.737270,0.739191,0.741913,0.745346,0.749548,0.754426,0.760025,0.766258,0.773155,0.780634,0.788714,0.797321,0.806464,0.816075,0.826159,0.836654,0.847558,0.858821,0.870432,0.882352,0.894567,0.907044,0.919766,0.932709,0.945849,0.959172,0.972649,0.986269,1.000000
12.3000,-0.000000,0.009453,0.019105,0.028962,0.039050,0.049373,0.059954,0.070793,0.081913,0.093309,0.105007,0.116998,0.129305,0.141919,0.154860,0.168115,0.181702,0.195603,0.209832,0.224365,0.239210,0.254341,0.269753,0.285419,0.301321,0.317432,0.333721,0.350161,0.366709,0.383340,0.400001,0.416673,0.433293,0.449853,0.466281,0.482582,0.498682,0.514595,0.530250,0.545672,0.560793,0.575647,0.590171,0.604409,0.618300,0.631896,0.645142,0.658092,0.670697,0.683013,0.694995,0.706701,0.718088,0.729216,0.740046,0.750634,0.760950,0.771045,0.780895,0.790554,0.800000,1.000000,0.986256,0.972669,0.959211,0.945944,0.932841,0.919964,0.907285,0.894870,0.882690,0.870818,0.859224,0.847986,0.837073,0.826571,0.816448,0.806796,0.797581,0.788903,0.780723,0.773149,0.766135,0.759794,0.754074,0.749091,0.744783,0.741263,0.738464,0.736490,0.735265,0.734885,0.735265,0.736489,0.738465,0.741261,0.744784,0.749088,0.754077,0.759791,0.766138,0.773146,0.780728,0.788901,0.797587,0.806794,0.816455,0.826569,0.837081,0.847984,0.859233,0.870817,0.882701,0.894870,0.907296,0.919964,0.932854,0.945945,0.959224,0.972669,0.986269,1.000000
12.4000,-0.000000,0.009452,0.019072,0.028875,0.038895,0.049143,0.059646,0.070409,0.081462,0.092800,0.104453,0.116412,0.128705,0.141318,0.154275,0.167559,0.181187,0.195138,0.209423,0.224018,0.238925,0.254115,0.269583,0.285297,0.301240,0.317383,0.333695,0.350150,0.366705,0.383339,0.400000,0.416673,0.433295,0.449862,0.466305,0.482628,0.498760,0.514713,0.530418,0.545896,0.561076,0.575992,0.590578,0.604873,0.618814,0.632451,0.645726,0.658692,0.671296,0.683597,0.695548,0.707209,0.718539,0.729599,0.740355,0.750865,0.761105,0.771132,0.780928,0.790554,0.800000,1.000000,0.986255,0.972645,0.959149,0.945831,0.932669,0.919728,0.906985,0.894510,0.882276,0.870360,0.858734,0.847480,0.836566,0.826084,0.815998,0.806405,0.797266,0.788682,0.780612,0.773159,0.766277,0.760072,0.754489,0.749636,0.745450,0.742037,0.739327,0.737418,0.736235,0.735868,0.736236,0.737418,0.739329,0.742037,0.745454,0.749636,0.754494,0.760072,0.766283,0.773159,0.780618,0.788682,0.797273,0.806404,0.816006,0.826083,0.836575,0.847479,0.858744,0.870360,0.882287,0.894510,0.906997,0.919728,0.932681,0.945831,0.959162,0.972645,0.986269,1.000000
12.5000,-0.000000,0.009453,0.019105,0.028960,0.039046,0.049367,0.059945,0.070781,0.081898,0.093292,0.104988,0.116978,0.129285,0.141899,0.154841,0.168097,0.181685,0.195587,0.209817,0.224353,0.239199,0.254332,0.269746,0.285413,0.301317,0.317428,0.333718,0.350159,0.366707,0.383338,0.399999,0.416671,0.433291,0.449851,0.466280,0.482581,0.498681,0.514596,0.530252,0.545676,0.560799,0.575655,0.590181,0.604420,0.618313,0.631910,0.645157,0.658108,0.670713,0.683029,0.695010,0.706714,0.718101,0.729227,0.740054,0.750640,0.760954,0.771047,0.780895,0.790554,0.800000,1.000000,0.986256,0.972668,0.959209,0.945941,0.932836,0.919957,0.907275,0.894858,0.882676,0.870803,0.859207,0.847969,0.837056,0.826555,0.816432,0.806783,0.797570,0.788895,0.780718,0.773147,0.766137,0.759799,0.754084,0.749104,0.744800,0.741284,0.738487,0.736516,0.735293,0.734914,0.735294,0.736517,0.738491,0.741286,0.744806,0.749106,0.754091,0.759802,0.766145,0.773149,0.780727,0.788897,0.797580,0.806785,0.816444,0.826557,0.837068,0.847971,0.859220,0.870805,0.882689,0.894860,0.907288,0.919958,0.932849,0.945942,0.959223,0.972668,0.986269,1.000000
12.6000,-0.000000,0.009453,0.019079,0.028894,0.038928,0.049191,0.059710,0.070489,0.081555,0.092905,0.104567,0.116533,0.128829,0.141442,0.154396,0.167673,0.181292,0.195233,0.209506,0.224088,0.238982,0.254161,0.269616,0.285321,0.301256,0.317392,0.333699,0.350151,0.366705,0.383338,0.399999,0.416672,0.433294,0.449859,0.466299,0.482618,0.498743,0.514689,0.530382,0.545848,0.561017,0.575920,0.590492,0.604775,0.618706,0.632334,0.645602,0.658565,0.671169,0.683473,0.695431,0.707102,0.718444,0.729518,0.740289,0.750816,0.761072,0.771113,0.780921,0.790554,0.800000,1.000000,0.986256,0.972650,0.959162,0.945855,0.932705,0.919777,0.907046,0.894584,0.882361,0.870454,0.858834,0.847583,0.836670,0.826183,0.816089,0.806483,0.797328,0.788725,0.780632,0.773154,0.766244,0.760011,0.754400,0.749520,0.745309,0.741873,0.739144,0.737222,0.736030,0.735660,0.736030,0.737222,0.739146,0.741873,0.745312,0.749519,0.754405,0.760011,0.766251,0.773155,0.780640,0.788727,0.797338,0.806486,0.816101,0.826186,0.836682,0.847585,0.858847,0.870456,0.882374,0.894585,0.907060,0.919778,0.932718,0.945855,0.959176,0.972650,0.986269,1.000000
12.7000,-0.000000,0.009453,0.019093,0.028930,0.038992,0.049286,0.059838,0.070647,0.081741,0.093116,0.104796,0.116775,0.129077,0.141691,0.154638,0.167903,0.181505,0.195425,0.209675,0.224232,0.239100,0.254254,0.269687,0.285372,0.301290,0.317413,0.333711,0.350156,0.366707,0.383340,0.400001,0.416673,0.433294,0.449856,0.466290,0.482599,0.498711,0.514640,0.530314,0.545757,0.560901,0.575779,0.590327,0.604586,0.618496,0.632108,0.645364,0.658320,0.670925,0.683235,0.695205,0.706894,0.718260,0.729362,0.740163,0.750722,0.761008,0.771077,0.780907,0.790554,0.800000,1.000000,0.986256,0.972660,0.959188,0.945902,0.932776,0.919875,0.907170,0.894733,0.882532,0.870644,0.859037,0.847793,0.836880,0.826385,0.816276,0.806646,0.797459,0.788817,0.780678,0.773150,0.766186,0.759896,0.754229,0.749295,0.745034,0.741555,0.738789,0.736840,0.735631,0.735257,0.735632,0.736840,0.738791,0.741554,0.745037,0.749294,0.754233,0.759895,0.766191,0.773148,0.780684,0.788815,0.797466,0.806644,0.816283,0.826384,0.836888,0.847791,0.859046,0.870642,0.882543,0.894732,0.907182,0.919874,0.932788,0.945901,0.959201,0.972660,0.986269,1.000000
12.8000,-0.000000,0.009453,0.019093,0.028930,0.038994,0.049289,0.059842,0.070652,0.081747,0.093122,0.104802,0.116782,0.129083,0.141697,0.154644,0.167909,0.181511,0.195431,0.209680,0.224236,0.239104,0.254257,0.269689,0.285373,0.301291,0.317414,0.333711,0.350157,0.366708,0.383340,0.400001,0.416673,0.433294,0.449856,0.466290,0.482599,0.498711,0.514639,0.530313,0.545756,0.560899,0.575776,0.590322,0.604581,0.618491,0.632102,0.645359,0.658314,0.670919,0.683229,0.695199,0.706888,0.718255,0.729357,0.740160,0.750719,0.761007,0.771077,0.780907,0.790554,0.800000,1.000000,0.986256,0.972660,0.959188,0.945903,0.932778,0.919878,0.907174,0.894737,0.882537,0.870649,0.859042,0.847798,0.836885,0.826390,0.816281,0.806650,0.797463,0.788820,0.780680,0.773150,0.766184,0.759893,0.754224,0.749289,0.745026,0.741546,0.738780,0.736830,0.735621,0.735246,0.735621,0.736829,0.738781,0.741546,0.745029,0.749288,0.754229,0.759892,0.766189,0.773148,0.780685,0.788817,0.797469,0.806648,0.816288,0.826388,0.836893,0.847796,0.859052,0.870648,0.882547,0.894736,0.907185,0.919877,0.932790,0.945903,0.959201,0.972660,0.986269,1.000000
12.9000,-0.000000,0.009453,0.019079,0.028893,0.038927,0.049190,0.059709,0.070488,0.081553,0.092903,0.104565,0.116531,0.128826,0.141440,0.154393,0.167671,0.181290,0.195231,0.209505,0.224088,0.238982,0.254160,0.269616,0.285321,0.301256,0.317392,0.333699,0.350151,0.366705,0.383339,0.400000,0.416672,0.433294,0.449859,0.466300,0.482618,0.498744,0.514688,0.530383,0.545849,0.561017,0.575921,0.590494,0.604777,0.618708,0.632337,0.645605,0.658568,0.671172,0.683476,0.695434,0.707104,0.718446,0.729520,0.740290,0.750817,0.761073,0.771114,0.780921,0.790554,0.800000,1.000000,0.986256,0.972650,0.959161,0.945854,0.932704,0.919776,0.907046,0.894583,0.882360,0.870453,0.858832,0.847581,0.836668,0.826182,0.816088,0.806483,0.797328,0.788725,0.780633,0.773155,0.766246,0.760013,0.754402,0.749522,0.745311,0.741876,0.739147,0.737225,0.736034,0.735664,0.736034,0.737225,0.739150,0.741876,0.745315,0.749522,0.754407,0.760013,0.766252,0.773155,0.780640,0.788726,0.797337,0.806484,0.816098,0.826183,0.836679,0.847583,0.858845,0.870454,0.882372,0.894584,0.907058,0.919777,0.932717,0.945854,0.959175,0.972650,0.986269,1.000000
13.0000,-0.000000,0.009453,0.019104,0.028959,0.039044,0.049365,0.059942,0.070778,0.081895,0.093289,0.104984,0.116974,0.129281,0.141894,0.154836,0.168092,0.181681,0.195584,0.209814,0.224350,0.239197,0.254330,0.269744,0.285412,0.301316,0.317428,0.333718,0.350159,0.366707,0.383338,0.399999,0.416671,0.433291,0.449850,0.466280,0.482581,0.498682,0.514597,0.530253,0.545677,0.560800,0.575657,0.590184,0.604423,0.618317,0.631915,0.645162,0.658113,0.670718,0.683034,0.695014,0.706719,0.718105,0.729230,0.740057,0.750643,0.760956,0.771048,0.780896,0.790554,0.800000,1.000000,0.986256,0.972668,0.959209,0.945940,0.932835,0.919955,0.907273,0.894856,0.882673,0.870800,0.859204,0.847965,0.837052,0.826552,0.816429,0.806780,0.797568,0.788893,0.780717,0.773147,0.766138,0.759802,0.754088,0.749109,0.744806,0.741290,0.738494,0.736523,0.735300,0.734921,0.735301,0.736523,0.738497,0.741291,0.744811,0.749110,0.754095,0.759804,0.766146,0.773149,0.780727,0.788895,0.797578,0.806782,0.816440,0.826553,0.837063,0.847966,0.859215,0.870801,0.882685,0.894856,0.907285,0.919956,0.932847,0.945940,0.959222,0.972668,0.986269,1.000000
13.1000,-0.000000,0.009452,0.019073,0.028877,0.038898,0.049147,0.059652,0.070417,0.081470,0.092809,0.104463,0.116424,0.128717,0.141330,0.154287,0.167570,0.181197,0.195147,0.209431,0.224025,0.238930,0.254120,0.269586,0.285299,0.301241,0.317384,0.333695,0.350150,0.366705,0.383339,0.400000,0.416672,0.433295,0.449862,0.466305,0.482627,0.498758,0.514711,0.530414,0.545890,0.561069,0.575984,0.590569,0.604862,0.618803,0.632440,0.645714,0.658679,0.671284,0.683585,0.695537,0.707199,0.718530,0.729591,0.740348,0.750860,0.761102,0.771130,0.780927,0.790554,0.800000,1.000000,0.986256,0.972646,0.959150,0.945833,0.932672,0.919733,0.906990,0.894517,0.882284,0.870369,0.858743,0.847489,0.836576,0.826094,0.816007,0.806413,0.797272,0.788687,0.780614,0.773159,0.766274,0.760066,0.754480,0.749624,0.745436,0.742021,0.739309,0.737399,0.736215,0.735849,0.736216,0.737399,0.739311,0.742021,0.745440,0.749625,0.754486,0.760067,0.766281,0.773160,0.780622,0.788688,0.797281,0.806413,0.816016,0.826093,0.836585,0.847489,0.858753,0.870369,0.882295,0.894517,0.907003,0.919733,0.932685,0.945833,0.959163,0.972646,0.986269,1.000000
13.2000,-0.000000,0.009453,0.019104,0.028959,0.039045,0.049366,0.059945,0.070781,0.081899,0.093294,0.104990,0.116980,0.129287,0.141901,0.154843,0.168099,0.181687,0.195590,0.209820,0.224355,0.239202,0.254334,0.269748,0.285415,0.301319,0.317430,0.333720,0.350161,0.366709,0.383340,0.400001,0.416673,0.433293,0.449853,0.466282,0.482582,0.498683,0.514598,0.530254,0.545677,0.560800,0.575656,0.590182,0.604421,0.618315,0.631912,0.645159,0.658109,0.670714,0.683030,0.695011,0.706715,0.718102,0.729228,0.740055,0.750641,0.760954,0.771048,0.780895,0.790554,0.800000,1.000000,0.986256,0.972668,0.959209,0.945941,0.932836,0.919957,0.907275,0.894859,0.882677,0.870804,0.859209,0.847971,0.837058,0.826557,0.816435,0.806785,0.797572,0.788897,0.780720,0.773149,0.766139,0.759801,0.754086,0.749106,0.744802,0.741285,0.738488,0.736516,0.735293,0.734913,0.735293,0.736515,0.738489,0.741283,0.744803,0.749104,0.754089,0.759800,0.766143,0.773147,0.780725,0.788895,0.797578,0.806783,0.816442,0.826555,0.837066,0.847969,0.859218,0.870803,0.882688,0.894858,0.907287,0.919957,0.932849,0.945941,0.959222,0.972668,0.986269,1.000000
13.3000,-0.000000,0.009453,0.019079,0.028892,0.038925,0.049187,0.059705,0.070482,0.081547,0.092896,0.104557,0.116523,0.128818,0.141431,0.154385,0.167663,0.181283,0.195225,0.209500,0.224083,0.238978,0.254158,0.269615,0.285320,0.301255,0.317392,0.333700,0.350152,0.366706,0.383340,0.400001,0.416673,0.433295,0.449860,0.466301,0.482620,0.498745,0.514692,0.530386,0.545854,0.561023,0.575928,0.590501,0.604786,0.618718,0.632347,0.645616,0.658579,0.671183,0.683487,0.695444,0.707113,0.718454,0.729526,0.740296,0.750821,0.761075,0.771115,0.780921,0.790554,0.800000,1.000000,0.986256,0.972650,0.959161,0.945853,0.932702,0.919773,0.907041,0.894578,0.882354,0.870446,0.858826,0.847574,0.836661,0.826175,0.816082,0.806477,0.797324,0.788723,0.780631,0.773156,0.766249,0.760018,0.754409,0.749532,0.745323,0.741889,0.739162,0.737241,0.736050,0.735681,0.736051,0.737241,0.739164,0.741889,0.745326,0.749531,0.754413,0.760017,0.766254,0.773155,0.780637,0.788721,0.797331,0.806476,0.816090,0.826174,0.836670,0.847573,0.858836,0.870446,0.882365,0.894578,0.907053,0.919773,0.932714,0.945852,0.959174,0.972650,0.986269,1.000000
13.4000,-0.000000,0.009453,0.019094,0.028933,0.038998,0.049295,0.059849,0.070662,0.081758,0.093134,0.104816,0.116796,0.129098,0.141711,0.154657,0.167922,0.181522,0.195441,0.209688,0.224243,0.239109,0.254261,0.269692,0.285375,0.301291,0.317413,0.333710,0.350155,0.366706,0.383339,0.399999,0.416671,0.433292,0.449854,0.466288,0.482596,0.498707,0.514634,0.530306,0.545747,0.560889,0.575765,0.590310,0.604567,0.618476,0.632086,0.645341,0.658297,0.670901,0.683212,0.695183,0.706874,0.718242,0.729347,0.740151,0.750712,0.761002,0.771074,0.780906,0.790554,0.800000,1.000000,0.986256,0.972661,0.959190,0.945906,0.932783,0.919884,0.907181,0.894746,0.882547,0.870660,0.859054,0.847810,0.836896,0.826401,0.816290,0.806658,0.797469,0.788823,0.780681,0.773148,0.766179,0.759885,0.754212,0.749273,0.745008,0.741525,0.738756,0.736805,0.735594,0.735220,0.735596,0.736806,0.738760,0.741527,0.745014,0.749275,0.754219,0.759887,0.766187,0.773150,0.780690,0.788825,0.797479,0.806660,0.816301,0.826403,0.836908,0.847811,0.859065,0.870661,0.882559,0.894746,0.907194,0.919884,0.932795,0.945906,0.959203,0.972661,0.986269,1.000000
13.5000,-0.000000,0.009453,0.019092,0.028926,0.038986,0.049278,0.059827,0.070633,0.081725,0.093097,0.104775,0.116753,0.129054,0.141667,0.154615,0.167882,0.181485,0.195407,0.209659,0.224218,0.239089,0.254245,0.269680,0.285366,0.301286,0.317410,0.333709,0.350155,0.366706,0.383338,0.399999,0.416672,0.433293,0.449855,0.466290,0.482600,0.498713,0.514643,0.530319,0.545764,0.560910,0.575790,0.590340,0.604601,0.618513,0.632126,0.645383,0.658339,0.670944,0.683254,0.695224,0.706911,0.718275,0.729374,0.740173,0.750729,0.761013,0.771081,0.780908,0.790554,0.800000,1.000000,0.986256,0.972659,0.959185,0.945897,0.932770,0.919866,0.907159,0.894719,0.882516,0.870626,0.859018,0.847773,0.836859,0.826366,0.816258,0.806630,0.797446,0.788807,0.780672,0.773148,0.766188,0.759904,0.754242,0.749313,0.745056,0.741581,0.738819,0.736872,0.735665,0.735291,0.735666,0.736872,0.738821,0.741581,0.745060,0.749313,0.754248,0.759905,0.766196,0.773149,0.780680,0.788808,0.797456,0.806632,0.816269,0.826368,0.836871,0.847775,0.859030,0.870627,0.882529,0.894720,0.907172,0.919866,0.932783,0.945898,0.959199,0.972659,0.986269,1.000000
13.6000,-0.000000,0.009453,0.019080,0.028897,0.038935,0.049201,0.059724,0.070506,0.081575,0.092928,0.104592,0.116560,0.128856,0.141469,0.154422,0.167698,0.181315,0.195254,0.209525,0.224104,0.238995,0.254171,0.269624,0.285327,0.301260,0.317395,0.333701,0.350152,0.366706,0.383339,0.400000,0.416672,0.433295,0.449860,0.466299,0.482617,0.498741,0.514684,0.530377,0.545840,0.561005,0.575906,0.590476,0.604756,0.618685,0.632312,0.645579,0.658540,0.671145,0.683449,0.695408,0.707080,0.718425,0.729502,0.740276,0.750806,0.761065,0.771109,0.780920,0.790554,0.800000,1.000000,0.986256,0.972651,0.959165,0.945860,0.932713,0.919788,0.907060,0.894601,0.882380,0.870475,0.858857,0.847607,0.836693,0.826206,0.816110,0.806502,0.797343,0.788736,0.780637,0.773154,0.766239,0.759999,0.754382,0.749496,0.745280,0.741841,0.739108,0.737183,0.735990,0.735620,0.735990,0.737183,0.739110,0.741840,0.745283,0.749496,0.754386,0.759998,0.766244,0.773154,0.780644,0.788735,0.797351,0.806501,0.816119,0.826205,0.836702,0.847606,0.858867,0.870475,0.882392,0.894600,0.907072,0.919788,0.932725,0.945860,0.959178,0.972651,0.986269,1.000000
13.7000,-0.000000,0.009453,0.019103,0.028956,0.039039,0.049356,0.059931,0.070764,0.081879,0.093271,0.104965,0.116954,0.129260,0.141874,0.154816,0.168073,0.181663,0.195567,0.209800,0.224338,0.239188,0.254323,0.269739,0.285409,0.301315,0.317428,0.333719,0.350160,0.366708,0.383340,0.400001,0.416673,0.433293,0.449853,0.466283,0.482585,0.498687,0.514603,0.530262,0.545689,0.560814,0.575673,0.590202,0.604444,0.618340,0.631939,0.645187,0.658138,0.670743,0.683057,0.695037,0.706739,0.718122,0.729245,0.740069,0.750652,0.760961,0.771052,0.780897,0.790554,0.800000,1.000000,0.986256,0.972667,0.959206,0.945936,0.932828,0.919946,0.907262,0.894843,0.882658,0.870784,0.859187,0.847948,0.837034,0.826534,0.816413,0.806766,0.797556,0.788885,0.780713,0.773147,0.766144,0.759813,0.754104,0.749131,0.744832,0.741320,0.738527,0.736559,0.735337,0.734958,0.735338,0.736558,0.738529,0.741320,0.744835,0.749129,0.754108,0.759812,0.766149,0.773146,0.780718,0.788883,0.797562,0.806763,0.816419,0.826531,0.837042,0.847945,0.859195,0.870782,0.882669,0.894842,0.907273,0.919946,0.932841,0.945936,0.959219,0.972667,0.986269,1.000000
13.8000,-0.000000,0.009452,0.019073,0.028879,0.038902,0.049153,0.059660,0.070426,0.081481,0.092822,0.104476,0.116437,0.128730,0.141343,0.154300,0.167582,0.181208,0.195157,0.209440,0.224032,0.238937,0.254125,0.269590,0.285302,0.301243,0.317385,0.333696,0.350150,0.366705,0.383339,0.400000,0.416672,0.433295,0.449861,0.466304,0.482626,0.498757,0.514709,0.530411,0.545885,0.561064,0.575977,0.590560,0.604852,0.618792,0.632427,0.645700,0.658665,0.671270,0.683571,0.695523,0.707186,0.718518,0.729581,0.740340,0.750854,0.761098,0.771127,0.780926,0.790554,0.800000,1.000000,0.986256,0.972647,0.959152,0.945836,0.932676,0.919739,0.906998,0.894526,0.882294,0.870380,0.858755,0.847501,0.836587,0.826104,0.816016,0.806421,0.797278,0.788691,0.780616,0.773159,0.766270,0.760059,0.754471,0.749612,0.745421,0.742004,0.739289,0.737378,0.736193,0.735826,0.736193,0.737378,0.739291,0.742003,0.745424,0.749611,0.754475,0.760059,0.766276,0.773158,0.780623,0.788691,0.797286,0.806421,0.816026,0.826104,0.836597,0.847501,0.858765,0.870380,0.882306,0.894526,0.907010,0.919739,0.932689,0.945836,0.959165,0.972647,0.986269,1.000000
13.9000,-0.000000,0.009453,0.019104,0.028960,0.039046,0.049367,0.059945,0.070781,0.081898,0.093292,0.104987,0.116977,0.129284,0.141897,0.154839,0.168094,0.181683,0.195585,0.209816,0.224351,0.239198,0.254331,0.269745,0.285412,0.301316,0.317428,0.333718,0.350159,0.366707,0.383338,0.399999,0.416671,0.433291,0.449851,0.466280,0.482581,0.498682,0.514596,0.530253,0.545677,0.560800,0.575656,0.590182,0.604421,0.618315,0.631912,0.645159,0.658109,0.670714,0.683030,0.695012,0.706716,0.718102,0.729228,0.740055,0.750641,0.760954,0.771048,0.780896,0.790554,0.800000,1.000000,0.986256,0.972668,0.959209,0.945941,0.932836,0.919957,0.907275,0.894858,0.882676,0.870802,0.859206,0.847967,0.837054,0.826553,0.816430,0.806781,0.797568,0.788893,0.780717,0.773146,0.766137,0.759800,0.754085,0.749106,0.744803,0.741287,0.738491,0.736520,0.735297,0.734918,0.735298,0.736520,0.738494,0.741288,0.744808,0.749107,0.754092,0.759802,0.766145,0.773148,0.780726,0.788895,0.797579,0.806784,0.816442,0.826556,0.837066,0.847970,0.859218,0.870803,0.882688,0.894858,0.907287,0.919957,0.932849,0.945941,0.959222,0.972668,0.986269,1.000000
14.0000,-0.000000,0.009452,0.019078,0.028890,0.038922,0.049183,0.059700,0.070476,0.081540,0.092888,0.104548,0.116513,0.128808,0.141421,0.154375,0.167654,0.181274,0.195216,0.209492,0.224076,0.238972,0.254152,0.269610,0.285317,0.301253,0.317390,0.333698,0.350151,0.366705,0.383339,0.399999,0.416672,0.433295,0.449860,0.466301,0.482620,0.498746,0.514693,0.530389,0.545857,0.561027,0.575933,0.590508,0.604792,0.618726,0.632355,0.645624,0.658587,0.671191,0.683494,0.695451,0.707119,0.718460,0.729531,0.740300,0.750824,0.761077,0.771116,0.780922,0.790554,0.800000,1.000000,0.986256,0.972649,0.959160,0.945851,0.932699,0.919770,0.907037,0.894572,0.882347,0.870439,0.858818,0.847566,0.836653,0.826167,0.816074,0.806470,0.797318,0.788718,0.780628,0.773154,0.766249,0.760020,0.754414,0.749539,0.745333,0.741902,0.739176,0.737256,0.736066,0.735698,0.736068,0.737258,0.739180,0.741904,0.745338,0.749541,0.754421,0.760022,0.766256,0.773155,0.780635,0.788718,0.797326,0.806470,0.816083,0.826167,0.836663,0.847566,0.858829,0.870440,0.882359,0.894573,0.907049,0.919770,0.932712,0.945851,0.959173,0.972650,0.986269,1.000000
14.1000,-0.000000,0.009453,0.019095,0.028936,0.039003,0.049303,0.059861,0.070676,0.081774,0.093153,0.104836,0.116817,0.129119,0.141733,0.154678,0.167942,0.181541,0.195457,0.209703,0.224256,0.239120,0.254269,0.269699,0.285380,0.301295,0.317416,0.333713,0.350157,0.366707,0.383340,0.400000,0.416673,0.433294,0.449855,0.466289,0.482596,0.498706,0.514632,0.530303,0.545742,0.560882,0.575755,0.590298,0.604553,0.618461,0.632069,0.645323,0.658278,0.670882,0.683193,0.695165,0.706857,0.718226,0.729333,0.740140,0.750704,0.760997,0.771071,0.780905,0.790554,0.800000,1.000000,0.986256,0.972662,0.959192,0.945910,0.932789,0.919892,0.907193,0.894759,0.882562,0.870676,0.859071,0.847828,0.836915,0.826419,0.816306,0.806673,0.797480,0.788831,0.780684,0.773148,0.766175,0.759876,0.754200,0.749257,0.744988,0.741502,0.738730,0.736777,0.735565,0.735189,0.735565,0.736776,0.738731,0.741500,0.744990,0.749255,0.754203,0.759874,0.766179,0.773146,0.780691,0.788830,0.797487,0.806671,0.816314,0.826417,0.836923,0.847827,0.859081,0.870675,0.882573,0.894758,0.907204,0.919892,0.932801,0.945910,0.959206,0.972662,0.986269,1.000000
14.2000,-0.000000,0.009453,0.019090,0.028923,0.038981,0.049270,0.059815,0.070619,0.081708,0.093077,0.104754,0.116730,0.129030,0.141643,0.154591,0.167859,0.181464,0.195388,0.209642,0.224204,0.239077,0.254236,0.269673,0.285362,0.301283,0.317409,0.333709,0.350156,0.366707,0.383340,0.400001,0.416673,0.433294,0.449857,0.466293,0.482603,0.498719,0.514650,0.530328,0.545776,0.560924,0.575807,0.590359,0.604622,0.618537,0.632151,0.645410,0.658367,0.670971,0.683280,0.695247,0.706932,0.718293,0.729390,0.740185,0.750738,0.761020,0.771084,0.780910,0.790554,0.800000,1.000000,0.986256,0.972658,0.959183,0.945893,0.932763,0.919858,0.907148,0.894706,0.882501,0.870609,0.858999,0.847753,0.836839,0.826346,0.816239,0.806614,0.797433,0.788798,0.780668,0.773149,0.766195,0.759917,0.754261,0.749337,0.745086,0.741616,0.738858,0.736914,0.735709,0.735335,0.735709,0.736913,0.738858,0.741614,0.745088,0.749335,0.754264,0.759915,0.766200,0.773147,0.780673,0.788796,0.797439,0.806612,0.816247,0.826344,0.836848,0.847752,0.859008,0.870607,0.882511,0.894705,0.907160,0.919857,0.932776,0.945893,0.959196,0.972658,0.986269,1.000000
14.3000,-0.000000,0.009453,0.019082,0.028902,0.038942,0.049212,0.059739,0.070524,0.081596,0.092952,0.104618,0.116586,0.128883,0.141496,0.154448,0.167722,0.181337,0.195273,0.209542,0.224118,0.239006,0.254180,0.269631,0.285331,0.301262,0.317396,0.333701,0.350152,0.366705,0.383338,0.399999,0.416672,0.433294,0.449858,0.466297,0.482613,0.498737,0.514678,0.530368,0.545830,0.560993,0.575890,0.590457,0.604735,0.618661,0.632286,0.645551,0.658512,0.671116,0.683421,0.695382,0.707055,0.718403,0.729483,0.740260,0.750795,0.761058,0.771105,0.780918,0.790554,0.800000,1.000000,0.986256,0.972653,0.959168,0.945865,0.932720,0.919799,0.907074,0.894617,0.882399,0.870496,0.858878,0.847628,0.836715,0.826226,0.816128,0.806517,0.797355,0.788743,0.780639,0.773150,0.766229,0.759984,0.754361,0.749469,0.745248,0.741804,0.739068,0.737141,0.735945,0.735575,0.735947,0.737142,0.739072,0.741806,0.745254,0.749471,0.754367,0.759985,0.766236,0.773152,0.780647,0.788744,0.797364,0.806518,0.816138,0.826227,0.836725,0.847629,0.858890,0.870497,0.882411,0.894618,0.907087,0.919800,0.932734,0.945865,0.959181,0.972653,0.986269,1.000000
14.4000,-0.000000,0.009453,0.019102,0.028953,0.039033,0.049348,0.059920,0.070750,0.081861,0.093251,0.104943,0.116930,0.129235,0.141849,0.154791,0.168049,0.181641,0.195547,0.209782,0.224322,0.239174,0.254312,0.269730,0.285402,0.301310,0.317424,0.333716,0.350158,0.366707,0.383339,0.399999,0.416671,0.433292,0.449852,0.466282,0.482585,0.498689,0.514607,0.530268,0.545697,0.560824,0.575686,0.590217,0.604460,0.618358,0.631958,0.645207,0.658158,0.670763,0.683077,0.695056,0.706756,0.718138,0.729258,0.740080,0.750660,0.760967,0.771054,0.780898,0.790554,0.800000,1.000000,0.986256,0.972666,0.959204,0.945932,0.932822,0.919938,0.907250,0.894829,0.882642,0.870765,0.859166,0.847926,0.837013,0.826513,0.816393,0.806748,0.797541,0.788873,0.780706,0.773145,0.766146,0.759821,0.754118,0.749150,0.744857,0.741350,0.738562,0.736596,0.735377,0.734999,0.735378,0.736597,0.738565,0.741351,0.744862,0.749151,0.754125,0.759823,0.766155,0.773147,0.780715,0.788875,0.797551,0.806750,0.816404,0.826515,0.837025,0.847928,0.859179,0.870766,0.882655,0.894830,0.907263,0.919938,0.932835,0.945932,0.959217,0.972666,0.986269,1.000000
14.5000,-0.000000,0.009452,0.019075,0.028882,0.038907,0.049160,0.059669,0.070437,0.081494,0.092836,0.104491,0.116453,0.128746,0.141359,0.154315,0.167596,0.181221,0.195168,0.209450,0.224040,0.238943,0.254130,0.269593,0.285305,0.301245,0.317386,0.333696,0.350150,0.366705,0.383339,0.400000,0.416672,0.433295,0.449861,0.466304,0.482626,0.498756,0.514706,0.530407,0.545881,0.561057,0.575970,0.590550,0.604841,0.618779,0.632413,0.645685,0.658650,0.671254,0.683556,0.695509,0.707173,0.718506,0.729571,0.740332,0.750848,0.761093,0.771125,0.780925,0.790554,0.800000,1.000000,0.986256,0.972647,0.959153,0.945839,0.932681,0.919746,0.907006,0.894536,0.882305,0.870392,0.858767,0.847514,0.836600,0.826116,0.816027,0.806429,0.797284,0.788694,0.780616,0.773156,0.766264,0.760050,0.754459,0.749597,0.745404,0.741984,0.739267,0.737354,0.736168,0.735801,0.736169,0.737354,0.739269,0.741983,0.745406,0.749596,0.754463,0.760050,0.766270,0.773155,0.780623,0.788694,0.797293,0.806429,0.816036,0.826116,0.836610,0.847514,0.858778,0.870392,0.882316,0.894535,0.907018,0.919745,0.932694,0.945839,0.959167,0.972647,0.986269,1.000000
14.6000,-0.000000,0.009453,0.019104,0.028959,0.039045,0.049366,0.059944,0.070779,0.081896,0.093291,0.104986,0.116975,0.129282,0.141895,0.154837,0.168092,0.181681,0.195584,0.209814,0.224350,0.239198,0.254331,0.269745,0.285413,0.301317,0.317429,0.333720,0.350160,0.366708,0.383340,0.400001,0.416673,0.433293,0.449852,0.466282,0.482583,0.498685,0.514599,0.530256,0.545681,0.560805,0.575662,0.590188,0.604428,0.618321,0.631919,0.645165,0.658116,0.670720,0.683035,0.695016,0.706720,0.718105,0.729230,0.740056,0.750642,0.760955,0.771048,0.780896,0.790554,0.800000,1.000000,0.986256,0.972668,0.959209,0.945941,0.932835,0.919956,0.907274,0.894857,0.882675,0.870801,0.859205,0.847966,0.837052,0.826551,0.816429,0.806779,0.797566,0.788892,0.780717,0.773147,0.766138,0.759803,0.754089,0.749111,0.744808,0.741294,0.738498,0.736527,0.735305,0.734926,0.735306,0.736528,0.738501,0.741293,0.744812,0.749110,0.754094,0.759802,0.766143,0.773145,0.780722,0.788890,0.797573,0.806777,0.816436,0.826549,0.837061,0.847964,0.859214,0.870800,0.882685,0.894856,0.907285,0.919956,0.932848,0.945941,0.959222,0.972668,0.986269,1.000000
14.7000,-0.000000,0.009452,0.019078,0.028890,0.038921,0.049181,0.059697,0.070473,0.081536,0.092883,0.104543,0.116507,0.128802,0.141415,0.154369,0.167647,0.181268,0.195211,0.209487,0.224072,0.238968,0.254150,0.269608,0.285315,0.301252,0.317390,0.333698,0.350151,0.366706,0.383339,0.400000,0.416672,0.433295,0.449861,0.466302,0.482621,0.498748,0.514696,0.530392,0.545860,0.561032,0.575938,0.590513,0.604799,0.618732,0.632362,0.645632,0.658594,0.671199,0.683501,0.695457,0.707124,0.718464,0.729535,0.740303,0.750826,0.761079,0.771117,0.780922,0.790554,0.800000,1.000000,0.986256,0.972649,0.959159,0.945850,0.932697,0.919768,0.907034,0.894569,0.882343,0.870435,0.858813,0.847561,0.836647,0.826161,0.816068,0.806465,0.797313,0.788714,0.780625,0.773153,0.766250,0.760023,0.754419,0.749546,0.745341,0.741912,0.739187,0.737269,0.736079,0.735711,0.736080,0.737269,0.739190,0.741912,0.745345,0.749546,0.754424,0.760024,0.766256,0.773154,0.780633,0.788714,0.797321,0.806464,0.816077,0.826160,0.836657,0.847561,0.858824,0.870435,0.882356,0.894570,0.907047,0.919768,0.932710,0.945850,0.959172,0.972649,0.986269,1.000000
14.8000,-0.000000,0.009453,0.019096,0.028938,0.039008,0.049310,0.059869,0.070687,0.081787,0.093167,0.104851,0.116833,0.129136,0.141748,0.154694,0.167956,0.181554,0.195469,0.209713,0.224264,0.239126,0.254274,0.269702,0.285381,0.301296,0.317416,0.333712,0.350156,0.366706,0.383339,0.399999,0.416672,0.433293,0.449854,0.466287,0.482594,0.498703,0.514628,0.530298,0.545735,0.560873,0.575744,0.590286,0.604539,0.618444,0.632051,0.645304,0.658258,0.670863,0.683174,0.695148,0.706840,0.718212,0.729321,0.740130,0.750697,0.760992,0.771068,0.780904,0.790554,0.800000,1.000000,0.986256,0.972662,0.959194,0.945913,0.932793,0.919899,0.907201,0.894769,0.882574,0.870689,0.859085,0.847841,0.836927,0.826431,0.816317,0.806681,0.797487,0.788835,0.780685,0.773145,0.766168,0.759866,0.754186,0.749239,0.744967,0.741478,0.738705,0.736750,0.735538,0.735162,0.735539,0.736750,0.738707,0.741478,0.744971,0.749240,0.754191,0.759867,0.766176,0.773146,0.780694,0.788837,0.797497,0.806683,0.816329,0.826433,0.836940,0.847844,0.859097,0.870690,0.882586,0.894770,0.907214,0.919900,0.932807,0.945913,0.959207,0.972662,0.986269,1.000000
14.9000,-0.000000,0.009453,0.019089,0.028920,0.038975,0.049261,0.059803,0.070604,0.081690,0.093057,0.104732,0.116707,0.129006,0.141619,0.154567,0.167836,0.181443,0.195368,0.209625,0.224189,0.239064,0.254225,0.269665,0.285355,0.301278,0.317406,0.333706,0.350154,0.366706,0.383339,0.399999,0.416672,0.433293,0.449856,0.466293,0.482604,0.498720,0.514654,0.530334,0.545784,0.560935,0.575821,0.590375,0.604641,0.618557,0.632173,0.645432,0.658389,0.670993,0.683301,0.695268,0.706950,0.718310,0.729404,0.740197,0.750747,0.761025,0.771087,0.780911,0.790554,0.800000,1.000000,0.986256,0.972657,0.959181,0.945889,0.932756,0.919848,0.907136,0.894692,0.882484,0.870590,0.858979,0.847732,0.836818,0.826326,0.816220,0.806597,0.797418,0.788787,0.780661,0.773147,0.766199,0.759926,0.754275,0.749357,0.745111,0.741646,0.738892,0.736951,0.735748,0.735375,0.735749,0.736952,0.738895,0.741647,0.745116,0.749358,0.754281,0.759927,0.766206,0.773148,0.780669,0.788787,0.797427,0.806597,0.816229,0.826326,0.836829,0.847733,0.858991,0.870591,0.882496,0.894692,0.907149,0.919848,0.932769,0.945889,0.959194,0.972657,0.986269,1.000000
15.0000,-0.000000,0.009453,0.019084,0.028906,0.038950,0.049224,0.059754,0.070543,0.081618,0.092976,0.104644,0.116614,0.128910,0.141523,0.154474,0.167747,0.181360,0.195294,0.209560,0.224134,0.239019,0.254190,0.269638,0.285337,0.301267,0.317399,0.333703,0.350153,0.366706,0.383340,0.400001,0.416673,0.433295,0.449859,0.466297,0.482613,0.498734,0.514674,0.530362,0.545821,0.560981,0.575877,0.590441,0.604716,0.618640,0.632263,0.645527,0.658487,0.671091,0.683397,0.695358,0.707033,0.718383,0.729466,0.740247,0.750784,0.761050,0.771101,0.780916,0.790554,0.800000,1.000000,0.986256,0.972654,0.959171,0.945871,0.932729,0.919811,0.907089,0.894635,0.882419,0.870518,0.858901,0.847652,0.836738,0.826248,0.816148,0.806534,0.797369,0.788752,0.780644,0.773150,0.766223,0.759972,0.754343,0.749447,0.745220,0.741772,0.739032,0.737101,0.735905,0.735534,0.735905,0.737101,0.739033,0.741771,0.745224,0.749446,0.754348,0.759972,0.766228,0.773149,0.780651,0.788752,0.797376,0.806533,0.816156,0.826247,0.836746,0.847650,0.858911,0.870516,0.882429,0.894634,0.907100,0.919810,0.932742,0.945871,0.959184,0.972654,0.986269,1.000000
15.1000,-0.000000,0.009453,0.019101,0.028950,0.039028,0.049340,0.059909,0.070736,0.081845,0.093233,0.104923,0.116909,0.129213,0.141827,0.154770,0.168028,0.181621,0.195529,0.209766,0.224309,0.239164,0.254304,0.269725,0.285399,0.301308,0.317424,0.333717,0.350159,0.366708,0.383340,0.400001,0.416673,0.433293,0.449854,0.466285,0.482589,0.498694,0.514613,0.530277,0.545708,0.560838,0.575702,0.590235,0.604481,0.618380,0.631982,0.645231,0.658183,0.670788,0.683101,0.695078,0.706777,0.718156,0.729273,0.740091,0.750668,0.760972,0.771057,0.780899,0.790554,0.800000,1.000000,0.986256,0.972665,0.959202,0.945928,0.932816,0.919929,0.907239,0.894816,0.882627,0.870748,0.859148,0.847907,0.836993,0.826494,0.816376,0.806732,0.797528,0.788864,0.780701,0.773145,0.766152,0.759833,0.754135,0.749172,0.744884,0.741382,0.738596,0.736633,0.735415,0.735037,0.735415,0.736632,0.738598,0.741380,0.744886,0.749170,0.754138,0.759830,0.766156,0.773143,0.780707,0.788863,0.797535,0.806731,0.816384,0.826494,0.837003,0.847907,0.859158,0.870747,0.882638,0.894815,0.907251,0.919929,0.932829,0.945928,0.959215,0.972666,0.986269,1.000000
15.2000,-0.000000,0.009452,0.019076,0.028884,0.038911,0.049166,0.059677,0.070448,0.081507,0.092851,0.104507,0.116470,0.128763,0.141376,0.154331,0.167611,0.181235,0.195180,0.209460,0.224049,0.238950,0.254135,0.269597,0.285307,0.301247,0.317387,0.333697,0.350150,0.366705,0.383339,0.400000,0.416672,0.433295,0.449861,0.466303,0.482624,0.498753,0.514703,0.530403,0.545875,0.561050,0.575960,0.590539,0.604829,0.618765,0.632398,0.645669,0.658632,0.671236,0.683538,0.695492,0.707157,0.718493,0.729560,0.740323,0.750841,0.761089,0.771122,0.780924,0.790554,0.800000,1.000000,0.986256,0.972648,0.959155,0.945843,0.932686,0.919752,0.907014,0.894546,0.882317,0.870405,0.858781,0.847528,0.836614,0.826130,0.816039,0.806440,0.797292,0.788699,0.780618,0.773154,0.766259,0.760041,0.754446,0.749581,0.745385,0.741963,0.739244,0.737330,0.736143,0.735775,0.736144,0.737331,0.739247,0.741963,0.745389,0.749582,0.754451,0.760042,0.766265,0.773154,0.780625,0.788700,0.797301,0.806440,0.816048,0.826130,0.836625,0.847529,0.858793,0.870406,0.882329,0.894546,0.907027,0.919752,0.932699,0.945843,0.959169,0.972648,0.986269,1.000000
15.3000,-0.000000,0.009453,0.019104,0.028959,0.039044,0.049364,0.059940,0.070775,0.081891,0.093284,0.104979,0.116968,0.129275,0.141888,0.154829,0.168085,0.181673,0.195577,0.209807,0.224344,0.239192,0.254326,0.269741,0.285409,0.301314,0.317427,0.333718,0.350159,0.366707,0.383339,0.399999,0.416671,0.433292,0.449851,0.466281,0.482582,0.498684,0.514600,0.530258,0.545682,0.560806,0.575664,0.590191,0.604431,0.618325,0.631923,0.645169,0.658120,0.670724,0.683040,0.695021,0.706724,0.718109,0.729233,0.740060,0.750644,0.760956,0.771048,0.780896,0.790554,0.800000,1.000000,0.986256,0.972668,0.959209,0.945940,0.932834,0.919953,0.907270,0.894852,0.882669,0.870795,0.859198,0.847959,0.837045,0.826544,0.816422,0.806772,0.797560,0.788886,0.780712,0.773143,0.766136,0.759802,0.754091,0.749115,0.744814,0.741301,0.738507,0.736538,0.735316,0.734937,0.735317,0.736538,0.738511,0.741303,0.744820,0.749117,0.754098,0.759805,0.766145,0.773145,0.780721,0.788889,0.797571,0.806774,0.816432,0.826546,0.837057,0.847960,0.859210,0.870795,0.882681,0.894852,0.907282,0.919953,0.932846,0.945940,0.959222,0.972668,0.986269,1.000000
15.4000,-0.000000,0.009452,0.019078,0.028889,0.038921,0.049180,0.059696,0.070471,0.081533,0.092880,0.104539,0.116503,0.128797,0.141410,0.154364,0.167642,0.181264,0.195207,0.209483,0.224069,0.238966,0.254148,0.269607,0.285314,0.301252,0.317390,0.333698,0.350151,0.366705,0.383339,0.400000,0.416672,0.433295,0.449860,0.466302,0.482621,0.498749,0.514696,0.530393,0.545863,0.561034,0.575941,0.590517,0.604802,0.618736,0.632367,0.645636,0.658599,0.671203,0.683505,0.695461,0.707128,0.718467,0.729537,0.740304,0.750827,0.761079,0.771117,0.780923,0.790554,0.800000,1.000000,0.986256,0.972649,0.959159,0.945849,0.932697,0.919766,0.907033,0.894567,0.882341,0.870432,0.858809,0.847557,0.836643,0.826157,0.816064,0.806461,0.797310,0.788712,0.780624,0.773153,0.766251,0.760025,0.754422,0.749550,0.745347,0.741918,0.739194,0.737276,0.736087,0.735718,0.736088,0.737276,0.739196,0.741917,0.745350,0.749550,0.754426,0.760025,0.766256,0.773153,0.780631,0.788711,0.797318,0.806461,0.816073,0.826157,0.836653,0.847557,0.858820,0.870432,0.882352,0.894567,0.907045,0.919767,0.932710,0.945850,0.959172,0.972649,0.986269,1.000000
15.5000,-0.000000,0.009453,0.019097,0.028941,0.039012,0.049317,0.059878,0.070697,0.081799,0.093181,0.104866,0.116849,0.129152,0.141765,0.154710,0.167971,0.181568,0.195481,0.209724,0.224273,0.239134,0.254280,0.269707,0.285385,0.301299,0.317418,0.333714,0.350158,0.366707,0.383340,0.400000,0.416673,0.433293,0.449855,0.466287,0.482594,0.498702,0.514626,0.530294,0.545730,0.560867,0.575738,0.590277,0.604529,0.618433,0.632039,0.645291,0.658245,0.670849,0.683161,0.695134,0.706828,0.718201,0.729311,0.740122,0.750691,0.760988,0.771066,0.780903,0.790554,0.800000,1.000000,0.986256,0.972663,0.959196,0.945916,0.932798,0.919905,0.907209,0.894779,0.882585,0.870702,0.859098,0.847856,0.836942,0.826444,0.816329,0.806692,0.797495,0.788841,0.780689,0.773145,0.766165,0.759860,0.754176,0.749227,0.744951,0.741460,0.738684,0.736727,0.735514,0.735138,0.735515,0.736728,0.738686,0.741460,0.744955,0.749226,0.754181,0.759859,0.766171,0.773144,0.780695,0.788840,0.797502,0.806691,0.816337,0.826443,0.836950,0.847854,0.859108,0.870701,0.882596,0.894779,0.907221,0.919905,0.932811,0.945916,0.959209,0.972663,0.986269,1.000000
15.6000,-0.000000,0.009453,0.019088,0.028917,0.038969,0.049252,0.059792,0.070590,0.081674,0.093039,0.104712,0.116686,0.128985,0.141598,0.154547,0.167816,0.181424,0.195352,0.209610,0.224176,0.239054,0.254217,0.269659,0.285351,0.301276,0.317405,0.333706,0.350155,0.366706,0.383339,0.400000,0.416672,0.433294,0.449857,0.466294,0.482607,0.498724,0.514660,0.530341,0.545793,0.560946,0.575833,0.590390,0.604658,0.618576,0.632193,0.645454,0.658412,0.671016,0.683323,0.695289,0.706970,0.718326,0.729418,0.740208,0.750755,0.761031,0.771091,0.780912,0.790554,0.800000,1.000000,0.986256,0.972657,0.959179,0.945885,0.932751,0.919840,0.907126,0.894679,0.882470,0.870574,0.858962,0.847715,0.836801,0.826309,0.816204,0.806583,0.797407,0.788779,0.780657,0.773148,0.766204,0.759936,0.754291,0.749378,0.745137,0.741675,0.738924,0.736986,0.735784,0.735412,0.735785,0.736986,0.738926,0.741675,0.745140,0.749378,0.754295,0.759936,0.766210,0.773148,0.780664,0.788779,0.797415,0.806582,0.816213,0.826308,0.836810,0.847714,0.858972,0.870574,0.882481,0.894679,0.907138,0.919839,0.932763,0.945885,0.959192,0.972656,0.986269,1.000000
15.7000,-0.000000,0.009453,0.019085,0.028909,0.038956,0.049233,0.059766,0.070558,0.081636,0.092996,0.104666,0.116637,0.128935,0.141547,0.154497,0.167769,0.181381,0.195313,0.209576,0.224147,0.239030,0.254198,0.269645,0.285341,0.301269,0.317400,0.333704,0.350153,0.366705,0.383339,0.400000,0.416672,0.433294,0.449857,0.466295,0.482610,0.498731,0.514668,0.530354,0.545811,0.560968,0.575861,0.590423,0.604696,0.618618,0.632239,0.645501,0.658460,0.671065,0.683371,0.695334,0.707011,0.718363,0.729449,0.740233,0.750774,0.761044,0.771097,0.780915,0.790554,0.800000,1.000000,0.986256,0.972655,0.959173,0.945875,0.932736,0.919820,0.907101,0.894649,0.882435,0.870536,0.858920,0.847672,0.836758,0.826267,0.816166,0.806550,0.797381,0.788760,0.780647,0.773148,0.766216,0.759959,0.754325,0.749423,0.745192,0.741739,0.738995,0.737062,0.735864,0.735493,0.735865,0.737063,0.738998,0.741739,0.745195,0.749423,0.754330,0.759960,0.766223,0.773150,0.780656,0.788762,0.797390,0.806551,0.816176,0.826269,0.836769,0.847673,0.858932,0.870537,0.882447,0.894649,0.907113,0.919821,0.932749,0.945875,0.959187,0.972655,0.986269,1.000000
15.8000,-0.000000,0.009453,0.019099,0.028946,0.039022,0.049331,0.059897,0.070721,0.081827,0.093213,0.104901,0.116885,0.129189,0.141801,0.154745,0.168005,0.181600,0.195510,0.209749,0.224295,0.239152,0.254294,0.269717,0.285393,0.301303,0.317421,0.333714,0.350158,0.366707,0.383339,0.400000,0.416672,0.433292,0.449853,0.466285,0.482589,0.498696,0.514616,0.530282,0.545715,0.560848,0.575714,0.590250,0.604499,0.618400,0.632003,0.645254,0.658206,0.670810,0.683123,0.695099,0.706795,0.718172,0.729287,0.740103,0.750677,0.760978,0.771061,0.780900,0.790554,0.800000,1.000000,0.986256,0.972664,0.959200,0.945924,0.932809,0.919920,0.907228,0.894802,0.882611,0.870730,0.859128,0.847887,0.836972,0.826474,0.816357,0.806716,0.797515,0.788855,0.780696,0.773145,0.766157,0.759843,0.754150,0.749193,0.744909,0.741411,0.738629,0.736669,0.735453,0.735076,0.735454,0.736669,0.738632,0.741412,0.744914,0.749193,0.754156,0.759844,0.766164,0.773146,0.780704,0.788855,0.797524,0.806717,0.816367,0.826475,0.836983,0.847887,0.859140,0.870730,0.882623,0.894802,0.907240,0.919921,0.932822,0.945924,0.959213,0.972665,0.986269,1.000000
15.9000,-0.000000,0.009452,0.019077,0.028887,0.038916,0.049174,0.059687,0.070460,0.081521,0.092866,0.104524,0.116487,0.128781,0.141394,0.154348,0.167628,0.181250,0.195195,0.209473,0.224060,0.238959,0.254142,0.269603,0.285312,0.301250,0.317389,0.333698,0.350151,0.366705,0.383339,0.400000,0.416672,0.433295,0.449861,0.466303,0.482623,0.498751,0.514699,0.530398,0.545869,0.561042,0.575951,0.590528,0.604816,0.618751,0.632382,0.645652,0.658616,0.671220,0.683522,0.695477,0.707143,0.718480,0.729549,0.740313,0.750834,0.761084,0.771120,0.780923,0.790554,0.800000,1.000000,0.986256,0.972649,0.959157,0.945846,0.932692,0.919760,0.907024,0.894557,0.882329,0.870419,0.858796,0.847543,0.836629,0.826144,0.816052,0.806451,0.797302,0.788707,0.780622,0.773154,0.766256,0.760034,0.754434,0.749566,0.745365,0.741939,0.739218,0.737302,0.736114,0.735746,0.736115,0.737302,0.739220,0.741939,0.745368,0.749565,0.754438,0.760033,0.766260,0.773153,0.780628,0.788705,0.797309,0.806450,0.816061,0.826143,0.836638,0.847542,0.858806,0.870418,0.882340,0.894557,0.907036,0.919759,0.932704,0.945846,0.959170,0.972649,0.986269,1.000000
16.0000,-0.000000,0.009453,0.019104,0.028957,0.039041,0.049360,0.059936,0.070770,0.081885,0.093278,0.104972,0.116961,0.129267,0.141880,0.154822,0.168079,0.181668,0.195572,0.209803,0.224341,0.239189,0.254324,0.269740,0.285409,0.301314,0.317427,0.333718,0.350160,0.366708,0.383340,0.400001,0.416673,0.433293,0.449853,0.466282,0.482584,0.498687,0.514603,0.530262,0.545687,0.560812,0.575670,0.590198,0.604439,0.618333,0.631931,0.645179,0.658130,0.670734,0.683049,0.695029,0.706732,0.718116,0.729240,0.740065,0.750649,0.760959,0.771050,0.780896,0.790554,0.800000,1.000000,0.986256,0.972667,0.959208,0.945938,0.932831,0.919950,0.907266,0.894848,0.882664,0.870789,0.859192,0.847953,0.837040,0.826539,0.816417,0.806769,0.797558,0.788885,0.780712,0.773145,0.766140,0.759808,0.754098,0.749123,0.744825,0.741313,0.738520,0.736551,0.735330,0.734951,0.735330,0.736551,0.738522,0.741312,0.744827,0.749122,0.754102,0.759806,0.766145,0.773144,0.780718,0.788885,0.797565,0.806768,0.816426,0.826538,0.837049,0.847952,0.859202,0.870789,0.882675,0.894847,0.907277,0.919949,0.932843,0.945937,0.959220,0.972667,0.986269,1.000000
16.1000,-0.000000,0.009452,0.019077,0.028889,0.038919,0.049178,0.059694,0.070468,0.081531,0.092877,0.104537,0.116501,0.128795,0.141408,0.154362,0.167640,0.181262,0.195205,0.209482,0.224067,0.238965,0.254147,0.269606,0.285313,0.301251,0.317389,0.333698,0.350151,0.366705,0.383339,0.400000,0.416672,0.433294,0.449860,0.466302,0.482621,0.498749,0.514697,0.530394,0.545863,0.561035,0.575942,0.590518,0.604804,0.618738,0.632368,0.645638,0.658601,0.671205,0.683507,0.695463,0.707130,0.718469,0.729539,0.740306,0.750828,0.761080,0.771118,0.780922,0.790554,0.800000,1.000000,0.986256,0.972649,0.959159,0.945848,0.932695,0.919765,0.907030,0.894565,0.882339,0.870429,0.858807,0.847555,0.836641,0.826155,0.816063,0.806460,0.797309,0.788711,0.780624,0.773153,0.766251,0.760026,0.754424,0.749552,0.745349,0.741921,0.739198,0.737280,0.736091,0.735722,0.736091,0.737280,0.739200,0.741921,0.745352,0.749552,0.754429,0.760027,0.766257,0.773153,0.780631,0.788711,0.797317,0.806460,0.816072,0.826155,0.836651,0.847555,0.858818,0.870429,0.882351,0.894565,0.907043,0.919765,0.932708,0.945849,0.959172,0.972649,0.986269,1.000000
16.2000,-0.000000,0.009453,0.019098,0.028943,0.039015,0.049321,0.059884,0.070705,0.081808,0.093191,0.104877,0.116860,0.129163,0.141776,0.154720,0.167982,0.181578,0.195490,0.209732,0.224280,0.239139,0.254284,0.269710,0.285387,0.301300,0.317418,0.333713,0.350157,0.366707,0.383339,0.399999,0.416672,0.433292,0.449854,0.466286,0.482591,0.498699,0.514622,0.530289,0.545724,0.560860,0.575729,0.590267,0.604518,0.618421,0.632027,0.645279,0.658232,0.670836,0.683148,0.695122,0.706817,0.718191,0.729303,0.740116,0.750686,0.760984,0.771064,0.780902,0.790554,0.800000,1.000000,0.986256,0.972663,0.959197,0.945919,0.932802,0.919910,0.907215,0.894786,0.882593,0.870710,0.859107,0.847865,0.836951,0.826453,0.816338,0.806699,0.797501,0.788845,0.780690,0.773145,0.766162,0.759854,0.754167,0.749215,0.744937,0.741443,0.738665,0.736707,0.735493,0.735116,0.735493,0.736707,0.738667,0.741443,0.744941,0.749216,0.754174,0.759855,0.766170,0.773146,0.780699,0.788846,0.797511,0.806700,0.816348,0.826454,0.836962,0.847866,0.859119,0.870711,0.882605,0.894787,0.907228,0.919911,0.932815,0.945919,0.959210,0.972664,0.986269,1.000000
16.3000,-0.000000,0.009453,0.019087,0.028914,0.038964,0.049244,0.059781,0.070577,0.081658,0.093021,0.104693,0.116666,0.128964,0.141577,0.154526,0.167797,0.181407,0.195336,0.209596,0.224165,0.239045,0.254210,0.269654,0.285347,0.301273,0.317403,0.333705,0.350154,0.366706,0.383339,0.400000,0.416672,0.433294,0.449857,0.466295,0.482608,0.498726,0.514663,0.530346,0.545800,0.560955,0.575845,0.590403,0.604673,0.618593,0.632212,0.645473,0.658432,0.671036,0.683343,0.695307,0.706987,0.718342,0.729432,0.740219,0.750764,0.761037,0.771093,0.780913,0.790554,0.800000,1.000000,0.986256,0.972656,0.959176,0.945881,0.932744,0.919831,0.907115,0.894666,0.882455,0.870558,0.858944,0.847697,0.836783,0.826291,0.816188,0.806569,0.797396,0.788771,0.780653,0.773148,0.766209,0.759946,0.754305,0.749396,0.745159,0.741701,0.738953,0.737017,0.735816,0.735444,0.735817,0.737017,0.738955,0.741701,0.745163,0.749396,0.754310,0.759946,0.766216,0.773148,0.780661,0.788772,0.797405,0.806570,0.816198,0.826292,0.836793,0.847697,0.858955,0.870558,0.882466,0.894666,0.907127,0.919831,0.932757,0.945880,0.959189,0.972656,0.986269,1.000000
16.4000,-0.000000,0.009453,0.019086,0.028913,0.038962,0.049242,0.059778,0.070573,0.081654,0.093017,0.104688,0.116661,0.128960,0.141573,0.154522,0.167793,0.181403,0.195332,0.209593,0.224162,0.239043,0.254208,0.269652,0.285347,0.301273,0.317403,0.333705,0.350154,0.366706,0.383340,0.400000,0.416673,0.433294,0.449858,0.466295,0.482609,0.498728,0.514664,0.530348,0.545803,0.560958,0.575848,0.590408,0.604678,0.618598,0.632217,0.645478,0.658437,0.671041,0.683348,0.695312,0.706992,0.718346,0.729435,0.740222,0.750766,0.761038,0.771094,0.780914,0.790554,0.800000,1.000000,0.986256,0.972655,0.959175,0.945880,0.932743,0.919829,0.907112,0.894663,0.882451,0.870554,0.858941,0.847693,0.836779,0.826288,0.816186,0.806567,0.797394,0.788771,0.780653,0.773149,0.766211,0.759949,0.754309,0.749401,0.745165,0.741707,0.738959,0.737024,0.735824,0.735453,0.735825,0.737025,0.738962,0.741707,0.745168,0.749400,0.754313,0.759948,0.766216,0.773148,0.780659,0.788770,0.797402,0.806566,0.816194,0.826287,0.836789,0.847693,0.858951,0.870554,0.882463,0.894663,0.907124,0.919829,0.932755,0.945880,0.959189,0.972656,0.986269,1.000000
16.5000,-0.000000,0.009453,0.019098,0.028943,0.039016,0.049322,0.059885,0.070706,0.081810,0.093192,0.104879,0.116862,0.129166,0.141779,0.154723,0.167984,0.181581,0.195493,0.209734,0.224282,0.239141,0.254286,0.269711,0.285389,0.301301,0.317419,0.333714,0.350158,0.366708,0.383340,0.400001,0.416672,0.433293,0.449855,0.466287,0.482592,0.498700,0.514623,0.530290,0.545725,0.560860,0.575729,0.590267,0.604518,0.618421,0.632026,0.645278,0.658231,0.670835,0.683147,0.695122,0.706816,0.718191,0.729303,0.740115,0.750686,0.760985,0.771065,0.780902,0.790554,0.800000,1.000000,0.986256,0.972664,0.959197,0.945919,0.932803,0.919911,0.907217,0.894788,0.882595,0.870713,0.859110,0.847868,0.836954,0.826456,0.816341,0.806703,0.797504,0.788848,0.780693,0.773146,0.766163,0.759854,0.754167,0.749214,0.744936,0.741442,0.738664,0.736706,0.735491,0.735114,0.735492,0.736705,0.738665,0.741441,0.744939,0.749213,0.754171,0.759853,0.766168,0.773145,0.780699,0.788846,0.797511,0.806701,0.816349,0.826455,0.836963,0.847867,0.859120,0.870712,0.882606,0.894787,0.907228,0.919911,0.932815,0.945919,0.959210,0.972664,0.986269,1.000000
16.6000,-0.000000,0.009452,0.019077,0.028889,0.038921,0.049180,0.059696,0.070471,0.081534,0.092881,0.104540,0.116504,0.128798,0.141411,0.154365,0.167644,0.181265,0.195208,0.209484,0.224069,0.238967,0.254148,0.269607,0.285314,0.301252,0.317390,0.333698,0.350150,0.366705,0.383339,0.399999,0.416672,0.433294,0.449860,0.466301,0.482621,0.498748,0.514695,0.530392,0.545861,0.561033,0.575940,0.590515,0.604800,0.618734,0.632365,0.645634,0.658597,0.671201,0.683504,0.695460,0.707127,0.718467,0.729537,0.740304,0.750827,0.761079,0.771117,0.780922,0.790554,0.800000,1.000000,0.986256,0.972649,0.959159,0.945850,0.932697,0.919767,0.907033,0.894568,0.882342,0.870432,0.858810,0.847558,0.836644,0.826158,0.816065,0.806462,0.797311,0.788712,0.780624,0.773153,0.766250,0.760025,0.754421,0.749548,0.745344,0.741915,0.739191,0.737273,0.736083,0.735715,0.736084,0.737273,0.739193,0.741915,0.745348,0.749549,0.754426,0.760025,0.766257,0.773154,0.780632,0.788713,0.797320,0.806463,0.816075,0.826158,0.836654,0.847558,0.858821,0.870432,0.882353,0.894567,0.907045,0.919767,0.932710,0.945850,0.959172,0.972649,0.986269,1.000000
16.7000,-0.000000,0.009453,0.019103,0.028956,0.039038,0.049356,0.059930,0.070762,0.081876,0.093268,0.104961,0.116950,0.129256,0.141869,0.154811,0.168068,0.181658,0.195563,0.209795,0.224334,0.239184,0.254319,0.269736,0.285406,0.301312,0.317426,0.333717,0.350158,0.366707,0.383339,0.399999,0.416672,0.433292,0.449852,0.466282,0.482584,0.498687,0.514603,0.530263,0.545690,0.560815,0.575674,0.590203,0.604445,0.618341,0.631940,0.645188,0.658139,0.670743,0.683058,0.695037,0.706739,0.718122,0.729245,0.740069,0.750652,0.760961,0.771051,0.780897,0.790554,0.800000,1.000000,0.986256,0.972667,0.959206,0.945936,0.932828,0.919945,0.907260,0.894840,0.882656,0.870780,0.859183,0.847943,0.837030,0.826529,0.816408,0.806761,0.797551,0.788880,0.780709,0.773144,0.766141,0.759812,0.754104,0.749132,0.744835,0.741325,0.738533,0.736566,0.735345,0.734966,0.735346,0.736566,0.738537,0.741326,0.744840,0.749133,0.754110,0.759813,0.766149,0.773145,0.780717,0.788882,0.797561,0.806762,0.816418,0.826530,0.837041,0.847944,0.859195,0.870781,0.882668,0.894842,0.907273,0.919946,0.932841,0.945936,0.959220,0.972667,0.986269,1.000000
16.8000,-0.000000,0.009452,0.019077,0.028889,0.038920,0.049179,0.059694,0.070468,0.081531,0.092877,0.104537,0.116501,0.128795,0.141408,0.154362,0.167641,0.181262,0.195206,0.209482,0.224068,0.238965,0.254148,0.269607,0.285314,0.301251,0.317390,0.333699,0.350151,0.366705,0.383339,0.400000,0.416673,0.433295,0.449861,0.466302,0.482622,0.498749,0.514697,0.530394,0.545863,0.561035,0.575942,0.590518,0.604804,0.618737,0.632368,0.645638,0.658600,0.671204,0.683508,0.695463,0.707131,0.718469,0.729539,0.740306,0.750829,0.761080,0.771118,0.780923,0.790554,0.800000,1.000000,0.986256,0.972649,0.959159,0.945849,0.932696,0.919765,0.907031,0.894565,0.882339,0.870429,0.858807,0.847555,0.836641,0.826156,0.816064,0.806461,0.797310,0.788712,0.780625,0.773154,0.766252,0.760027,0.754424,0.749552,0.745349,0.741921,0.739198,0.737280,0.736091,0.735723,0.736092,0.737280,0.739200,0.741921,0.745353,0.749552,0.754429,0.760027,0.766258,0.773154,0.780632,0.788712,0.797318,0.806461,0.816073,0.826156,0.836652,0.847556,0.858818,0.870430,0.882350,0.894565,0.907043,0.919765,0.932708,0.945849,0.959172,0.972649,0.986269,1.000000
16.9000,-0.000000,0.009453,0.019099,0.028944,0.039018,0.049325,0.059889,0.070711,0.081816,0.093200,0.104887,0.116870,0.129174,0.141787,0.154731,0.167992,0.181588,0.195499,0.209740,0.224287,0.239146,0.254290,0.269714,0.285391,0.301302,0.317421,0.333715,0.350158,0.366708,0.383340,0.400001,0.416673,0.433294,0.449855,0.466286,0.482592,0.498699,0.514621,0.530287,0.545722,0.560856,0.575724,0.590261,0.604511,0.618414,0.632018,0.645270,0.658223,0.670827,0.683140,0.695115,0.706810,0.718185,0.729298,0.740112,0.750683,0.760983,0.771063,0.780902,0.790554,0.800000,1.000000,0.986256,0.972664,0.959198,0.945921,0.932805,0.919915,0.907220,0.894793,0.882600,0.870719,0.859116,0.847874,0.836960,0.826462,0.816346,0.806707,0.797508,0.788851,0.780694,0.773146,0.766161,0.759850,0.754161,0.749206,0.744926,0.741431,0.738651,0.736692,0.735477,0.735100,0.735478,0.736692,0.738653,0.741430,0.744930,0.749206,0.754165,0.759849,0.766166,0.773145,0.780700,0.788850,0.797516,0.806707,0.816355,0.826462,0.836970,0.847873,0.859126,0.870717,0.882611,0.894792,0.907232,0.919914,0.932817,0.945920,0.959211,0.972664,0.986269,1.000000
17.0000,-0.000000,0.009453,0.019086,0.028911,0.038959,0.049237,0.059772,0.070565,0.081645,0.093006,0.104676,0.116648,0.128946,0.141559,0.154509,0.167781,0.181392,0.195322,0.209585,0.224155,0.239037,0.254204,0.269649,0.285344,0.301271,0.317402,0.333705,0.350154,0.366706,0.383339,0.400000,0.416672,0.433294,0.449858,0.466295,0.482609,0.498728,0.514666,0.530351,0.545807,0.560964,0.575855,0.590416,0.604687,0.618609,0.632229,0.645491,0.658450,0.671054,0.683360,0.695323,0.707002,0.718355,0.729442,0.740227,0.750770,0.761041,0.771096,0.780914,0.790554,0.800000,1.000000,0.986256,0.972655,0.959174,0.945878,0.932739,0.919824,0.907106,0.894656,0.882443,0.870544,0.858930,0.847682,0.836768,0.826277,0.816176,0.806558,0.797388,0.788766,0.780651,0.773150,0.766214,0.759955,0.754318,0.749413,0.745179,0.741724,0.738978,0.737044,0.735844,0.735472,0.735845,0.737044,0.738980,0.741724,0.745183,0.749413,0.754323,0.759955,0.766220,0.773149,0.780658,0.788765,0.797395,0.806557,0.816184,0.826277,0.836778,0.847682,0.858941,0.870545,0.882455,0.894656,0.907119,0.919825,0.932752,0.945877,0.959188,0.972655,0.986269,1.000000
17.1000,-0.000000,0.009453,0.019088,0.028916,0.038967,0.049250,0.059789,0.070587,0.081670,0.093035,0.104708,0.116682,0.128981,0.141594,0.154543,0.167813,0.181421,0.195349,0.209608,0.224174,0.239053,0.254216,0.269658,0.285351,0.301275,0.317404,0.333706,0.350154,0.366706,0.383339,0.400000,0.416672,0.433294,0.449857,0.466293,0.482606,0.498724,0.514659,0.530341,0.545793,0.560946,0.575834,0.590391,0.604659,0.618578,0.632195,0.645456,0.658414,0.671018,0.683326,0.695291,0.706972,0.718329,0.729420,0.740210,0.750757,0.761032,0.771091,0.780912,0.790554,0.800000,1.000000,0.986256,0.972656,0.959178,0.945884,0.932749,0.919838,0.907123,0.894676,0.882466,0.870571,0.858958,0.847711,0.836797,0.826306,0.816201,0.806580,0.797405,0.788778,0.780656,0.773148,0.766205,0.759938,0.754293,0.749380,0.745140,0.741678,0.738928,0.736990,0.735788,0.735416,0.735789,0.736990,0.738930,0.741679,0.745144,0.749381,0.754299,0.759939,0.766213,0.773149,0.780665,0.788780,0.797415,0.806582,0.816212,0.826306,0.836808,0.847712,0.858970,0.870572,0.882479,0.894677,0.907136,0.919838,0.932762,0.945884,0.959191,0.972656,0.986269,1.000000
17.2000,-0.000000,0.009453,0.019097,0.028939,0.039009,0.049313,0.059873,0.070691,0.081792,0.093173,0.104858,0.116840,0.129143,0.141756,0.154701,0.167963,0.181561,0.195475,0.209718,0.224268,0.239130,0.254277,0.269704,0.285383,0.301297,0.317417,0.333713,0.350157,0.366707,0.383339,0.400000,0.416672,0.433293,0.449854,0.466287,0.482594,0.498703,0.514627,0.530296,0.545733,0.560870,0.575741,0.590281,0.604534,0.618439,0.632046,0.645299,0.658253,0.670857,0.683169,0.695143,0.706836,0.718209,0.729318,0.740128,0.750695,0.760991,0.771068,0.780903,0.790554,0.800000,1.000000,0.986256,0.972663,0.959195,0.945914,0.932796,0.919902,0.907204,0.894773,0.882578,0.870694,0.859090,0.847848,0.836934,0.826437,0.816323,0.806687,0.797491,0.788838,0.780687,0.773145,0.766167,0.759863,0.754181,0.749234,0.744960,0.741470,0.738695,0.736740,0.735527,0.735150,0.735527,0.736740,0.738698,0.741470,0.744964,0.749234,0.754187,0.759863,0.766173,0.773145,0.780695,0.788839,0.797500,0.806687,0.816333,0.826438,0.836944,0.847848,0.859101,0.870694,0.882589,0.894773,0.907216,0.919901,0.932808,0.945914,0.959208,0.972663,0.986269,1.000000
17.3000,-0.000000,0.009453,0.019079,0.028892,0.038925,0.049187,0.059706,0.070483,0.081548,0.092897,0.104558,0.116523,0.128818,0.141431,0.154384,0.167662,0.181282,0.195223,0.209498,0.224082,0.238977,0.254157,0.269614,0.285319,0.301255,0.317392,0.333700,0.350152,0.366706,0.383339,0.400000,0.416673,0.433295,0.449860,0.466301,0.482620,0.498746,0.514692,0.530387,0.545855,0.561024,0.575929,0.590503,0.604787,0.618719,0.632348,0.645616,0.658579,0.671183,0.683486,0.695443,0.707112,0.718452,0.729525,0.740295,0.750820,0.761075,0.771115,0.780922,0.790554,0.800000,1.000000,0.986255,0.972650,0.959161,0.945853,0.932702,0.919774,0.907042,0.894578,0.882354,0.870447,0.858825,0.847574,0.836660,0.826173,0.816080,0.806475,0.797321,0.788720,0.780629,0.773154,0.766247,0.760017,0.754408,0.749531,0.745323,0.741891,0.739164,0.737244,0.736053,0.735684,0.736054,0.737244,0.739167,0.741891,0.745328,0.749532,0.754414,0.760016,0.766252,0.773153,0.780635,0.788719,0.797328,0.806474,0.816089,0.826173,0.836670,0.847574,0.858836,0.870446,0.882366,0.894578,0.907054,0.919773,0.932714,0.945853,0.959174,0.972650,0.986269,1.000000
17.4000,-0.000000,0.009453,0.019102,0.028954,0.039036,0.049352,0.059925,0.070756,0.081868,0.093259,0.104951,0.116939,0.129245,0.141858,0.154800,0.168058,0.181648,0.195554,0.209788,0.224328,0.239179,0.254316,0.269734,0.285405,0.301312,0.317426,0.333718,0.350159,0.366708,0.383340,0.400000,0.416672,0.433293,0.449853,0.466283,0.482586,0.498689,0.514606,0.530266,0.545694,0.560821,0.575682,0.590213,0.604455,0.618352,0.631951,0.645200,0.658151,0.670755,0.683070,0.695049,0.706750,0.718131,0.729253,0.740075,0.750656,0.760964,0.771053,0.780898,0.790554,0.800000,1.000000,0.986256,0.972667,0.959205,0.945934,0.932825,0.919942,0.907255,0.894835,0.882649,0.870772,0.859174,0.847934,0.837021,0.826521,0.816400,0.806754,0.797546,0.788878,0.780709,0.773147,0.766146,0.759819,0.754114,0.749144,0.744849,0.741340,0.738550,0.736583,0.735363,0.734984,0.735363,0.736583,0.738552,0.741340,0.744852,0.749142,0.754118,0.759818,0.766151,0.773145,0.780715,0.788876,0.797553,0.806753,0.816409,0.826520,0.837030,0.847934,0.859184,0.870772,0.882660,0.894834,0.907267,0.919941,0.932837,0.945934,0.959218,0.972666,0.986269,1.000000
17.5000,-0.000000,0.009452,0.019077,0.028889,0.038920,0.049179,0.059695,0.070469,0.081532,0.092879,0.104538,0.116503,0.128797,0.141410,0.154364,0.167643,0.181264,0.195207,0.209483,0.224069,0.238966,0.254147,0.269607,0.285314,0.301251,0.317389,0.333698,0.350151,0.366705,0.383339,0.400000,0.416672,0.433294,0.449860,0.466301,0.482621,0.498748,0.514696,0.530393,0.545861,0.561033,0.575940,0.590515,0.604801,0.618735,0.632366,0.645636,0.658599,0.671203,0.683506,0.695462,0.707129,0.718468,0.729539,0.740305,0.750828,0.761080,0.771118,0.780923,0.790554,0.800000,1.000000,0.986256,0.972649,0.959159,0.945849,0.932696,0.919766,0.907032,0.894566,0.882340,0.870431,0.858809,0.847557,0.836643,0.826157,0.816065,0.806462,0.797310,0.788712,0.780624,0.773153,0.766251,0.760026,0.754423,0.749550,0.745347,0.741918,0.739194,0.737276,0.736086,0.735718,0.736087,0.737276,0.739196,0.741917,0.745350,0.749550,0.754427,0.760026,0.766258,0.773155,0.780633,0.788714,0.797320,0.806463,0.816075,0.826158,0.836653,0.847556,0.858819,0.870431,0.882351,0.894566,0.907043,0.919765,0.932709,0.945849,0.959172,0.972649,0.986269,1.000000
17.6000,-0.000000,0.009453,0.019099,0.028945,0.039019,0.049326,0.059891,0.070714,0.081820,0.093204,0.104892,0.116877,0.129181,0.141794,0.154738,0.167999,0.181594,0.195505,0.209745,0.224291,0.239148,0.254291,0.269715,0.285391,0.301302,0.317420,0.333714,0.350157,0.366707,0.383339,0.400000,0.416672,0.433293,0.449853,0.466285,0.482590,0.498696,0.514619,0.530284,0.545718,0.560851,0.575718,0.590255,0.604504,0.618406,0.632010,0.645261,0.658214,0.670819,0.683132,0.695107,0.706803,0.718180,0.729293,0.740108,0.750680,0.760980,0.771062,0.780901,0.790554,0.800000,1.000000,0.986256,0.972664,0.959198,0.945921,0.932806,0.919916,0.907222,0.894796,0.882604,0.870723,0.859122,0.847880,0.836967,0.826469,0.816353,0.806713,0.797512,0.788853,0.780695,0.773145,0.766159,0.759846,0.754155,0.749199,0.744917,0.741421,0.738641,0.736681,0.735465,0.735089,0.735466,0.736681,0.738643,0.741421,0.744922,0.749200,0.754162,0.759847,0.766166,0.773146,0.780703,0.788854,0.797521,0.806713,0.816362,0.826470,0.836978,0.847881,0.859133,0.870724,0.882617,0.894796,0.907236,0.919917,0.932820,0.945922,0.959212,0.972664,0.986269,1.000000
17.7000,-0.000000,0.009453,0.019085,0.028909,0.038955,0.049231,0.059764,0.070555,0.081633,0.092993,0.104662,0.116632,0.128930,0.141543,0.154494,0.167766,0.181379,0.195311,0.209575,0.224146,0.239030,0.254198,0.269645,0.285341,0.301269,0.317401,0.333704,0.350154,0.366706,0.383339,0.400000,0.416672,0.433294,0.449858,0.466296,0.482611,0.498731,0.514670,0.530355,0.545813,0.560971,0.575864,0.590426,0.604699,0.618622,0.632243,0.645506,0.658466,0.671070,0.683376,0.695338,0.707015,0.718366,0.729452,0.740236,0.750776,0.761045,0.771098,0.780915,0.790554,0.800000,1.000000,0.986256,0.972654,0.959173,0.945875,0.932734,0.919818,0.907098,0.894646,0.882431,0.870532,0.858917,0.847668,0.836754,0.826265,0.816164,0.806548,0.797380,0.788761,0.780649,0.773151,0.766219,0.759963,0.754329,0.749427,0.745196,0.741744,0.739000,0.737067,0.735869,0.735497,0.735869,0.737067,0.739002,0.741744,0.745200,0.749427,0.754333,0.759962,0.766224,0.773150,0.780655,0.788760,0.797388,0.806548,0.816173,0.826264,0.836765,0.847669,0.858928,0.870533,0.882444,0.894647,0.907111,0.919819,0.932748,0.945874,0.959186,0.972654,0.986269,1.000000
17.8000,-0.000000,0.009453,0.019089,0.028920,0.038974,0.049260,0.059801,0.070602,0.081687,0.093054,0.104728,0.116703,0.129002,0.141615,0.154563,0.167832,0.181440,0.195366,0.209623,0.224187,0.239064,0.254225,0.269665,0.285356,0.301279,0.317407,0.333708,0.350155,0.366707,0.383340,0.400001,0.416673,0.433294,0.449857,0.466294,0.482605,0.498722,0.514655,0.530336,0.545786,0.560937,0.575823,0.590378,0.604644,0.618561,0.632177,0.645437,0.658395,0.670999,0.683307,0.695273,0.706956,0.718314,0.729408,0.740200,0.750749,0.761027,0.771088,0.780911,0.790554,0.800000,1.000000,0.986256,0.972657,0.959181,0.945889,0.932756,0.919847,0.907135,0.894689,0.882481,0.870587,0.858975,0.847729,0.836815,0.826322,0.816217,0.806594,0.797417,0.788787,0.780662,0.773149,0.766202,0.759930,0.754280,0.749363,0.745117,0.741652,0.738898,0.736957,0.735754,0.735381,0.735754,0.736957,0.738900,0.741651,0.745120,0.749362,0.754285,0.759930,0.766208,0.773149,0.780669,0.788787,0.797425,0.806594,0.816226,0.826322,0.836825,0.847729,0.858986,0.870586,0.882492,0.894688,0.907146,0.919846,0.932768,0.945888,0.959193,0.972657,0.986269,1.000000
17.9000,-0.000000,0.009453,0.019095,0.028936,0.039004,0.049304,0.059861,0.070676,0.081775,0.093154,0.104837,0.116818,0.129121,0.141734,0.154680,0.167943,0.181542,0.195458,0.209704,0.224256,0.239120,0.254269,0.269698,0.285379,0.301295,0.317416,0.333712,0.350157,0.366707,0.383339,0.400000,0.416672,0.433293,0.449855,0.466288,0.482595,0.498705,0.514631,0.530302,0.545740,0.560880,0.575753,0.590296,0.604551,0.618458,0.632066,0.645320,0.658275,0.670879,0.683190,0.695163,0.706854,0.718225,0.729332,0.740139,0.750704,0.760996,0.771071,0.780905,0.790554,0.800000,1.000000,0.986256,0.972662,0.959192,0.945910,0.932789,0.919893,0.907193,0.894760,0.882563,0.870677,0.859073,0.847830,0.836916,0.826420,0.816307,0.806673,0.797480,0.788831,0.780684,0.773147,0.766173,0.759874,0.754197,0.749254,0.744984,0.741498,0.738727,0.736773,0.735561,0.735186,0.735562,0.736774,0.738729,0.741499,0.744989,0.749255,0.754203,0.759874,0.766180,0.773147,0.780691,0.788831,0.797489,0.806673,0.816316,0.826420,0.836926,0.847830,0.859084,0.870678,0.882575,0.894760,0.907205,0.919893,0.932802,0.945910,0.959206,0.972662,0.986269,1.000000
18.0000,-0.000000,0.009453,0.019079,0.028894,0.038929,0.049193,0.059714,0.070493,0.081560,0.092911,0.104574,0.116540,0.128836,0.141449,0.154402,0.167679,0.181298,0.195238,0.209510,0.224092,0.238985,0.254162,0.269618,0.285322,0.301256,0.317392,0.333699,0.350151,0.366705,0.383339,0.399999,0.416672,0.433294,0.449859,0.466300,0.482618,0.498743,0.514688,0.530382,0.545847,0.561015,0.575917,0.590489,0.604771,0.618701,0.632329,0.645597,0.658559,0.671163,0.683467,0.695425,0.707096,0.718438,0.729514,0.740285,0.750813,0.761070,0.771112,0.780920,0.790554,0.800000,1.000000,0.986256,0.972650,0.959162,0.945856,0.932706,0.919780,0.907050,0.894588,0.882366,0.870460,0.858840,0.847589,0.836676,0.826189,0.816094,0.806487,0.797331,0.788727,0.780631,0.773152,0.766241,0.760006,0.754394,0.749513,0.745302,0.741866,0.739137,0.737214,0.736022,0.735653,0.736023,0.737214,0.739139,0.741866,0.745306,0.749514,0.754399,0.760007,0.766247,0.773153,0.780640,0.788728,0.797340,0.806489,0.816104,0.826190,0.836687,0.847591,0.858852,0.870461,0.882378,0.894589,0.907063,0.919781,0.932720,0.945856,0.959176,0.972651,0.986269,1.000000
18.1000,-0.000000,0.009453,0.019102,0.028953,0.039033,0.049347,0.059918,0.070747,0.081859,0.093248,0.104940,0.116926,0.129232,0.141845,0.154788,0.168046,0.181637,0.195544,0.209779,0.224321,0.239173,0.254311,0.269730,0.285402,0.301310,0.317425,0.333717,0.350159,0.366707,0.383339,0.400000,0.416672,0.433292,0.449852,0.466283,0.482586,0.498690,0.514608,0.530269,0.545698,0.560827,0.575689,0.590220,0.604464,0.618362,0.631963,0.645212,0.658164,0.670769,0.683083,0.695061,0.706761,0.718142,0.729261,0.740082,0.750661,0.760967,0.771054,0.780898,0.790554,0.800000,1.000000,0.986256,0.972666,0.959204,0.945932,0.932821,0.919937,0.907249,0.894827,0.882640,0.870762,0.859163,0.847923,0.837009,0.826510,0.816390,0.806746,0.797539,0.788873,0.780706,0.773146,0.766148,0.759824,0.754122,0.749154,0.744862,0.741356,0.738568,0.736602,0.735383,0.735005,0.735383,0.736602,0.738570,0.741355,0.744866,0.749154,0.754127,0.759825,0.766155,0.773147,0.780714,0.788874,0.797549,0.806747,0.816400,0.826510,0.837020,0.847923,0.859174,0.870762,0.882651,0.894827,0.907261,0.919937,0.932834,0.945932,0.959217,0.972666,0.986269,1.000000
18.2000,-0.000000,0.009452,0.019078,0.028890,0.038921,0.049181,0.059697,0.070472,0.081535,0.092883,0.104542,0.116507,0.128801,0.141414,0.154368,0.167647,0.181268,0.195211,0.209487,0.224072,0.238969,0.254150,0.269609,0.285316,0.301253,0.317391,0.333699,0.350152,0.366706,0.383339,0.400000,0.416673,0.433295,0.449860,0.466302,0.482621,0.498747,0.514695,0.530392,0.545860,0.561032,0.575938,0.590514,0.604800,0.618733,0.632364,0.645633,0.658596,0.671200,0.683503,0.695459,0.707126,0.718465,0.729536,0.740304,0.750827,0.761079,0.771117,0.780922,0.790554,0.800000,1.000000,0.986256,0.972649,0.959159,0.945850,0.932697,0.919767,0.907033,0.894569,0.882343,0.870434,0.858812,0.847560,0.836646,0.826160,0.816068,0.806465,0.797313,0.788715,0.780627,0.773155,0.766252,0.760025,0.754421,0.749548,0.745343,0.741913,0.739188,0.737269,0.736079,0.735710,0.736080,0.737269,0.739190,0.741913,0.745346,0.749547,0.754425,0.760025,0.766258,0.773155,0.780633,0.788714,0.797321,0.806464,0.816076,0.826159,0.836655,0.847559,0.858822,0.870433,0.882354,0.894568,0.907045,0.919767,0.932710,0.945850,0.959173,0.972649,0.986269,1.000000
18.3000,-0.000000,0.009453,0.019099,0.028945,0.039020,0.049329,0.059894,0.070718,0.081824,0.093209,0.104897,0.116882,0.129187,0.141800,0.154744,0.168004,0.181599,0.195510,0.209749,0.224295,0.239152,0.254295,0.269717,0.285393,0.301304,0.317421,0.333715,0.350158,0.366707,0.383339,0.400000,0.416672,0.433293,0.449854,0.466286,0.482590,0.498696,0.514618,0.530283,0.545716,0.560849,0.575715,0.590252,0.604500,0.618401,0.632005,0.645256,0.658209,0.670813,0.683126,0.695102,0.706799,0.718176,0.729290,0.740105,0.750679,0.760980,0.771062,0.780901,0.790554,0.800000,1.000000,0.986256,0.972664,0.959199,0.945922,0.932807,0.919918,0.907225,0.894799,0.882608,0.870727,0.859126,0.847885,0.836972,0.826474,0.816357,0.806717,0.797516,0.788856,0.780697,0.773147,0.766158,0.759844,0.754152,0.749195,0.744912,0.741413,0.738632,0.736672,0.735456,0.735079,0.735456,0.736671,0.738634,0.741413,0.744915,0.749194,0.754157,0.759844,0.766164,0.773146,0.780704,0.788855,0.797523,0.806716,0.816366,0.826473,0.836982,0.847885,0.859137,0.870728,0.882619,0.894799,0.907238,0.919918,0.932820,0.945923,0.959212,0.972664,0.986269,1.000000
18.4000,-0.000000,0.009453,0.019084,0.028906,0.038950,0.049225,0.059756,0.070545,0.081621,0.092980,0.104648,0.116619,0.128916,0.141529,0.154480,0.167753,0.181366,0.195300,0.209565,0.224138,0.239023,0.254193,0.269641,0.285338,0.301267,0.317399,0.333703,0.350153,0.366706,0.383339,0.400000,0.416672,0.433294,0.449858,0.466297,0.482612,0.498732,0.514672,0.530359,0.545817,0.560977,0.575871,0.590435,0.604709,0.618633,0.632255,0.645519,0.658478,0.671083,0.683389,0.695351,0.707028,0.718378,0.729462,0.740244,0.750783,0.761050,0.771101,0.780916,0.790554,0.800000,1.000000,0.986256,0.972654,0.959171,0.945871,0.932730,0.919812,0.907091,0.894637,0.882422,0.870521,0.858905,0.847657,0.836743,0.826254,0.816154,0.806539,0.797373,0.788755,0.780646,0.773150,0.766221,0.759969,0.754338,0.749439,0.745211,0.741761,0.739020,0.737089,0.735891,0.735520,0.735892,0.737089,0.739023,0.741762,0.745216,0.749440,0.754344,0.759969,0.766228,0.773151,0.780654,0.788756,0.797382,0.806540,0.816164,0.826255,0.836754,0.847658,0.858917,0.870522,0.882434,0.894637,0.907103,0.919812,0.932743,0.945871,0.959184,0.972654,0.986269,1.000000
18.5000,-0.000000,0.009453,0.019090,0.028922,0.038978,0.049266,0.059811,0.070614,0.081701,0.093070,0.104746,0.116721,0.129021,0.141634,0.154582,0.167850,0.181456,0.195381,0.209636,0.224198,0.239073,0.254232,0.269670,0.285359,0.301281,0.317407,0.333707,0.350154,0.366706,0.383339,0.400000,0.416672,0.433293,0.449856,0.466291,0.482603,0.498718,0.514650,0.530329,0.545777,0.560927,0.575811,0.590364,0.604628,0.618544,0.632159,0.645417,0.658374,0.670978,0.683287,0.695254,0.706939,0.718299,0.729395,0.740190,0.750742,0.761022,0.771085,0.780910,0.790554,0.800000,1.000000,0.986256,0.972658,0.959182,0.945892,0.932761,0.919854,0.907144,0.894701,0.882494,0.870601,0.858991,0.847745,0.836831,0.826338,0.816231,0.806607,0.797427,0.788794,0.780666,0.773149,0.766197,0.759920,0.754266,0.749344,0.745094,0.741625,0.738868,0.736926,0.735721,0.735348,0.735723,0.736927,0.738872,0.741627,0.745100,0.749346,0.754272,0.759922,0.766204,0.773149,0.780673,0.788795,0.797436,0.806608,0.816241,0.826339,0.836842,0.847746,0.859002,0.870602,0.882506,0.894701,0.907156,0.919854,0.932773,0.945891,0.959195,0.972658,0.986269,1.000000
18.6000,-0.000000,0.009453,0.019094,0.028933,0.038998,0.049296,0.059850,0.070663,0.081759,0.093135,0.104817,0.116797,0.129099,0.141712,0.154658,0.167923,0.181523,0.195441,0.209689,0.224244,0.239110,0.254262,0.269693,0.285376,0.301292,0.317414,0.333711,0.350157,0.366707,0.383340,0.400000,0.416673,0.433294,0.449855,0.466289,0.482597,0.498709,0.514635,0.530308,0.545749,0.560891,0.575766,0.590312,0.604569,0.618478,0.632087,0.645342,0.658297,0.670901,0.683212,0.695183,0.706873,0.718241,0.729346,0.740150,0.750712,0.761002,0.771074,0.780906,0.790554,0.800000,1.000000,0.986256,0.972661,0.959190,0.945906,0.932783,0.919884,0.907182,0.894747,0.882547,0.870661,0.859054,0.847811,0.836897,0.826401,0.816290,0.806658,0.797469,0.788823,0.780680,0.773148,0.766179,0.759885,0.754212,0.749274,0.745008,0.741526,0.738757,0.736806,0.735596,0.735220,0.735596,0.736806,0.738759,0.741525,0.745012,0.749273,0.754217,0.759884,0.766185,0.773147,0.780687,0.788822,0.797476,0.806658,0.816299,0.826401,0.836907,0.847810,0.859065,0.870661,0.882559,0.894747,0.907194,0.919884,0.932796,0.945906,0.959203,0.972661,0.986269,1.000000
18.7000,-0.000000,0.009453,0.019081,0.028897,0.038935,0.049201,0.059724,0.070506,0.081576,0.092929,0.104593,0.116560,0.128856,0.141469,0.154422,0.167698,0.181315,0.195253,0.209524,0.224103,0.238994,0.254170,0.269624,0.285326,0.301260,0.317395,0.333701,0.350152,0.366706,0.383340,0.400000,0.416673,0.433295,0.449860,0.466300,0.482617,0.498741,0.514684,0.530377,0.545840,0.561006,0.575907,0.590476,0.604756,0.618685,0.632312,0.645579,0.658540,0.671144,0.683449,0.695408,0.707080,0.718425,0.729502,0.740276,0.750806,0.761065,0.771110,0.780920,0.790554,0.800000,1.000000,0.986256,0.972651,0.959165,0.945860,0.932712,0.919788,0.907060,0.894601,0.882380,0.870476,0.858857,0.847607,0.836693,0.826206,0.816110,0.806502,0.797343,0.788735,0.780636,0.773153,0.766237,0.759999,0.754382,0.749497,0.745281,0.741842,0.739109,0.737185,0.735991,0.735621,0.735991,0.737184,0.739110,0.741840,0.745283,0.749495,0.754385,0.759998,0.766243,0.773153,0.780643,0.788734,0.797350,0.806501,0.816118,0.826205,0.836702,0.847606,0.858867,0.870475,0.882391,0.894601,0.907072,0.919788,0.932725,0.945860,0.959178,0.972651,0.986269,1.000000
18.8000,-0.000000,0.009453,0.019101,0.028950,0.039028,0.049341,0.059910,0.070738,0.081848,0.093236,0.104927,0.116913,0.129218,0.141832,0.154775,0.168034,0.181626,0.195535,0.209771,0.224313,0.239167,0.254306,0.269726,0.285399,0.301308,0.317424,0.333717,0.350159,0.366708,0.383339,0.400000,0.416672,0.433293,0.449853,0.466284,0.482588,0.498692,0.514611,0.530274,0.545704,0.560834,0.575697,0.590230,0.604475,0.618374,0.631976,0.645226,0.658178,0.670783,0.683097,0.695074,0.706773,0.718153,0.729271,0.740089,0.750667,0.760971,0.771057,0.780899,0.790554,0.800000,1.000000,0.986256,0.972665,0.959202,0.945928,0.932816,0.919930,0.907241,0.894818,0.882630,0.870752,0.859152,0.847912,0.836999,0.826500,0.816381,0.806738,0.797533,0.788868,0.780704,0.773146,0.766151,0.759830,0.754131,0.749166,0.744877,0.741373,0.738587,0.736624,0.735405,0.735027,0.735406,0.736623,0.738590,0.741374,0.744881,0.749167,0.754137,0.759831,0.766158,0.773147,0.780711,0.788868,0.797541,0.806738,0.816390,0.826499,0.837008,0.847911,0.859162,0.870751,0.882641,0.894817,0.907253,0.919931,0.932830,0.945929,0.959216,0.972666,0.986269,1.000000
18.9000,-0.000000,0.009453,0.019078,0.028890,0.038922,0.049183,0.059699,0.070475,0.081538,0.092886,0.104546,0.116511,0.128805,0.141418,0.154372,0.167650,0.181271,0.195214,0.209490,0.224074,0.238971,0.254152,0.269610,0.285316,0.301253,0.317390,0.333699,0.350151,0.366705,0.383339,0.400000,0.416672,0.433294,0.449859,0.466300,0.482620,0.498746,0.514693,0.530389,0.545857,0.561028,0.575934,0.590509,0.604794,0.618728,0.632358,0.645627,0.658589,0.671193,0.683497,0.695453,0.707121,0.718461,0.729532,0.740300,0.750824,0.761078,0.771116,0.780922,0.790554,0.800000,1.000000,0.986256,0.972650,0.959160,0.945851,0.932699,0.919769,0.907036,0.894571,0.882346,0.870437,0.858816,0.847564,0.836650,0.826164,0.816071,0.806468,0.797315,0.788716,0.780627,0.773154,0.766250,0.760022,0.754417,0.749542,0.745336,0.741905,0.739179,0.737260,0.736069,0.735700,0.736070,0.737260,0.739182,0.741905,0.745340,0.749543,0.754423,0.760023,0.766257,0.773156,0.780635,0.788717,0.797325,0.806469,0.816081,0.826165,0.836661,0.847565,0.858827,0.870438,0.882358,0.894572,0.907049,0.919770,0.932712,0.945851,0.959173,0.972650,0.986269,1.000000
19.0000,-0.000000,0.009453,0.019099,0.028946,0.039022,0.049330,0.059896,0.070720,0.081827,0.093212,0.104900,0.116885,0.129189,0.141802,0.154747,0.168007,0.181601,0.195512,0.209751,0.224296,0.239153,0.254296,0.269718,0.285394,0.301304,0.317421,0.333715,0.350158,0.366707,0.383339,0.400000,0.416672,0.433293,0.449853,0.466285,0.482590,0.498696,0.514616,0.530282,0.545714,0.560846,0.575713,0.590249,0.604497,0.618398,0.632001,0.645252,0.658205,0.670809,0.683123,0.695099,0.706796,0.718173,0.729288,0.740104,0.750678,0.760979,0.771061,0.780901,0.790554,0.800000,1.000000,0.986256,0.972665,0.959200,0.945923,0.932809,0.919920,0.907227,0.894801,0.882610,0.870730,0.859129,0.847887,0.836973,0.826475,0.816359,0.806718,0.797517,0.788857,0.780697,0.773146,0.766158,0.759843,0.754150,0.749191,0.744907,0.741408,0.738626,0.736665,0.735448,0.735071,0.735450,0.736665,0.738628,0.741408,0.744911,0.749191,0.754155,0.759843,0.766164,0.773147,0.780705,0.788857,0.797526,0.806719,0.816369,0.826477,0.836985,0.847888,0.859140,0.870730,0.882622,0.894801,0.907239,0.919919,0.932821,0.945923,0.959213,0.972665,0.986269,1.000000
19.1000,-0.000000,0.009453,0.019083,0.028905,0.038948,0.049220,0.059750,0.070538,0.081613,0.092970,0.104638,0.116608,0.128905,0.141519,0.154470,0.167744,0.181358,0.195292,0.209558,0.224132,0.239018,0.254189,0.269638,0.285336,0.301266,0.317398,0.333703,0.350153,0.366706,0.383339,0.400000,0.416672,0.433294,0.449858,0.466297,0.482613,0.498735,0.514674,0.530363,0.545822,0.560983,0.575879,0.590443,0.604719,0.618643,0.632267,0.645531,0.658491,0.671096,0.683401,0.695363,0.707038,0.718388,0.729471,0.740251,0.750788,0.761053,0.771103,0.780917,0.790554,0.800000,1.000000,0.986256,0.972653,0.959170,0.945869,0.932726,0.919808,0.907085,0.894631,0.882414,0.870513,0.858897,0.847648,0.836735,0.826246,0.816147,0.806534,0.797369,0.788753,0.780645,0.773152,0.766226,0.759975,0.754347,0.749451,0.745225,0.741777,0.739037,0.737107,0.735911,0.735540,0.735912,0.737108,0.739040,0.741778,0.745229,0.749451,0.754352,0.759975,0.766231,0.773151,0.780651,0.788751,0.797375,0.806532,0.816155,0.826245,0.836743,0.847647,0.858907,0.870512,0.882425,0.894630,0.907097,0.919807,0.932739,0.945869,0.959183,0.972653,0.986269,1.000000
19.2000,-0.000000,0.009453,0.019091,0.028924,0.038983,0.049273,0.059819,0.070625,0.081714,0.093085,0.104762,0.116739,0.129039,0.141652,0.154600,0.167867,0.181472,0.195395,0.209649,0.224209,0.239082,0.254239,0.269676,0.285364,0.301284,0.317409,0.333709,0.350156,0.366707,0.383339,0.400000,0.416673,0.433294,0.449856,0.466292,0.482602,0.498716,0.514648,0.530325,0.545772,0.560919,0.575801,0.590352,0.604615,0.618528,0.632142,0.645400,0.658357,0.670961,0.683270,0.695239,0.706924,0.718287,0.729384,0.740181,0.750735,0.761018,0.771083,0.780909,0.790554,0.800000,1.000000,0.986256,0.972659,0.959184,0.945895,0.932766,0.919861,0.907153,0.894711,0.882507,0.870615,0.859006,0.847760,0.836847,0.826353,0.816246,0.806620,0.797438,0.788802,0.780669,0.773149,0.766193,0.759913,0.754254,0.749328,0.745075,0.741603,0.738844,0.736899,0.735693,0.735319,0.735693,0.736899,0.738845,0.741603,0.745079,0.749328,0.754258,0.759912,0.766199,0.773148,0.780676,0.788801,0.797446,0.806619,0.816255,0.826353,0.836856,0.847760,0.859016,0.870615,0.882518,0.894710,0.907164,0.919860,0.932778,0.945895,0.959197,0.972659,0.986269,1.000000
19.3000,-0.000000,0.009453,0.019093,0.028930,0.038993,0.049288,0.059839,0.070649,0.081743,0.093118,0.104798,0.116777,0.129078,0.141691,0.154638,0.167903,0.181505,0.195425,0.209675,0.224232,0.239100,0.254253,0.269687,0.285371,0.301289,0.317412,0.333710,0.350156,0.366707,0.383339,0.400000,0.416672,0.433293,0.449855,0.466290,0.482598,0.498711,0.514639,0.530313,0.545756,0.560900,0.575777,0.590325,0.604584,0.618494,0.632106,0.645362,0.658317,0.670921,0.683231,0.695201,0.706890,0.718256,0.729358,0.740160,0.750719,0.761007,0.771077,0.780907,0.790554,0.800000,1.000000,0.986256,0.972660,0.959188,0.945902,0.932777,0.919876,0.907172,0.894735,0.882533,0.870645,0.859038,0.847793,0.836879,0.826384,0.816274,0.806645,0.797458,0.788815,0.780676,0.773148,0.766184,0.759895,0.754227,0.749293,0.745031,0.741552,0.738787,0.736838,0.735628,0.735253,0.735629,0.736837,0.738788,0.741551,0.745034,0.749292,0.754231,0.759894,0.766190,0.773148,0.780684,0.788815,0.797466,0.806645,0.816284,0.826385,0.836889,0.847793,0.859049,0.870645,0.882545,0.894735,0.907184,0.919876,0.932790,0.945902,0.959201,0.972660,0.986269,1.000000
19.4000,-0.000000,0.009453,0.019081,0.028900,0.038939,0.049208,0.059734,0.070518,0.081590,0.092945,0.104610,0.116579,0.128875,0.141488,0.154440,0.167715,0.181331,0.195267,0.209536,0.224114,0.239003,0.254177,0.269629,0.285330,0.301262,0.317396,0.333701,0.350152,0.366705,0.383339,0.400000,0.416672,0.433294,0.449859,0.466298,0.482615,0.498737,0.514680,0.530370,0.545832,0.560996,0.575895,0.590463,0.604741,0.618669,0.632294,0.645560,0.658521,0.671125,0.683430,0.695390,0.707063,0.718410,0.729489,0.740266,0.750799,0.761060,0.771107,0.780918,0.790554,0.800000,1.000000,0.986256,0.972652,0.959166,0.945863,0.932717,0.919795,0.907070,0.894612,0.882393,0.870490,0.858872,0.847622,0.836708,0.826220,0.816123,0.806512,0.797351,0.788740,0.780639,0.773152,0.766232,0.759988,0.754367,0.749477,0.745258,0.741815,0.739080,0.737153,0.735958,0.735589,0.735960,0.737154,0.739083,0.741816,0.745263,0.749479,0.754373,0.759990,0.766239,0.773153,0.780647,0.788742,0.797360,0.806513,0.816132,0.826220,0.836718,0.847622,0.858883,0.870490,0.882405,0.894613,0.907082,0.919796,0.932731,0.945863,0.959180,0.972652,0.986269,1.000000
19.5000,-0.000000,0.009453,0.019100,0.028948,0.039025,0.049335,0.059903,0.070728,0.081837,0.093223,0.104913,0.116899,0.129204,0.141817,0.154761,0.168020,0.181614,0.195523,0.209760,0.224304,0.239160,0.254301,0.269722,0.285396,0.301306,0.317422,0.333716,0.350158,0.366707,0.383339,0.400000,0.416672,0.433293,0.449853,0.466284,0.482589,0.498694,0.514615,0.530279,0.545710,0.560841,0.575705,0.590240,0.604487,0.618387,0.631989,0.645240,0.658192,0.670797,0.683110,0.695087,0.706785,0.718163,0.729280,0.740097,0.750673,0.760976,0.771060,0.780900,0.790554,0.800000,1.000000,0.986256,0.972665,0.959201,0.945926,0.932812,0.919925,0.907234,0.894809,0.882620,0.870740,0.859140,0.847900,0.836986,0.826488,0.816370,0.806728,0.797524,0.788862,0.780700,0.773146,0.766155,0.759837,0.754140,0.749179,0.744893,0.741392,0.738608,0.736646,0.735428,0.735051,0.735429,0.736646,0.738610,0.741392,0.744897,0.749179,0.754146,0.759837,0.766161,0.773146,0.780708,0.788862,0.797533,0.806728,0.816379,0.826488,0.836996,0.847899,0.859151,0.870740,0.882631,0.894809,0.907246,0.919925,0.932825,0.945925,0.959214,0.972665,0.986269,1.000000
19.6000,-0.000000,0.009453,0.019078,0.028892,0.038924,0.049186,0.059703,0.070480,0.081544,0.092893,0.104553,0.116518,0.128813,0.141426,0.154380,0.167658,0.181278,0.195221,0.209496,0.224079,0.238975,0.254155,0.269612,0.285318,0.301254,0.317392,0.333700,0.350152,0.366706,0.383339,0.400000,0.416672,0.433295,0.449860,0.466301,0.482620,0.498746,0.514693,0.530388,0.545856,0.561026,0.575931,0.590505,0.604789,0.618722,0.632351,0.645620,0.658582,0.671187,0.683490,0.695447,0.707115,0.718456,0.729528,0.740297,0.750822,0.761076,0.771115,0.780922,0.790554,0.800000,1.000000,0.986256,0.972650,0.959160,0.945852,0.932701,0.919772,0.907040,0.894576,0.882351,0.870443,0.858822,0.847570,0.836656,0.826170,0.816077,0.806473,0.797320,0.788720,0.780629,0.773155,0.766249,0.760019,0.754412,0.749535,0.745328,0.741896,0.739169,0.737249,0.736059,0.735690,0.736059,0.737249,0.739171,0.741895,0.745331,0.749534,0.754415,0.760018,0.766253,0.773154,0.780635,0.788719,0.797327,0.806473,0.816086,0.826170,0.836667,0.847570,0.858833,0.870443,0.882363,0.894576,0.907052,0.919772,0.932713,0.945852,0.959174,0.972650,0.986269,1.000000
19.7000,-0.000000,0.009453,0.019099,0.028946,0.039022,0.049331,0.059897,0.070722,0.081828,0.093214,0.104902,0.116887,0.129192,0.141805,0.154749,0.168009,0.181603,0.195513,0.209752,0.224297,0.239154,0.254296,0.269719,0.285394,0.301305,0.317422,0.333715,0.350158,0.366707,0.383339,0.400000,0.416672,0.433293,0.449854,0.466285,0.482590,0.498696,0.514616,0.530281,0.545714,0.560846,0.575712,0.590248,0.604496,0.618397,0.632001,0.645252,0.658204,0.670809,0.683122,0.695098,0.706795,0.718172,0.729287,0.740103,0.750677,0.760978,0.771061,0.780901,0.790554,0.800000,1.000000,0.986256,0.972665,0.959200,0.945924,0.932809,0.919920,0.907228,0.894802,0.882611,0.870731,0.859130,0.847889,0.836975,0.826477,0.816360,0.806719,0.797517,0.788857,0.780697,0.773146,0.766157,0.759842,0.754149,0.749190,0.744906,0.741406,0.738624,0.736663,0.735446,0.735069,0.735447,0.736663,0.738627,0.741407,0.744910,0.749190,0.754154,0.759843,0.766164,0.773147,0.780705,0.788857,0.797526,0.806719,0.816369,0.826477,0.836986,0.847889,0.859141,0.870731,0.882623,0.894802,0.907240,0.919921,0.932822,0.945924,0.959213,0.972665,0.986269,1.000000
19.8000,-0.000000,0.009453,0.019083,0.028903,0.038945,0.049216,0.059744,0.070532,0.081605,0.092962,0.104629,0.116598,0.128895,0.141508,0.154460,0.167734,0.181348,0.195283,0.209550,0.224125,0.239013,0.254184,0.269635,0.285334,0.301264,0.317397,0.333702,0.350152,0.366706,0.383339,0.400000,0.416672,0.433294,0.449858,0.466297,0.482613,0.498735,0.514676,0.530365,0.545825,0.560987,0.575883,0.590449,0.604725,0.618651,0.632275,0.645540,0.658500,0.671104,0.683410,0.695371,0.707046,0.718394,0.729476,0.740255,0.750790,0.761055,0.771103,0.780917,0.790554,0.800000,1.000000,0.986256,0.972653,0.959169,0.945867,0.932724,0.919804,0.907080,0.894624,0.882407,0.870506,0.858889,0.847639,0.836726,0.826237,0.816139,0.806526,0.797362,0.788748,0.780642,0.773151,0.766227,0.759979,0.754353,0.749459,0.745236,0.741789,0.739051,0.737122,0.735926,0.735556,0.735927,0.737123,0.739054,0.741790,0.745240,0.749460,0.754359,0.759980,0.766234,0.773152,0.780651,0.788749,0.797371,0.806526,0.816148,0.826237,0.836736,0.847640,0.858900,0.870506,0.882419,0.894625,0.907093,0.919804,0.932737,0.945868,0.959182,0.972653,0.986269,1.000000
19.9000,-0.000000,0.009453,0.019092,0.028926,0.038986,0.049278,0.059827,0.070634,0.081725,0.093098,0.104776,0.116754,0.129055,0.141668,0.154615,0.167882,0.181485,0.195407,0.209659,0.224218,0.239088,0.254244,0.269679,0.285366,0.301286,0.317410,0.333709,0.350155,0.366706,0.383339,0.400000,0.416672,0.433293,0.449856,0.466290,0.482600,0.498714,0.514644,0.530320,0.545765,0.560911,0.575791,0.590341,0.604602,0.618514,0.632127,0.645384,0.658340,0.670945,0.683254,0.695223,0.706910,0.718274,0.729374,0.740173,0.750729,0.761013,0.771080,0.780908,0.790554,0.800000,1.000000,0.986256,0.972659,0.959185,0.945898,0.932770,0.919867,0.907160,0.894720,0.882517,0.870627,0.859019,0.847774,0.836860,0.826366,0.816258,0.806630,0.797446,0.788807,0.780672,0.773148,0.766189,0.759905,0.754242,0.749313,0.745057,0.741583,0.738821,0.736874,0.735667,0.735293,0.735668,0.736875,0.738823,0.741582,0.745061,0.749313,0.754247,0.759904,0.766195,0.773148,0.780679,0.788807,0.797454,0.806630,0.816267,0.826366,0.836870,0.847774,0.859030,0.870627,0.882529,0.894720,0.907172,0.919867,0.932783,0.945898,0.959199,0.972659,0.986269,1.000000
20.0000,-0.000000,0.009453,0.019092,0.028928,0.038988,0.049281,0.059831,0.070638,0.081730,0.093103,0.104781,0.116759,0.129060,0.141673,0.154620,0.167886,0.181490,0.195411,0.209663,0.224221,0.239092,0.254247,0.269682,0.285368,0.301287,0.317411,0.333710,0.350156,0.366707,0.383340,0.400000,0.416672,0.433294,0.449856,0.466291,0.482601,0.498714,0.514644,0.530320,0.545764,0.560910,0.575789,0.590339,0.604599,0.618511,0.632124,0.645381,0.658337,0.670941,0.683250,0.695220,0.706907,0.718271,0.729371,0.740170,0.750727,0.761012,0.771080,0.780908,0.790554,0.800000,1.000000,0.986256,0.972659,0.959186,0.945899,0.932772,0.919869,0.907163,0.894724,0.882521,0.870631,0.859023,0.847778,0.836864,0.826370,0.816261,0.806633,0.797448,0.788809,0.780674,0.773149,0.766189,0.759903,0.754240,0.749310,0.745053,0.741577,0.738814,0.736867,0.735660,0.735286,0.735661,0.736868,0.738816,0.741576,0.745056,0.749309,0.754244,0.759902,0.766194,0.773148,0.780680,0.788808,0.797456,0.806632,0.816269,0.826369,0.836873,0.847777,0.859033,0.870631,0.882532,0.894723,0.907175,0.919869,0.932784,0.945899,0.959199,0.972659,0.986269,1.000000
20.1000,-0.000000,0.009453,0.019083,0.028903,0.038945,0.049217,0.059745,0.070532,0.081605,0.092961,0.104628,0.116597,0.128894,0.141507,0.154458,0.167732,0.181347,0.195282,0.209550,0.224125,0.239013,0.254184,0.269635,0.285334,0.301264,0.317397,0.333703,0.350153,0.366706,0.383340,0.400000,0.416673,0.433294,0.449859,0.466298,0.482613,0.498735,0.514677,0.530366,0.545826,0.560988,0.575885,0.590451,0.604728,0.618654,0.632277,0.645542,0.658502,0.671106,0.683412,0.695373,0.707047,0.718396,0.729477,0.740256,0.750792,0.761056,0.771104,0.780917,0.790554,0.800000,1.000000,0.986256,0.972653,0.959169,0.945867,0.932724,0.919803,0.907080,0.894624,0.882407,0.870504,0.858887,0.847638,0.836724,0.826235,0.816136,0.806524,0.797361,0.788748,0.780642,0.773152,0.766228,0.759980,0.754355,0.749461,0.745237,0.741791,0.739053,0.737124,0.735928,0.735558,0.735929,0.737125,0.739056,0.741792,0.745242,0.749461,0.754360,0.759980,0.766234,0.773151,0.780649,0.788747,0.797369,0.806524,0.816145,0.826235,0.836734,0.847637,0.858898,0.870504,0.882418,0.894624,0.907092,0.919803,0.932736,0.945867,0.959182,0.972653,0.986269,1.000000
20.2000,-0.000000,0.009453,0.019099,0.028946,0.039021,0.049329,0.059895,0.070719,0.081825,0.093211,0.104899,0.116884,0.129188,0.141801,0.154746,0.168006,0.181600,0.195511,0.209750,0.224295,0.239152,0.254295,0.269718,0.285393,0.301304,0.317421,0.333715,0.350158,0.366707,0.383339,0.400000,0.416672,0.433293,0.449853,0.466285,0.482590,0.498696,0.514617,0.530283,0.545715,0.560847,0.575713,0.590249,0.604498,0.618399,0.632003,0.645254,0.658206,0.670811,0.683123,0.695100,0.706796,0.718173,0.729288,0.740104,0.750678,0.760979,0.771061,0.780901,0.790554,0.800000,1.000000,0.986256,0.972664,0.959199,0.945923,0.932808,0.919919,0.907226,0.894800,0.882609,0.870729,0.859128,0.847887,0.836973,0.826475,0.816358,0.806718,0.797517,0.788856,0.780697,0.773146,0.766158,0.759843,0.754151,0.749193,0.744909,0.741411,0.738630,0.736669,0.735453,0.735076,0.735454,0.736669,0.738632,0.741411,0.744913,0.749193,0.754156,0.759843,0.766164,0.773147,0.780705,0.788857,0.797525,0.806718,0.816368,0.826476,0.836984,0.847887,0.859140,0.870730,0.882622,0.894801,0.907240,0.919920,0.932821,0.945923,0.959213,0.972664,0.986269,1.000000
20.3000,-0.000000,0.009452,0.019079,0.028892,0.038926,0.049189,0.059707,0.070485,0.081550,0.092900,0.104561,0.116526,0.128821,0.141434,0.154388,0.167665,0.181285,0.195226,0.209500,0.224083,0.238977,0.254157,0.269613,0.285319,0.301254,0.317392,0.333699,0.350151,0.366705,0.383339,0.400000,0.416672,0.433294,0.449859,0.466300,0.482619,0.498745,0.514690,0.530385,0.545852,0.561021,0.575926,0.590499,0.604782,0.618714,0.632343,0.645612,0.658574,0.671178,0.683482,0.695439,0.707108,0.718449,0.729523,0.740293,0.750819,0.761074,0.771114,0.780921,0.790554,0.800000,1.000000,0.986256,0.972650,0.959161,0.945853,0.932703,0.919775,0.907044,0.894581,0.882357,0.870450,0.858829,0.847578,0.836664,0.826177,0.816083,0.806478,0.797324,0.788721,0.780629,0.773153,0.766245,0.760014,0.754405,0.749527,0.745319,0.741885,0.739158,0.737237,0.736046,0.735676,0.736046,0.737236,0.739159,0.741884,0.745321,0.749526,0.754409,0.760014,0.766251,0.773153,0.780637,0.788722,0.797332,0.806478,0.816092,0.826177,0.836673,0.847577,0.858839,0.870449,0.882368,0.894580,0.907056,0.919775,0.932716,0.945853,0.959175,0.972650,0.986269,1.000000
20.4000,-0.000000,0.009453,0.019099,0.028947,0.039022,0.049332,0.059898,0.070722,0.081829,0.093214,0.104903,0.116888,0.129192,0.141805,0.154749,0.168009,0.181603,0.195513,0.209752,0.224297,0.239154,0.254296,0.269719,0.285394,0.301304,0.317421,0.333715,0.350158,0.366707,0.383339,0.400000,0.416672,0.433293,0.449853,0.466285,0.482590,0.498696,0.514617,0.530281,0.545714,0.560847,0.575713,0.590248,0.604497,0.618398,0.632001,0.645252,0.658205,0.670809,0.683122,0.695098,0.706795,0.718172,0.729287,0.740102,0.750676,0.760978,0.771061,0.780901,0.790554,0.800000,1.000000,0.986256,0.972664,0.959200,0.945924,0.932810,0.919921,0.907229,0.894803,0.882612,0.870732,0.859131,0.847889,0.836976,0.826477,0.816360,0.806719,0.797517,0.788856,0.780697,0.773145,0.766157,0.759842,0.754149,0.749190,0.744906,0.741407,0.738625,0.736664,0.735447,0.735070,0.735448,0.736664,0.738627,0.741407,0.744910,0.749191,0.754154,0.759842,0.766164,0.773146,0.780705,0.788857,0.797525,0.806719,0.816369,0.826477,0.836985,0.847889,0.859141,0.870731,0.882623,0.894802,0.907240,0.919921,0.932822,0.945924,0.959213,0.972665,0.986269,1.000000
20.5000,-0.000000,0.009453,0.019082,0.028902,0.038944,0.049214,0.059742,0.070528,0.081600,0.092956,0.104622,0.116591,0.128888,0.141501,0.154453,0.167727,0.181342,0.195278,0.209546,0.224122,0.239010,0.254182,0.269633,0.285333,0.301264,0.317397,0.333703,0.350153,0.366706,0.383339,0.400000,0.416672,0.433294,0.449859,0.466298,0.482614,0.498737,0.514678,0.530368,0.545829,0.560992,0.575889,0.590456,0.604733,0.618659,0.632283,0.645548,0.658508,0.671112,0.683417,0.695378,0.707052,0.718400,0.729480,0.740258,0.750793,0.761056,0.771105,0.780918,0.790554,0.800000,1.000000,0.986256,0.972653,0.959168,0.945866,0.932722,0.919801,0.907077,0.894620,0.882402,0.870500,0.858882,0.847633,0.836719,0.826231,0.816133,0.806521,0.797358,0.788746,0.780641,0.773152,0.766229,0.759983,0.754359,0.749467,0.745245,0.741800,0.739063,0.737135,0.735939,0.735569,0.735940,0.737135,0.739065,0.741800,0.745249,0.749467,0.754364,0.759982,0.766234,0.773150,0.780647,0.788744,0.797365,0.806520,0.816141,0.826230,0.836729,0.847633,0.858893,0.870500,0.882414,0.894621,0.907089,0.919801,0.932735,0.945866,0.959181,0.972653,0.986269,1.000000
20.6000,-0.000000,0.009453,0.019093,0.028929,0.038991,0.049285,0.059835,0.070644,0.081737,0.093110,0.104790,0.116768,0.129069,0.141682,0.154629,0.167895,0.181497,0.195418,0.209668,0.224226,0.239095,0.254249,0.269683,0.285369,0.301287,0.317411,0.333710,0.350155,0.366706,0.383339,0.400000,0.416672,0.433293,0.449856,0.466290,0.482600,0.498712,0.514642,0.530316,0.545761,0.560905,0.575784,0.590331,0.604591,0.618502,0.632114,0.645370,0.658326,0.670930,0.683240,0.695210,0.706898,0.718263,0.729365,0.740166,0.750724,0.761010,0.771078,0.780908,0.790554,0.800000,1.000000,0.986256,0.972660,0.959187,0.945901,0.932774,0.919873,0.907167,0.894729,0.882527,0.870638,0.859031,0.847786,0.836872,0.826378,0.816268,0.806639,0.797452,0.788811,0.780673,0.773146,0.766184,0.759897,0.754232,0.749300,0.745041,0.741564,0.738800,0.736852,0.735644,0.735270,0.735645,0.736852,0.738802,0.741564,0.745045,0.749300,0.754237,0.759897,0.766190,0.773147,0.780681,0.788811,0.797461,0.806639,0.816278,0.826378,0.836883,0.847787,0.859042,0.870639,0.882539,0.894729,0.907180,0.919872,0.932787,0.945901,0.959200,0.972660,0.986269,1.000000
20.7000,-0.000000,0.009453,0.019091,0.028925,0.038984,0.049274,0.059821,0.070627,0.081717,0.093087,0.104765,0.116741,0.129041,0.141654,0.154602,0.167869,0.181473,0.195396,0.209649,0.224210,0.239082,0.254239,0.269675,0.285363,0.301284,0.317409,0.333708,0.350155,0.366706,0.383339,0.400000,0.416672,0.433293,0.449856,0.466291,0.482601,0.498716,0.514647,0.530324,0.545770,0.560918,0.575799,0.590351,0.604613,0.618526,0.632140,0.645398,0.658354,0.670958,0.683267,0.695236,0.706921,0.718284,0.729382,0.740179,0.750734,0.761016,0.771082,0.780909,0.790554,0.800000,1.000000,0.986256,0.972659,0.959184,0.945896,0.932767,0.919862,0.907154,0.894713,0.882509,0.870617,0.859008,0.847762,0.836848,0.826355,0.816247,0.806620,0.797438,0.788801,0.780669,0.773148,0.766191,0.759910,0.754251,0.749325,0.745072,0.741600,0.738840,0.736896,0.735690,0.735316,0.735691,0.736896,0.738843,0.741601,0.745077,0.749326,0.754257,0.759911,0.766198,0.773148,0.780676,0.788801,0.797446,0.806620,0.816256,0.826355,0.836858,0.847762,0.859019,0.870617,0.882520,0.894713,0.907166,0.919862,0.932779,0.945896,0.959198,0.972659,0.986269,1.000000
20.8000,-0.000000,0.009453,0.019084,0.028906,0.038950,0.049224,0.059754,0.070543,0.081619,0.092977,0.104645,0.116615,0.128912,0.141525,0.154476,0.167749,0.181362,0.195296,0.209561,0.224135,0.239021,0.254191,0.269640,0.285337,0.301267,0.317399,0.333703,0.350153,0.366706,0.383339,0.400000,0.416672,0.433294,0.449858,0.466297,0.482612,0.498733,0.514673,0.530361,0.545819,0.560979,0.575874,0.590438,0.604713,0.618637,0.632260,0.645524,0.658484,0.671087,0.683393,0.695355,0.707030,0.718381,0.729464,0.740245,0.750783,0.761050,0.771101,0.780916,0.790554,0.800000,1.000000,0.986256,0.972654,0.959171,0.945871,0.932729,0.919810,0.907089,0.894635,0.882419,0.870518,0.858902,0.847653,0.836739,0.826249,0.816150,0.806536,0.797369,0.788753,0.780645,0.773150,0.766223,0.759971,0.754342,0.749444,0.745217,0.741767,0.739026,0.737096,0.735898,0.735527,0.735899,0.737096,0.739029,0.741768,0.745221,0.749444,0.754347,0.759971,0.766229,0.773151,0.780652,0.788754,0.797378,0.806536,0.816159,0.826250,0.836750,0.847653,0.858914,0.870519,0.882431,0.894636,0.907102,0.919811,0.932742,0.945871,0.959184,0.972654,0.986269,1.000000
20.9000,-0.000000,0.009453,0.019098,0.028944,0.039017,0.049324,0.059888,0.070710,0.081815,0.093198,0.104886,0.116870,0.129173,0.141787,0.154731,0.167991,0.181587,0.195498,0.209739,0.224286,0.239145,0.254289,0.269713,0.285390,0.301302,0.317420,0.333714,0.350158,0.366707,0.383339,0.400000,0.416672,0.433293,0.449854,0.466286,0.482591,0.498699,0.514621,0.530287,0.545721,0.560855,0.575723,0.590260,0.604511,0.618413,0.632018,0.645269,0.658222,0.670827,0.683139,0.695114,0.706810,0.718185,0.729298,0.740112,0.750684,0.760983,0.771063,0.780902,0.790554,0.800000,1.000000,0.986256,0.972664,0.959198,0.945920,0.932804,0.919913,0.907219,0.894791,0.882599,0.870718,0.859116,0.847874,0.836960,0.826462,0.816346,0.806707,0.797508,0.788850,0.780694,0.773146,0.766161,0.759851,0.754162,0.749207,0.744927,0.741431,0.738652,0.736693,0.735478,0.735101,0.735479,0.736693,0.738654,0.741431,0.744930,0.749206,0.754166,0.759850,0.766167,0.773146,0.780701,0.788850,0.797516,0.806707,0.816355,0.826462,0.836970,0.847874,0.859127,0.870718,0.882611,0.894792,0.907232,0.919913,0.932817,0.945920,0.959211,0.972664,0.986269,1.000000
21.0000,-0.000000,0.009453,0.019079,0.028894,0.038929,0.049192,0.059712,0.070492,0.081558,0.092909,0.104571,0.116537,0.128832,0.141445,0.154398,0.167675,0.181294,0.195234,0.209507,0.224089,0.238983,0.254161,0.269617,0.285321,0.301256,0.317393,0.333700,0.350152,0.366706,0.383339,0.400000,0.416673,0.433295,0.449860,0.466301,0.482619,0.498744,0.514690,0.530384,0.545850,0.561018,0.575921,0.590493,0.604776,0.618707,0.632335,0.645603,0.658565,0.671169,0.683473,0.695430,0.707100,0.718443,0.729517,0.740288,0.750815,0.761071,0.771113,0.780921,0.790554,0.800000,1.000000,0.986256,0.972650,0.959162,0.945855,0.932706,0.919779,0.907049,0.894587,0.882364,0.870457,0.858837,0.847586,0.836672,0.826185,0.816091,0.806485,0.797329,0.788725,0.780631,0.773153,0.766242,0.760009,0.754398,0.749518,0.745308,0.741873,0.739144,0.737222,0.736031,0.735662,0.736032,0.737222,0.739146,0.741873,0.745311,0.749518,0.754403,0.760009,0.766248,0.773152,0.780638,0.788724,0.797336,0.806484,0.816099,0.826184,0.836681,0.847585,0.858847,0.870456,0.882375,0.894586,0.907060,0.919779,0.932718,0.945855,0.959175,0.972650,0.986269,1.000000
21.1000,-0.000000,0.009453,0.019099,0.028946,0.039022,0.049331,0.059897,0.070721,0.081827,0.093212,0.104901,0.116886,0.129190,0.141803,0.154747,0.168006,0.181601,0.195511,0.209750,0.224296,0.239152,0.254295,0.269718,0.285393,0.301304,0.317421,0.333715,0.350158,0.366707,0.383339,0.400000,0.416672,0.433292,0.449853,0.466285,0.482590,0.498696,0.514617,0.530282,0.545714,0.560847,0.575714,0.590249,0.604498,0.618399,0.632002,0.645253,0.658205,0.670810,0.683122,0.695098,0.706795,0.718172,0.729287,0.740103,0.750677,0.760979,0.771061,0.780901,0.790554,0.800000,1.000000,0.986256,0.972665,0.959199,0.945924,0.932809,0.919920,0.907228,0.894802,0.882611,0.870731,0.859129,0.847888,0.836974,0.826476,0.816359,0.806718,0.797517,0.788856,0.780697,0.773146,0.766157,0.759842,0.754150,0.749192,0.744908,0.741410,0.738628,0.736667,0.735450,0.735073,0.735451,0.736667,0.738630,0.741410,0.744912,0.749192,0.754156,0.759843,0.766164,0.773146,0.780705,0.788856,0.797525,0.806718,0.816368,0.826476,0.836984,0.847888,0.859141,0.870731,0.882623,0.894802,0.907240,0.919920,0.932822,0.945923,0.959213,0.972664,0.986269,1.000000
21.2000,-0.000000,0.009453,0.019082,0.028902,0.038942,0.049212,0.059738,0.070524,0.081596,0.092951,0.104616,0.116585,0.128881,0.141494,0.154445,0.167720,0.181336,0.195272,0.209540,0.224117,0.239006,0.254180,0.269631,0.285332,0.301263,0.317397,0.333702,0.350153,0.366706,0.383339,0.400000,0.416672,0.433294,0.449859,0.466298,0.482614,0.498737,0.514679,0.530369,0.545831,0.560994,0.575892,0.590459,0.604737,0.618664,0.632288,0.645554,0.658514,0.671118,0.683424,0.695384,0.707057,0.718404,0.729484,0.740261,0.750795,0.761058,0.771105,0.780918,0.790554,0.800000,1.000000,0.986256,0.972653,0.959168,0.945865,0.932720,0.919799,0.907073,0.894617,0.882398,0.870495,0.858877,0.847627,0.836712,0.826224,0.816126,0.806515,0.797353,0.788742,0.780639,0.773151,0.766230,0.759985,0.754363,0.749472,0.745251,0.741807,0.739071,0.737143,0.735948,0.735578,0.735949,0.737144,0.739073,0.741807,0.745255,0.749472,0.754368,0.759985,0.766236,0.773151,0.780646,0.788742,0.797362,0.806516,0.816136,0.826225,0.836724,0.847627,0.858888,0.870495,0.882410,0.894616,0.907086,0.919799,0.932733,0.945865,0.959181,0.972653,0.986269,1.000000
21.3000,-0.000000,0.009453,0.019093,0.028931,0.038994,0.049290,0.059842,0.070652,0.081747,0.093122,0.104802,0.116782,0.129083,0.141696,0.154643,0.167908,0.181509,0.195428,0.209677,0.224233,0.239101,0.254254,0.269687,0.285371,0.301289,0.317412,0.333710,0.350156,0.366707,0.383339,0.400000,0.416672,0.433293,0.449855,0.466289,0.482598,0.498710,0.514639,0.530312,0.545756,0.560898,0.575776,0.590322,0.604581,0.618491,0.632102,0.645358,0.658313,0.670917,0.683227,0.695197,0.706886,0.718253,0.729356,0.740158,0.750718,0.761006,0.771076,0.780907,0.790554,0.800000,1.000000,0.986256,0.972660,0.959188,0.945903,0.932778,0.919878,0.907174,0.894737,0.882537,0.870649,0.859042,0.847797,0.836884,0.826389,0.816278,0.806647,0.797460,0.788816,0.780676,0.773146,0.766181,0.759891,0.754223,0.749288,0.745026,0.741547,0.738782,0.736833,0.735624,0.735249,0.735625,0.736833,0.738785,0.741548,0.745031,0.749289,0.754228,0.759891,0.766188,0.773147,0.780684,0.788817,0.797468,0.806648,0.816287,0.826389,0.836894,0.847798,0.859053,0.870649,0.882549,0.894738,0.907187,0.919878,0.932791,0.945903,0.959202,0.972660,0.986269,1.000000
21.4000,-0.000000,0.009453,0.019090,0.028922,0.038979,0.049267,0.059812,0.070615,0.081703,0.093072,0.104748,0.116725,0.129025,0.141638,0.154586,0.167853,0.181459,0.195383,0.209638,0.224200,0.239074,0.254232,0.269671,0.285360,0.301282,0.317408,0.333708,0.350155,0.366707,0.383339,0.400000,0.416672,0.433294,0.449856,0.466292,0.482603,0.498719,0.514651,0.530330,0.545778,0.560927,0.575810,0.590363,0.604627,0.618541,0.632156,0.645415,0.658371,0.670976,0.683284,0.695252,0.706936,0.718297,0.729393,0.740188,0.750741,0.761021,0.771085,0.780910,0.790554,0.800000,1.000000,0.986256,0.972658,0.959182,0.945892,0.932761,0.919855,0.907145,0.894702,0.882497,0.870604,0.858994,0.847749,0.836835,0.826342,0.816235,0.806610,0.797429,0.788794,0.780665,0.773147,0.766195,0.759918,0.754263,0.749341,0.745091,0.741623,0.738866,0.736923,0.735718,0.735345,0.735718,0.736922,0.738867,0.741622,0.745094,0.749340,0.754267,0.759917,0.766201,0.773147,0.780672,0.788794,0.797436,0.806609,0.816243,0.826341,0.836844,0.847748,0.859005,0.870604,0.882508,0.894702,0.907157,0.919855,0.932774,0.945892,0.959196,0.972658,0.986269,1.000000
21.5000,-0.000000,0.009453,0.019085,0.028909,0.038955,0.049231,0.059764,0.070555,0.081633,0.092993,0.104662,0.116633,0.128930,0.141543,0.154494,0.167766,0.181378,0.195310,0.209574,0.224146,0.239029,0.254197,0.269644,0.285341,0.301269,0.317400,0.333704,0.350153,0.366706,0.383339,0.400000,0.416672,0.433294,0.449858,0.466296,0.482611,0.498730,0.514670,0.530356,0.545813,0.560971,0.575864,0.590426,0.604699,0.618622,0.632243,0.645506,0.658465,0.671069,0.683376,0.695338,0.707015,0.718367,0.729452,0.740236,0.750776,0.761045,0.771098,0.780915,0.790554,0.800000,1.000000,0.986256,0.972654,0.959173,0.945874,0.932734,0.919818,0.907099,0.894646,0.882432,0.870533,0.858917,0.847669,0.836754,0.826264,0.816163,0.806547,0.797379,0.788760,0.780648,0.773150,0.766218,0.759962,0.754329,0.749427,0.745197,0.741744,0.739001,0.737068,0.735869,0.735498,0.735870,0.737068,0.739002,0.741743,0.745200,0.749427,0.754333,0.759962,0.766224,0.773150,0.780656,0.788760,0.797388,0.806548,0.816173,0.826264,0.836765,0.847669,0.858928,0.870533,0.882444,0.894646,0.907111,0.919818,0.932747,0.945875,0.959186,0.972655,0.986269,1.000000
21.6000,-0.000000,0.009453,0.019097,0.028941,0.039013,0.049318,0.059880,0.070700,0.081803,0.093185,0.104871,0.116854,0.129157,0.141770,0.154715,0.167976,0.181573,0.195486,0.209728,0.224277,0.239137,0.254283,0.269709,0.285387,0.301299,0.317418,0.333714,0.350157,0.366707,0.383339,0.400000,0.416672,0.433293,0.449854,0.466286,0.482592,0.498700,0.514624,0.530291,0.545727,0.560863,0.575733,0.590272,0.604523,0.618427,0.632033,0.645286,0.658239,0.670843,0.683155,0.695129,0.706823,0.718196,0.729307,0.740119,0.750689,0.760986,0.771065,0.780902,0.790554,0.800000,1.000000,0.986256,0.972663,0.959196,0.945917,0.932800,0.919907,0.907212,0.894782,0.882588,0.870706,0.859102,0.847860,0.836946,0.826449,0.816333,0.806696,0.797499,0.788844,0.780690,0.773146,0.766165,0.759857,0.754172,0.749221,0.744943,0.741451,0.738673,0.736717,0.735503,0.735126,0.735504,0.736718,0.738677,0.741452,0.744948,0.749221,0.754178,0.759858,0.766171,0.773146,0.780698,0.788844,0.797507,0.806696,0.816343,0.826449,0.836956,0.847860,0.859113,0.870706,0.882600,0.894783,0.907224,0.919908,0.932813,0.945918,0.959210,0.972663,0.986269,1.000000
21.7000,-0.000000,0.009453,0.019080,0.028896,0.038932,0.049197,0.059718,0.070498,0.081566,0.092917,0.104580,0.116546,0.128842,0.141455,0.154408,0.167684,0.181302,0.195242,0.209514,0.224095,0.238987,0.254165,0.269619,0.285323,0.301257,0.317393,0.333700,0.350152,0.366705,0.383339,0.400000,0.416672,0.433295,0.449860,0.466300,0.482618,0.498743,0.514687,0.530381,0.545846,0.561013,0.575915,0.590486,0.604768,0.618698,0.632324,0.645592,0.658554,0.671158,0.683462,0.695420,0.707090,0.718434,0.729510,0.740282,0.750811,0.761069,0.771111,0.780920,0.790554,0.800000,1.000000,0.986256,0.972651,0.959163,0.945857,0.932709,0.919783,0.907054,0.894593,0.882371,0.870465,0.858845,0.847594,0.836680,0.826193,0.816098,0.806491,0.797333,0.788728,0.780632,0.773152,0.766239,0.760004,0.754390,0.749508,0.745296,0.741859,0.739129,0.737206,0.736013,0.735644,0.736014,0.737206,0.739131,0.741859,0.745299,0.749508,0.754395,0.760004,0.766246,0.773152,0.780639,0.788728,0.797341,0.806491,0.816107,0.826193,0.836690,0.847594,0.858856,0.870465,0.882383,0.894593,0.907066,0.919783,0.932721,0.945857,0.959177,0.972651,0.986269,1.000000
21.8000,-0.000000,0.009453,0.019099,0.028946,0.039021,0.049329,0.059895,0.070719,0.081825,0.093210,0.104898,0.116883,0.129187,0.141800,0.154744,0.168004,0.181598,0.195509,0.209748,0.224294,0.239151,0.254294,0.269717,0.285392,0.301303,0.317421,0.333715,0.350158,0.366707,0.383340,0.400000,0.416673,0.433293,0.449854,0.466285,0.482590,0.498697,0.514619,0.530284,0.545717,0.560849,0.575716,0.590252,0.604500,0.618401,0.632005,0.645256,0.658209,0.670813,0.683126,0.695102,0.706799,0.718175,0.729290,0.740105,0.750679,0.760980,0.771062,0.780901,0.790554,0.800000,1.000000,0.986256,0.972664,0.959199,0.945923,0.932808,0.919918,0.907226,0.894800,0.882608,0.870728,0.859127,0.847885,0.836971,0.826473,0.816356,0.806715,0.797514,0.788855,0.780696,0.773145,0.766158,0.759844,0.754152,0.749195,0.744912,0.741414,0.738633,0.736673,0.735457,0.735080,0.735458,0.736673,0.738635,0.741414,0.744916,0.749195,0.754157,0.759844,0.766164,0.773145,0.780703,0.788855,0.797524,0.806716,0.816366,0.826474,0.836982,0.847886,0.859138,0.870728,0.882620,0.894800,0.907238,0.919918,0.932820,0.945922,0.959212,0.972664,0.986269,1.000000
21.9000,-0.000000,0.009453,0.019082,0.028901,0.038941,0.049210,0.059736,0.070521,0.081593,0.092948,0.104613,0.116581,0.128877,0.141490,0.154442,0.167717,0.181333,0.195269,0.209538,0.224115,0.239004,0.254178,0.269629,0.285330,0.301262,0.317396,0.333701,0.350152,0.366705,0.383339,0.400000,0.416672,0.433294,0.449859,0.466298,0.482615,0.498738,0.514680,0.530370,0.545832,0.560996,0.575895,0.590462,0.604741,0.618668,0.632293,0.645559,0.658519,0.671123,0.683428,0.695388,0.707061,0.718407,0.729487,0.740264,0.750797,0.761059,0.771106,0.780918,0.790554,0.800000,1.000000,0.986256,0.972652,0.959167,0.945864,0.932719,0.919797,0.907072,0.894615,0.882395,0.870492,0.858874,0.847624,0.836710,0.826222,0.816124,0.806514,0.797352,0.788741,0.780639,0.773151,0.766231,0.759987,0.754366,0.749475,0.745256,0.741813,0.739077,0.737151,0.735956,0.735585,0.735956,0.737151,0.739080,0.741813,0.745260,0.749476,0.754371,0.759987,0.766237,0.773150,0.780645,0.788740,0.797359,0.806513,0.816132,0.826221,0.836719,0.847623,0.858884,0.870492,0.882407,0.894614,0.907084,0.919797,0.932732,0.945865,0.959181,0.972652,0.986269,1.000000
22.0000,-0.000000,0.009453,0.019094,0.028932,0.038997,0.049294,0.059848,0.070660,0.081756,0.093131,0.104812,0.116792,0.129093,0.141707,0.154653,0.167917,0.181518,0.195436,0.209685,0.224240,0.239106,0.254258,0.269690,0.285374,0.301291,0.317413,0.333711,0.350156,0.366706,0.383339,0.400000,0.416672,0.433293,0.449855,0.466289,0.482597,0.498708,0.514637,0.530309,0.545751,0.560893,0.575769,0.590315,0.604572,0.618482,0.632092,0.645347,0.658302,0.670906,0.683216,0.695187,0.706876,0.718244,0.729348,0.740152,0.750713,0.761003,0.771074,0.780906,0.790554,0.800000,1.000000,0.986256,0.972661,0.959190,0.945905,0.932782,0.919882,0.907180,0.894744,0.882544,0.870657,0.859050,0.847806,0.836892,0.826397,0.816286,0.806654,0.797465,0.788820,0.780678,0.773146,0.766179,0.759886,0.754216,0.749279,0.745015,0.741534,0.738766,0.736816,0.735606,0.735231,0.735607,0.736816,0.738768,0.741533,0.745019,0.749279,0.754221,0.759887,0.766186,0.773147,0.780686,0.788820,0.797473,0.806654,0.816295,0.826397,0.836902,0.847806,0.859061,0.870657,0.882557,0.894745,0.907193,0.919883,0.932795,0.945906,0.959203,0.972661,0.986269,1.000000
22.1000,-0.000000,0.009453,0.019089,0.028920,0.038975,0.049261,0.059804,0.070605,0.081692,0.093059,0.104734,0.116710,0.129009,0.141622,0.154570,0.167839,0.181445,0.195371,0.209627,0.224191,0.239066,0.254227,0.269666,0.285356,0.301280,0.317406,0.333707,0.350155,0.366706,0.383339,0.400000,0.416672,0.433294,0.449857,0.466293,0.482605,0.498721,0.514654,0.530334,0.545783,0.560934,0.575819,0.590373,0.604638,0.618554,0.632169,0.645429,0.658386,0.670991,0.683299,0.695266,0.706949,0.718308,0.729403,0.740197,0.750747,0.761025,0.771087,0.780911,0.790554,0.800000,1.000000,0.986256,0.972657,0.959181,0.945889,0.932757,0.919849,0.907138,0.894694,0.882486,0.870593,0.858982,0.847735,0.836821,0.826328,0.816223,0.806599,0.797421,0.788789,0.780662,0.773148,0.766199,0.759925,0.754274,0.749356,0.745109,0.741643,0.738888,0.736947,0.735743,0.735370,0.735743,0.736947,0.738890,0.741642,0.745112,0.749355,0.754278,0.759925,0.766205,0.773148,0.780670,0.788789,0.797429,0.806599,0.816232,0.826329,0.836831,0.847735,0.858992,0.870592,0.882497,0.894693,0.907149,0.919848,0.932769,0.945889,0.959194,0.972657,0.986269,1.000000
22.2000,-0.000000,0.009453,0.019086,0.028911,0.038959,0.049237,0.059772,0.070566,0.081645,0.093007,0.104678,0.116650,0.128948,0.141561,0.154511,0.167782,0.181393,0.195324,0.209586,0.224156,0.239037,0.254204,0.269649,0.285344,0.301271,0.317402,0.333705,0.350153,0.366706,0.383339,0.400000,0.416672,0.433294,0.449858,0.466295,0.482609,0.498728,0.514666,0.530351,0.545806,0.560963,0.575854,0.590415,0.604686,0.618607,0.632227,0.645489,0.658448,0.671052,0.683359,0.695322,0.707001,0.718355,0.729442,0.740228,0.750770,0.761041,0.771096,0.780914,0.790554,0.800000,1.000000,0.986256,0.972655,0.959174,0.945877,0.932739,0.919825,0.907107,0.894656,0.882444,0.870546,0.858931,0.847683,0.836769,0.826279,0.816177,0.806559,0.797389,0.788766,0.780651,0.773149,0.766213,0.759954,0.754316,0.749411,0.745177,0.741721,0.738976,0.737041,0.735842,0.735470,0.735843,0.737042,0.738978,0.741722,0.745181,0.749411,0.754321,0.759953,0.766219,0.773149,0.780657,0.788766,0.797396,0.806559,0.816185,0.826278,0.836779,0.847683,0.858942,0.870545,0.882455,0.894656,0.907119,0.919824,0.932752,0.945877,0.959188,0.972655,0.986269,1.000000
22.3000,-0.000000,0.009453,0.019097,0.028939,0.039009,0.049312,0.059872,0.070690,0.081792,0.093172,0.104857,0.116839,0.129142,0.141755,0.154700,0.167962,0.181560,0.195474,0.209718,0.224268,0.239130,0.254277,0.269704,0.285384,0.301298,0.317417,0.333713,0.350157,0.366707,0.383339,0.400000,0.416672,0.433293,0.449854,0.466287,0.482594,0.498703,0.514627,0.530296,0.545733,0.560871,0.575742,0.590283,0.604536,0.618441,0.632048,0.645301,0.658254,0.670859,0.683170,0.695143,0.706837,0.718208,0.729318,0.740128,0.750695,0.760991,0.771068,0.780903,0.790554,0.800000,1.000000,0.986256,0.972663,0.959195,0.945914,0.932795,0.919901,0.907204,0.894773,0.882578,0.870694,0.859090,0.847847,0.836933,0.826437,0.816322,0.806686,0.797491,0.788838,0.780688,0.773147,0.766168,0.759865,0.754183,0.749235,0.744961,0.741471,0.738696,0.736741,0.735528,0.735152,0.735529,0.736741,0.738699,0.741471,0.744965,0.749235,0.754188,0.759864,0.766174,0.773146,0.780694,0.788837,0.797498,0.806685,0.816331,0.826436,0.836943,0.847847,0.859101,0.870694,0.882589,0.894773,0.907216,0.919901,0.932808,0.945915,0.959208,0.972663,0.986269,1.000000
22.4000,-0.000000,0.009453,0.019081,0.028898,0.038935,0.049202,0.059724,0.070506,0.081575,0.092927,0.104590,0.116557,0.128853,0.141466,0.154418,0.167694,0.181312,0.195250,0.209521,0.224101,0.238992,0.254169,0.269622,0.285325,0.301259,0.317394,0.333701,0.350152,0.366706,0.383339,0.400000,0.416672,0.433294,0.449859,0.466299,0.482616,0.498741,0.514685,0.530377,0.545841,0.561006,0.575908,0.590478,0.604758,0.618688,0.632314,0.645582,0.658543,0.671147,0.683451,0.695410,0.707081,0.718426,0.729503,0.740276,0.750807,0.761066,0.771110,0.780919,0.790554,0.800000,1.000000,0.986256,0.972652,0.959165,0.945860,0.932713,0.919788,0.907060,0.894600,0.882379,0.870474,0.858854,0.847604,0.836690,0.826202,0.816106,0.806498,0.797340,0.788733,0.780635,0.773152,0.766237,0.759999,0.754383,0.749499,0.745284,0.741845,0.739113,0.737189,0.735996,0.735626,0.735996,0.737188,0.739115,0.741844,0.745287,0.749498,0.754388,0.759999,0.766244,0.773152,0.780642,0.788733,0.797348,0.806498,0.816115,0.826202,0.836699,0.847603,0.858865,0.870473,0.882390,0.894600,0.907072,0.919788,0.932725,0.945859,0.959178,0.972651,0.986269,1.000000
22.5000,-0.000000,0.009453,0.019099,0.028945,0.039019,0.049327,0.059892,0.070715,0.081821,0.093206,0.104893,0.116878,0.129182,0.141795,0.154739,0.167999,0.181594,0.195505,0.209745,0.224291,0.239149,0.254292,0.269716,0.285391,0.301303,0.317420,0.333715,0.350158,0.366707,0.383339,0.400000,0.416672,0.433293,0.449854,0.466285,0.482590,0.498697,0.514619,0.530285,0.545718,0.560851,0.575718,0.590255,0.604504,0.618405,0.632009,0.645261,0.658213,0.670818,0.683130,0.695106,0.706802,0.718179,0.729293,0.740107,0.750680,0.760981,0.771062,0.780901,0.790554,0.800000,1.000000,0.986256,0.972664,0.959198,0.945921,0.932806,0.919916,0.907223,0.894797,0.882605,0.870724,0.859122,0.847881,0.836967,0.826469,0.816353,0.806713,0.797512,0.788853,0.780695,0.773146,0.766159,0.759846,0.754156,0.749199,0.744917,0.741420,0.738640,0.736680,0.735464,0.735087,0.735465,0.736680,0.738642,0.741420,0.744921,0.749199,0.754160,0.759846,0.766165,0.773146,0.780703,0.788854,0.797521,0.806713,0.816362,0.826470,0.836978,0.847881,0.859134,0.870725,0.882617,0.894797,0.907236,0.919917,0.932820,0.945922,0.959212,0.972664,0.986269,1.000000
22.6000,-0.000000,0.009453,0.019082,0.028900,0.038940,0.049209,0.059735,0.070519,0.081591,0.092945,0.104610,0.116579,0.128875,0.141488,0.154440,0.167715,0.181331,0.195267,0.209536,0.224114,0.239003,0.254177,0.269629,0.285330,0.301262,0.317396,0.333701,0.350152,0.366705,0.383339,0.400000,0.416672,0.433294,0.449859,0.466298,0.482615,0.498738,0.514681,0.530371,0.545833,0.560997,0.575896,0.590464,0.604742,0.618669,0.632294,0.645560,0.658520,0.671125,0.683430,0.695389,0.707063,0.718410,0.729489,0.740265,0.750798,0.761060,0.771107,0.780918,0.790554,0.800000,1.000000,0.986256,0.972652,0.959167,0.945863,0.932718,0.919796,0.907070,0.894612,0.882393,0.870490,0.858872,0.847622,0.836709,0.826220,0.816123,0.806512,0.797351,0.788740,0.780638,0.773151,0.766232,0.759989,0.754367,0.749478,0.745258,0.741816,0.739080,0.737154,0.735959,0.735589,0.735960,0.737154,0.739083,0.741816,0.745262,0.749478,0.754372,0.759989,0.766238,0.773151,0.780645,0.788740,0.797359,0.806512,0.816132,0.826220,0.836718,0.847622,0.858883,0.870490,0.882405,0.894612,0.907082,0.919796,0.932731,0.945863,0.959180,0.972652,0.986269,1.000000
22.7000,-0.000000,0.009453,0.019095,0.028934,0.039000,0.049298,0.059853,0.070666,0.081762,0.093139,0.104821,0.116801,0.129103,0.141715,0.154661,0.167926,0.181526,0.195443,0.209691,0.224245,0.239111,0.254262,0.269693,0.285376,0.301292,0.317414,0.333711,0.350156,0.366707,0.383339,0.400000,0.416672,0.433293,0.449855,0.466289,0.482597,0.498708,0.514635,0.530307,0.545748,0.560889,0.575764,0.590309,0.604565,0.618474,0.632083,0.645338,0.658293,0.670897,0.683209,0.695180,0.706870,0.718238,0.729343,0.740148,0.750711,0.761001,0.771074,0.780906,0.790554,0.800000,1.000000,0.986256,0.972661,0.959191,0.945907,0.932785,0.919886,0.907185,0.894750,0.882551,0.870664,0.859058,0.847814,0.836900,0.826404,0.816293,0.806660,0.797470,0.788824,0.780680,0.773147,0.766178,0.759883,0.754210,0.749271,0.745005,0.741522,0.738753,0.736802,0.735592,0.735216,0.735592,0.736802,0.738755,0.741522,0.745008,0.749271,0.754215,0.759883,0.766184,0.773147,0.780688,0.788825,0.797479,0.806661,0.816302,0.826405,0.836910,0.847814,0.859068,0.870664,0.882562,0.894749,0.907196,0.919886,0.932797,0.945907,0.959204,0.972661,0.986269,1.000000
22.8000,-0.000000,0.009453,0.019089,0.028918,0.038972,0.049256,0.059797,0.070596,0.081681,0.093047,0.104721,0.116696,0.128995,0.141608,0.154557,0.167826,0.181434,0.195361,0.209618,0.224183,0.239060,0.254222,0.269663,0.285354,0.301278,0.317406,0.333707,0.350155,0.366706,0.383339,0.400000,0.416672,0.433294,0.449857,0.466294,0.482606,0.498723,0.514657,0.530338,0.545788,0.560941,0.575827,0.590382,0.604649,0.618567,0.632183,0.645443,0.658401,0.671005,0.683313,0.695278,0.706961,0.718318,0.729411,0.740202,0.750751,0.761028,0.771089,0.780911,0.790554,0.800000,1.000000,0.986256,0.972657,0.959180,0.945887,0.932753,0.919843,0.907130,0.894685,0.882476,0.870582,0.858970,0.847723,0.836810,0.826317,0.816213,0.806591,0.797414,0.788784,0.780660,0.773149,0.766202,0.759932,0.754284,0.749368,0.745125,0.741661,0.738907,0.736968,0.735764,0.735391,0.735765,0.736967,0.738909,0.741660,0.745127,0.749368,0.754288,0.759931,0.766208,0.773148,0.780667,0.788784,0.797422,0.806590,0.816221,0.826317,0.836819,0.847723,0.858981,0.870582,0.882488,0.894685,0.907143,0.919844,0.932766,0.945887,0.959193,0.972657,0.986269,1.000000
22.9000,-0.000000,0.009453,0.019087,0.028913,0.038963,0.049244,0.059780,0.070576,0.081657,0.093021,0.104692,0.116665,0.128964,0.141577,0.154526,0.167797,0.181407,0.195336,0.209597,0.224165,0.239045,0.254210,0.269654,0.285348,0.301274,0.317403,0.333705,0.350154,0.366706,0.383339,0.400000,0.416672,0.433294,0.449858,0.466295,0.482608,0.498726,0.514663,0.530346,0.545800,0.560955,0.575845,0.590404,0.604674,0.618593,0.632212,0.645474,0.658432,0.671036,0.683343,0.695308,0.706988,0.718343,0.729432,0.740219,0.750764,0.761037,0.771093,0.780913,0.790554,0.800000,1.000000,0.986256,0.972656,0.959176,0.945880,0.932744,0.919831,0.907115,0.894666,0.882454,0.870558,0.858944,0.847697,0.836783,0.826292,0.816189,0.806570,0.797397,0.788773,0.780654,0.773149,0.766210,0.759946,0.754305,0.749397,0.745159,0.741701,0.738953,0.737017,0.735816,0.735444,0.735817,0.737017,0.738955,0.741701,0.745163,0.749397,0.754311,0.759947,0.766216,0.773149,0.780661,0.788772,0.797405,0.806569,0.816198,0.826291,0.836793,0.847697,0.858955,0.870558,0.882466,0.894666,0.907127,0.919831,0.932757,0.945881,0.959189,0.972656,0.986269,1.000000
23.0000,-0.000000,0.009453,0.019096,0.028937,0.039006,0.049307,0.059864,0.070680,0.081780,0.093159,0.104843,0.116824,0.129127,0.141740,0.154685,0.167948,0.181547,0.195462,0.209707,0.224259,0.239122,0.254271,0.269700,0.285380,0.301295,0.317416,0.333713,0.350157,0.366707,0.383339,0.400000,0.416672,0.433293,0.449854,0.466288,0.482595,0.498705,0.514630,0.530300,0.545739,0.560878,0.575750,0.590292,0.604547,0.618453,0.632061,0.645315,0.658269,0.670873,0.683184,0.695157,0.706850,0.718220,0.729328,0.740136,0.750702,0.760995,0.771070,0.780904,0.790554,0.800000,1.000000,0.986256,0.972662,0.959193,0.945912,0.932791,0.919895,0.907196,0.894764,0.882567,0.870682,0.859077,0.847834,0.836920,0.826424,0.816311,0.806676,0.797482,0.788832,0.780684,0.773146,0.766171,0.759871,0.754192,0.749248,0.744978,0.741491,0.738718,0.736764,0.735552,0.735177,0.735553,0.736764,0.738721,0.741491,0.744982,0.749249,0.754199,0.759871,0.766178,0.773146,0.780692,0.788833,0.797491,0.806677,0.816321,0.826425,0.836931,0.847835,0.859088,0.870682,0.882578,0.894763,0.907208,0.919895,0.932803,0.945911,0.959206,0.972662,0.986269,1.000000
23.1000,-0.000000,0.009453,0.019081,0.028899,0.038937,0.049205,0.059729,0.070512,0.081582,0.092936,0.104600,0.116568,0.128864,0.141477,0.154429,0.167705,0.181321,0.195259,0.209529,0.224108,0.238998,0.254173,0.269625,0.285328,0.301260,0.317395,0.333701,0.350152,0.366705,0.383339,0.400000,0.416672,0.433294,0.449859,0.466298,0.482615,0.498740,0.514683,0.530374,0.545836,0.561002,0.575902,0.590471,0.604750,0.618678,0.632304,0.645570,0.658531,0.671135,0.683440,0.695399,0.707071,0.718417,0.729495,0.740270,0.750802,0.761063,0.771108,0.780919,0.790554,0.800000,1.000000,0.986256,0.972652,0.959166,0.945862,0.932715,0.919792,0.907065,0.894606,0.882386,0.870482,0.858863,0.847613,0.836699,0.826211,0.816115,0.806506,0.797346,0.788737,0.780637,0.773152,0.766235,0.759994,0.754375,0.749488,0.745270,0.741830,0.739096,0.737170,0.735976,0.735606,0.735977,0.737171,0.739099,0.741830,0.745274,0.749488,0.754380,0.759993,0.766240,0.773151,0.780643,0.788736,0.797353,0.806505,0.816124,0.826212,0.836710,0.847613,0.858874,0.870482,0.882398,0.894606,0.907077,0.919792,0.932728,0.945862,0.959179,0.972652,0.986269,1.000000
23.2000,-0.000000,0.009453,0.019099,0.028944,0.039018,0.049325,0.059889,0.070712,0.081817,0.093201,0.104888,0.116872,0.129176,0.141789,0.154733,0.167994,0.181589,0.195501,0.209741,0.224288,0.239146,0.254290,0.269714,0.285391,0.301302,0.317420,0.333715,0.350158,0.366707,0.383339,0.400000,0.416672,0.433293,0.449854,0.466286,0.482591,0.498698,0.514620,0.530286,0.545721,0.560855,0.575722,0.590259,0.604508,0.618411,0.632015,0.645267,0.658220,0.670824,0.683137,0.695112,0.706807,0.718183,0.729296,0.740110,0.750682,0.760982,0.771063,0.780901,0.790554,0.800000,1.000000,0.986256,0.972664,0.959198,0.945921,0.932805,0.919914,0.907221,0.894793,0.882601,0.870720,0.859118,0.847876,0.836962,0.826464,0.816348,0.806709,0.797509,0.788851,0.780695,0.773146,0.766161,0.759849,0.754160,0.749205,0.744924,0.741428,0.738648,0.736688,0.735473,0.735096,0.735474,0.736688,0.738650,0.741427,0.744927,0.749204,0.754165,0.759849,0.766167,0.773146,0.780702,0.788851,0.797518,0.806709,0.816358,0.826464,0.836972,0.847876,0.859129,0.870720,0.882613,0.894794,0.907233,0.919915,0.932818,0.945921,0.959211,0.972664,0.986269,1.000000
23.3000,-0.000000,0.009453,0.019082,0.028901,0.038940,0.049209,0.059735,0.070519,0.081590,0.092945,0.104610,0.116578,0.128875,0.141487,0.154439,0.167714,0.181330,0.195267,0.209536,0.224114,0.239003,0.254177,0.269629,0.285330,0.301262,0.317396,0.333702,0.350153,0.366706,0.383339,0.400000,0.416672,0.433295,0.449859,0.466298,0.482615,0.498739,0.514681,0.530372,0.545834,0.560998,0.575897,0.590465,0.604743,0.618670,0.632296,0.645561,0.658522,0.671127,0.683431,0.695391,0.707065,0.718411,0.729490,0.740266,0.750799,0.761060,0.771106,0.780918,0.790554,0.800000,1.000000,0.986256,0.972652,0.959167,0.945864,0.932718,0.919796,0.907070,0.894613,0.882393,0.870490,0.858872,0.847622,0.836708,0.826219,0.816122,0.806512,0.797350,0.788740,0.780638,0.773151,0.766232,0.759989,0.754368,0.749479,0.745260,0.741817,0.739082,0.737156,0.735961,0.735590,0.735961,0.737155,0.739084,0.741817,0.745263,0.749479,0.754373,0.759989,0.766238,0.773151,0.780645,0.788740,0.797358,0.806511,0.816131,0.826219,0.836717,0.847621,0.858881,0.870489,0.882404,0.894611,0.907081,0.919795,0.932730,0.945863,0.959180,0.972652,0.986269,1.000000
23.4000,-0.000000,0.009453,0.019095,0.028935,0.039001,0.049300,0.059856,0.070670,0.081767,0.093145,0.104827,0.116808,0.129110,0.141723,0.154669,0.167933,0.181533,0.195450,0.209696,0.224250,0.239115,0.254265,0.269696,0.285377,0.301294,0.317415,0.333712,0.350157,0.366707,0.383339,0.400000,0.416672,0.433293,0.449855,0.466289,0.482596,0.498706,0.514633,0.530305,0.545745,0.560886,0.575760,0.590304,0.604560,0.618467,0.632076,0.645331,0.658285,0.670890,0.683200,0.695172,0.706863,0.718232,0.729338,0.740144,0.750708,0.760999,0.771072,0.780905,0.790554,0.800000,1.000000,0.986256,0.972661,0.959191,0.945908,0.932786,0.919888,0.907188,0.894753,0.882555,0.870669,0.859063,0.847820,0.836906,0.826411,0.816299,0.806665,0.797474,0.788826,0.780681,0.773146,0.766175,0.759879,0.754205,0.749264,0.744996,0.741512,0.738742,0.736790,0.735579,0.735204,0.735580,0.736790,0.738745,0.741512,0.745001,0.749264,0.754210,0.759879,0.766182,0.773147,0.780689,0.788826,0.797483,0.806666,0.816308,0.826411,0.836917,0.847821,0.859075,0.870670,0.882568,0.894754,0.907200,0.919889,0.932799,0.945908,0.959204,0.972661,0.986269,1.000000
23.5000,-0.000000,0.009453,0.019088,0.028916,0.038968,0.049251,0.059790,0.070588,0.081671,0.093037,0.104710,0.116683,0.128982,0.141595,0.154545,0.167814,0.181423,0.195350,0.209609,0.224176,0.239054,0.254217,0.269659,0.285351,0.301276,0.317404,0.333706,0.350154,0.366706,0.383339,0.400000,0.416672,0.433293,0.449857,0.466294,0.482606,0.498724,0.514659,0.530341,0.545793,0.560946,0.575834,0.590391,0.604658,0.618577,0.632194,0.645455,0.658413,0.671017,0.683324,0.695290,0.706971,0.718328,0.729419,0.740209,0.750757,0.761032,0.771091,0.780912,0.790554,0.800000,1.000000,0.986256,0.972656,0.959178,0.945884,0.932749,0.919838,0.907124,0.894677,0.882467,0.870572,0.858960,0.847713,0.836799,0.826307,0.816203,0.806582,0.797407,0.788779,0.780658,0.773149,0.766205,0.759938,0.754292,0.749379,0.745138,0.741676,0.738925,0.736986,0.735784,0.735412,0.735785,0.736987,0.738927,0.741676,0.745142,0.749380,0.754298,0.759938,0.766212,0.773149,0.780665,0.788779,0.797415,0.806582,0.816212,0.826307,0.836809,0.847713,0.858971,0.870573,0.882480,0.894678,0.907137,0.919839,0.932762,0.945884,0.959191,0.972656,0.986269,1.000000
23.6000,-0.000000,0.009453,0.019088,0.028916,0.038967,0.049250,0.059789,0.070586,0.081669,0.093034,0.104706,0.116680,0.128979,0.141591,0.154541,0.167810,0.181419,0.195347,0.209606,0.224173,0.239052,0.254215,0.269658,0.285351,0.301275,0.317404,0.333706,0.350154,0.366706,0.383339,0.400000,0.416672,0.433294,0.449857,0.466294,0.482607,0.498724,0.514660,0.530342,0.545794,0.560947,0.575836,0.590393,0.604661,0.618580,0.632198,0.645459,0.658417,0.671021,0.683329,0.695294,0.706975,0.718332,0.729422,0.740212,0.750758,0.761033,0.771091,0.780912,0.790554,0.800000,1.000000,0.986256,0.972656,0.959178,0.945884,0.932748,0.919837,0.907123,0.894675,0.882465,0.870569,0.858957,0.847709,0.836795,0.826304,0.816200,0.806579,0.797404,0.788777,0.780657,0.773148,0.766206,0.759939,0.754294,0.749382,0.745142,0.741681,0.738931,0.736993,0.735791,0.735419,0.735792,0.736993,0.738933,0.741682,0.745147,0.749384,0.754301,0.759941,0.766214,0.773150,0.780665,0.788779,0.797414,0.806580,0.816210,0.826304,0.836806,0.847709,0.858968,0.870569,0.882477,0.894675,0.907134,0.919837,0.932761,0.945883,0.959191,0.972656,0.986269,1.000000
23.7000,-0.000000,0.009453,0.019095,0.028935,0.039001,0.049301,0.059857,0.070671,0.081769,0.093147,0.104829,0.116810,0.129112,0.141725,0.154671,0.167934,0.181534,0.195451,0.209698,0.224251,0.239116,0.254266,0.269696,0.285378,0.301294,0.317415,0.333712,0.350157,0.366707,0.383339,0.400000,0.416672,0.433293,0.449855,0.466288,0.482596,0.498707,0.514633,0.530304,0.545744,0.560885,0.575759,0.590303,0.604559,0.618466,0.632075,0.645330,0.658284,0.670889,0.683199,0.695171,0.706862,0.718231,0.729337,0.740144,0.750707,0.760999,0.771072,0.780905,0.790554,0.800000,1.000000,0.986256,0.972661,0.959191,0.945908,0.932786,0.919889,0.907189,0.894755,0.882557,0.870671,0.859065,0.847822,0.836908,0.826412,0.816300,0.806667,0.797475,0.788828,0.780683,0.773147,0.766176,0.759879,0.754204,0.749263,0.744995,0.741510,0.738740,0.736787,0.735576,0.735201,0.735577,0.736787,0.738742,0.741510,0.744998,0.749262,0.754208,0.759878,0.766181,0.773147,0.780689,0.788827,0.797483,0.806667,0.816309,0.826412,0.836917,0.847821,0.859076,0.870671,0.882569,0.894755,0.907201,0.919889,0.932799,0.945909,0.959205,0.972661,0.986269,1.000000
23.8000,-0.000000,0.009453,0.019082,0.028901,0.038940,0.049210,0.059735,0.070520,0.081591,0.092946,0.104611,0.116580,0.128876,0.141489,0.154441,0.167716,0.181332,0.195269,0.209538,0.224115,0.239004,0.254178,0.269630,0.285331,0.301262,0.317396,0.333702,0.350152,0.366706,0.383339,0.400000,0.416672,0.433295,0.449859,0.466299,0.482615,0.498739,0.514681,0.530371,0.545833,0.560997,0.575895,0.590463,0.604741,0.618668,0.632293,0.645559,0.658520,0.671124,0.683429,0.695389,0.707062,0.718408,0.729488,0.740265,0.750798,0.761060,0.771106,0.780918,0.790554,0.800000,1.000000,0.986256,0.972652,0.959167,0.945864,0.932719,0.919797,0.907071,0.894613,0.882394,0.870491,0.858873,0.847623,0.836710,0.826222,0.816124,0.806514,0.797352,0.788742,0.780640,0.773152,0.766232,0.759989,0.754367,0.749477,0.745257,0.741814,0.739079,0.737152,0.735957,0.735587,0.735958,0.737152,0.739081,0.741814,0.745260,0.749476,0.754371,0.759987,0.766237,0.773151,0.780645,0.788740,0.797359,0.806513,0.816132,0.826221,0.836719,0.847623,0.858884,0.870491,0.882406,0.894613,0.907083,0.919796,0.932731,0.945864,0.959180,0.972652,0.986269,1.000000
23.9000,-0.000000,0.009453,0.019098,0.028943,0.039016,0.049323,0.059886,0.070708,0.081812,0.093195,0.104882,0.116866,0.129169,0.141782,0.154727,0.167988,0.181584,0.195496,0.209737,0.224284,0.239143,0.254287,0.269712,0.285389,0.301301,0.317419,0.333714,0.350157,0.366707,0.383339,0.400000,0.416672,0.433293,0.449854,0.466286,0.482591,0.498699,0.514621,0.530288,0.545723,0.560857,0.575725,0.590263,0.604513,0.618416,0.632021,0.645273,0.658226,0.670831,0.683143,0.695119,0.706814,0.718189,0.729302,0.740115,0.750686,0.760984,0.771064,0.780902,0.790554,0.800000,1.000000,0.986256,0.972664,0.959197,0.945919,0.932803,0.919912,0.907218,0.894789,0.882596,0.870715,0.859112,0.847870,0.836957,0.826459,0.816344,0.806705,0.797506,0.788849,0.780693,0.773146,0.766162,0.759852,0.754164,0.749210,0.744931,0.741436,0.738657,0.736699,0.735484,0.735107,0.735485,0.736699,0.738660,0.741436,0.744935,0.749210,0.754169,0.759852,0.766169,0.773146,0.780701,0.788849,0.797514,0.806705,0.816353,0.826459,0.836967,0.847871,0.859123,0.870714,0.882608,0.894789,0.907229,0.919912,0.932815,0.945919,0.959210,0.972664,0.986269,1.000000
24.0000,-0.000000,0.009453,0.019082,0.028900,0.038940,0.049209,0.059734,0.070518,0.081589,0.092944,0.104609,0.116578,0.128874,0.141487,0.154439,0.167714,0.181330,0.195266,0.209536,0.224113,0.239002,0.254176,0.269628,0.285329,0.301261,0.317395,0.333701,0.350152,0.366705,0.383339,0.400000,0.416672,0.433294,0.449858,0.466298,0.482614,0.498737,0.514680,0.530371,0.545833,0.560997,0.575895,0.590464,0.604742,0.618669,0.632294,0.645560,0.658521,0.671126,0.683431,0.695390,0.707063,0.718410,0.729489,0.740266,0.750799,0.761060,0.771107,0.780919,0.790554,0.800000,1.000000,0.986256,0.972652,0.959167,0.945863,0.932718,0.919795,0.907070,0.894612,0.882393,0.870489,0.858871,0.847621,0.836708,0.826219,0.816122,0.806512,0.797350,0.788740,0.780638,0.773151,0.766232,0.759989,0.754368,0.749479,0.745259,0.741817,0.739081,0.737155,0.735960,0.735590,0.735961,0.737155,0.739084,0.741817,0.745263,0.749479,0.754373,0.759989,0.766238,0.773152,0.780645,0.788740,0.797359,0.806512,0.816131,0.826219,0.836717,0.847621,0.858882,0.870489,0.882404,0.894612,0.907082,0.919796,0.932731,0.945863,0.959180,0.972652,0.986269,1.000000
24.1000,-0.000000,0.009453,0.019095,0.028936,0.039003,0.049302,0.059859,0.070673,0.081772,0.093150,0.104833,0.116814,0.129116,0.141729,0.154675,0.167938,0.181538,0.195454,0.209700,0.224253,0.239118,0.254268,0.269697,0.285379,0.301294,0.317415,0.333712,0.350157,0.366707,0.383339,0.400000,0.416672,0.433293,0.449855,0.466288,0.482596,0.498706,0.514632,0.530303,0.545742,0.560882,0.575756,0.590299,0.604554,0.618461,0.632070,0.645325,0.658279,0.670883,0.683195,0.695167,0.706858,0.718227,0.729334,0.740141,0.750705,0.760997,0.771071,0.780905,0.790554,0.800000,1.000000,0.986256,0.972662,0.959192,0.945909,0.932788,0.919891,0.907191,0.894757,0.882560,0.870674,0.859069,0.847826,0.836912,0.826416,0.816303,0.806670,0.797478,0.788829,0.780683,0.773147,0.766175,0.759877,0.754201,0.749259,0.744990,0.741504,0.738733,0.736780,0.735569,0.735193,0.735570,0.736780,0.738735,0.741504,0.744993,0.749258,0.754206,0.759877,0.766181,0.773148,0.780691,0.788830,0.797487,0.806670,0.816313,0.826416,0.836922,0.847826,0.859080,0.870675,0.882572,0.894758,0.907204,0.919892,0.932801,0.945910,0.959205,0.972662,0.986269,1.000000
24.2000,-0.000000,0.009453,0.019087,0.028915,0.038965,0.049247,0.059785,0.070581,0.081663,0.093027,0.104699,0.116673,0.128972,0.141585,0.154534,0.167804,0.181414,0.195342,0.209602,0.224170,0.239049,0.254214,0.269657,0.285350,0.301275,0.317404,0.333707,0.350155,0.366707,0.383340,0.400000,0.416673,0.433294,0.449858,0.466295,0.482608,0.498726,0.514661,0.530344,0.545798,0.560952,0.575841,0.590399,0.604668,0.618587,0.632206,0.645467,0.658426,0.671030,0.683337,0.695302,0.706982,0.718338,0.729428,0.740216,0.750762,0.761035,0.771093,0.780913,0.790554,0.800000,1.000000,0.986256,0.972656,0.959177,0.945882,0.932746,0.919834,0.907118,0.894670,0.882460,0.870563,0.858951,0.847703,0.836789,0.826298,0.816195,0.806575,0.797401,0.788775,0.780656,0.773150,0.766209,0.759944,0.754301,0.749391,0.745152,0.741692,0.738942,0.737005,0.735803,0.735431,0.735804,0.737004,0.738944,0.741691,0.745155,0.749390,0.754306,0.759944,0.766215,0.773149,0.780663,0.788775,0.797409,0.806574,0.816203,0.826297,0.836799,0.847702,0.858961,0.870563,0.882471,0.894670,0.907130,0.919834,0.932758,0.945882,0.959190,0.972656,0.986269,1.000000
24.3000,-0.000000,0.009453,0.019088,0.028918,0.038971,0.049255,0.059796,0.070595,0.081680,0.093046,0.104720,0.116694,0.128994,0.141607,0.154556,0.167825,0.181433,0.195360,0.209617,0.224183,0.239060,0.254222,0.269663,0.285354,0.301278,0.317405,0.333707,0.350155,0.366706,0.383339,0.400000,0.416672,0.433294,0.449857,0.466294,0.482605,0.498722,0.514657,0.530338,0.545789,0.560942,0.575828,0.590384,0.604651,0.618568,0.632184,0.645445,0.658402,0.671006,0.683315,0.695280,0.706963,0.718321,0.729413,0.740204,0.750753,0.761029,0.771089,0.780912,0.790554,0.800000,1.000000,0.986256,0.972657,0.959179,0.945886,0.932753,0.919843,0.907130,0.894684,0.882475,0.870581,0.858969,0.847722,0.836809,0.826317,0.816212,0.806591,0.797414,0.788785,0.780661,0.773150,0.766204,0.759933,0.754285,0.749369,0.745125,0.741662,0.738909,0.736970,0.735767,0.735394,0.735768,0.736970,0.738911,0.741662,0.745130,0.749370,0.754290,0.759933,0.766209,0.773148,0.780667,0.788783,0.797421,0.806589,0.816220,0.826316,0.836818,0.847722,0.858979,0.870580,0.882487,0.894684,0.907141,0.919842,0.932765,0.945886,0.959192,0.972657,0.986269,1.000000
24.4000,-0.000000,0.009453,0.019094,0.028933,0.038997,0.049294,0.059848,0.070661,0.081757,0.093132,0.104814,0.116794,0.129095,0.141709,0.154655,0.167919,0.181520,0.195438,0.209686,0.224241,0.239108,0.254260,0.269691,0.285374,0.301291,0.317413,0.333711,0.350156,0.366707,0.383339,0.400000,0.416672,0.433293,0.449854,0.466289,0.482597,0.498708,0.514636,0.530308,0.545750,0.560892,0.575767,0.590313,0.604570,0.618478,0.632088,0.645344,0.658299,0.670903,0.683214,0.695185,0.706875,0.718243,0.729347,0.740151,0.750713,0.761003,0.771074,0.780906,0.790554,0.800000,1.000000,0.986256,0.972661,0.959190,0.945905,0.932782,0.919883,0.907181,0.894745,0.882545,0.870658,0.859052,0.847808,0.836894,0.826399,0.816288,0.806656,0.797467,0.788821,0.780679,0.773147,0.766179,0.759886,0.754214,0.749276,0.745012,0.741530,0.738761,0.736811,0.735601,0.735225,0.735601,0.736811,0.738764,0.741529,0.745015,0.749276,0.754219,0.759885,0.766184,0.773146,0.780686,0.788822,0.797475,0.806657,0.816298,0.826400,0.836905,0.847809,0.859064,0.870659,0.882558,0.894745,0.907193,0.919883,0.932795,0.945906,0.959203,0.972661,0.986269,1.000000
24.5000,-0.000000,0.009453,0.019083,0.028903,0.038944,0.049215,0.059742,0.070529,0.081601,0.092957,0.104623,0.116592,0.128889,0.141502,0.154453,0.167727,0.181342,0.195278,0.209545,0.224121,0.239009,0.254182,0.269633,0.285333,0.301263,0.317397,0.333702,0.350152,0.366705,0.383339,0.400000,0.416672,0.433294,0.449858,0.466297,0.482613,0.498736,0.514677,0.530366,0.545827,0.560989,0.575887,0.590453,0.604730,0.618657,0.632280,0.645546,0.658506,0.671111,0.683416,0.695377,0.707051,0.718399,0.729480,0.740258,0.750793,0.761056,0.771104,0.780917,0.790554,0.800000,1.000000,0.986256,0.972653,0.959168,0.945867,0.932723,0.919802,0.907078,0.894621,0.882403,0.870501,0.858883,0.847634,0.836720,0.826231,0.816133,0.806521,0.797358,0.788745,0.780640,0.773151,0.766228,0.759982,0.754358,0.749465,0.745243,0.741797,0.739060,0.737132,0.735936,0.735565,0.735937,0.737132,0.739062,0.741797,0.745246,0.749465,0.754363,0.759983,0.766236,0.773152,0.780650,0.788747,0.797368,0.806522,0.816143,0.826232,0.836730,0.847634,0.858894,0.870501,0.882414,0.894621,0.907089,0.919801,0.932735,0.945866,0.959181,0.972653,0.986269,1.000000
24.6000,-0.000000,0.009453,0.019098,0.028942,0.039014,0.049319,0.059881,0.070702,0.081805,0.093188,0.104874,0.116858,0.129161,0.141775,0.154720,0.167981,0.181577,0.195490,0.209731,0.224280,0.239139,0.254284,0.269710,0.285388,0.301300,0.317419,0.333714,0.350157,0.366707,0.383339,0.400000,0.416672,0.433293,0.449854,0.466286,0.482592,0.498700,0.514623,0.530290,0.545725,0.560860,0.575730,0.590269,0.604520,0.618424,0.632029,0.645281,0.658235,0.670839,0.683151,0.695126,0.706820,0.718194,0.729306,0.740118,0.750688,0.760986,0.771065,0.780902,0.790554,0.800000,1.000000,0.986256,0.972663,0.959196,0.945918,0.932800,0.919908,0.907213,0.894784,0.882591,0.870708,0.859106,0.847864,0.836950,0.826453,0.816338,0.806700,0.797502,0.788846,0.780692,0.773146,0.766163,0.759855,0.754169,0.749217,0.744939,0.741446,0.738668,0.736711,0.735496,0.735120,0.735497,0.736711,0.738671,0.741446,0.744944,0.749218,0.754175,0.759856,0.766171,0.773146,0.780699,0.788846,0.797510,0.806699,0.816346,0.826452,0.836960,0.847863,0.859116,0.870708,0.882602,0.894784,0.907225,0.919909,0.932813,0.945918,0.959210,0.972663,0.986269,1.000000
24.7000,-0.000000,0.009453,0.019082,0.028900,0.038940,0.049209,0.059735,0.070520,0.081591,0.092946,0.104611,0.116579,0.128876,0.141489,0.154441,0.167716,0.181332,0.195269,0.209538,0.224115,0.239004,0.254178,0.269630,0.285331,0.301262,0.317396,0.333702,0.350153,0.366706,0.383340,0.400001,0.416673,0.433295,0.449859,0.466299,0.482616,0.498739,0.514681,0.530372,0.545833,0.560997,0.575896,0.590463,0.604742,0.618669,0.632294,0.645560,0.658521,0.671125,0.683429,0.695389,0.707062,0.718409,0.729488,0.740265,0.750798,0.761060,0.771106,0.780918,0.790554,0.800000,1.000000,0.986256,0.972652,0.959167,0.945864,0.932718,0.919796,0.907071,0.894613,0.882394,0.870491,0.858873,0.847623,0.836710,0.826222,0.816125,0.806514,0.797353,0.788742,0.780640,0.773153,0.766233,0.759989,0.754368,0.749478,0.745259,0.741816,0.739080,0.737154,0.735959,0.735588,0.735959,0.737152,0.739081,0.741814,0.745260,0.749476,0.754371,0.759987,0.766237,0.773151,0.780645,0.788740,0.797359,0.806512,0.816132,0.826220,0.836718,0.847622,0.858883,0.870491,0.882406,0.894613,0.907083,0.919797,0.932731,0.945864,0.959180,0.972652,0.986269,1.000000
24.8000,-0.000000,0.009453,0.019095,0.028936,0.039004,0.049305,0.059862,0.070678,0.081776,0.093155,0.104838,0.116819,0.129121,0.141734,0.154680,0.167943,0.181542,0.195458,0.209704,0.224257,0.239120,0.254270,0.269699,0.285380,0.301295,0.317416,0.333712,0.350157,0.366707,0.383339,0.400000,0.416672,0.433293,0.449855,0.466288,0.482595,0.498705,0.514631,0.530301,0.545741,0.560879,0.575753,0.590296,0.604551,0.618458,0.632066,0.645320,0.658275,0.670879,0.683190,0.695163,0.706855,0.718225,0.729332,0.740139,0.750704,0.760996,0.771071,0.780904,0.790554,0.800000,1.000000,0.986256,0.972662,0.959192,0.945911,0.932790,0.919893,0.907194,0.894761,0.882564,0.870678,0.859073,0.847830,0.836916,0.826420,0.816307,0.806673,0.797480,0.788831,0.780684,0.773147,0.766173,0.759874,0.754197,0.749253,0.744983,0.741497,0.738725,0.736772,0.735560,0.735185,0.735561,0.736772,0.738728,0.741497,0.744987,0.749253,0.754201,0.759874,0.766180,0.773147,0.780692,0.788831,0.797489,0.806673,0.816317,0.826420,0.836926,0.847829,0.859083,0.870677,0.882574,0.894760,0.907205,0.919893,0.932802,0.945910,0.959206,0.972662,0.986269,1.000000
24.9000,-0.000000,0.009453,0.019086,0.028913,0.038962,0.049242,0.059779,0.070574,0.081655,0.093018,0.104689,0.116662,0.128960,0.141573,0.154523,0.167793,0.181404,0.195333,0.209594,0.224163,0.239043,0.254209,0.269653,0.285347,0.301273,0.317402,0.333705,0.350154,0.366706,0.383339,0.400000,0.416672,0.433293,0.449857,0.466294,0.482608,0.498726,0.514663,0.530347,0.545801,0.560956,0.575846,0.590406,0.604676,0.618596,0.632215,0.645477,0.658435,0.671039,0.683346,0.695310,0.706990,0.718345,0.729434,0.740221,0.750765,0.761038,0.771094,0.780913,0.790554,0.800000,1.000000,0.986256,0.972656,0.959176,0.945880,0.932743,0.919830,0.907113,0.894664,0.882453,0.870555,0.858941,0.847693,0.836780,0.826288,0.816186,0.806567,0.797395,0.788771,0.780654,0.773149,0.766211,0.759948,0.754308,0.749399,0.745162,0.741704,0.738956,0.737020,0.735820,0.735448,0.735821,0.737021,0.738960,0.741706,0.745167,0.749401,0.754314,0.759950,0.766219,0.773151,0.780662,0.788772,0.797404,0.806567,0.816195,0.826289,0.836790,0.847694,0.858953,0.870555,0.882464,0.894664,0.907125,0.919830,0.932756,0.945880,0.959189,0.972656,0.986269,1.000000
25.0000,-0.000000,0.009453,0.019089,0.028920,0.038974,0.049260,0.059803,0.070604,0.081690,0.093057,0.104732,0.116707,0.129007,0.141620,0.154568,0.167837,0.181444,0.195370,0.209626,0.224190,0.239066,0.254226,0.269666,0.285356,0.301279,0.317406,0.333707,0.350154,0.366706,0.383339,0.399999,0.416672,0.433293,0.449856,0.466292,0.482604,0.498720,0.514654,0.530333,0.545783,0.560934,0.575819,0.590373,0.604638,0.618555,0.632171,0.645430,0.658387,0.670991,0.683300,0.695266,0.706950,0.718309,0.729403,0.740196,0.750747,0.761025,0.771087,0.780911,0.790554,0.800000,1.000000,0.986256,0.972657,0.959181,0.945889,0.932756,0.919848,0.907136,0.894692,0.882484,0.870591,0.858979,0.847733,0.836820,0.826327,0.816222,0.806599,0.797421,0.788789,0.780664,0.773149,0.766200,0.759926,0.754275,0.749356,0.745110,0.741644,0.738889,0.736948,0.735745,0.735372,0.735746,0.736949,0.738892,0.741645,0.745114,0.749357,0.754280,0.759927,0.766206,0.773149,0.780670,0.788790,0.797429,0.806599,0.816232,0.826328,0.836831,0.847735,0.858992,0.870592,0.882498,0.894693,0.907150,0.919849,0.932769,0.945889,0.959194,0.972657,0.986269,1.000000
25.1000,-0.000000,0.009453,0.019093,0.028931,0.038994,0.049289,0.059841,0.070652,0.081746,0.093121,0.104801,0.116780,0.129082,0.141695,0.154642,0.167907,0.181509,0.195428,0.209677,0.224234,0.239101,0.254255,0.269688,0.285372,0.301290,0.317413,0.333711,0.350157,0.366707,0.383340,0.400000,0.416673,0.433294,0.449856,0.466291,0.482599,0.498712,0.514640,0.530313,0.545756,0.560900,0.575777,0.590323,0.604582,0.618492,0.632103,0.645359,0.658314,0.670919,0.683229,0.695199,0.706888,0.718254,0.729357,0.740159,0.750719,0.761007,0.771077,0.780907,0.790554,0.800000,1.000000,0.986256,0.972660,0.959188,0.945903,0.932778,0.919878,0.907173,0.894737,0.882536,0.870647,0.859040,0.847796,0.836882,0.826388,0.816277,0.806647,0.797459,0.788816,0.780676,0.773147,0.766182,0.759892,0.754224,0.749289,0.745028,0.741549,0.738783,0.736834,0.735625,0.735250,0.735626,0.736834,0.738785,0.741548,0.745031,0.749288,0.754228,0.759891,0.766188,0.773147,0.780683,0.788816,0.797468,0.806647,0.816286,0.826387,0.836892,0.847796,0.859051,0.870647,0.882547,0.894736,0.907185,0.919877,0.932790,0.945903,0.959201,0.972660,0.986269,1.000000
25.2000,-0.000000,0.009453,0.019083,0.028904,0.038947,0.049220,0.059750,0.070538,0.081612,0.092969,0.104636,0.116606,0.128903,0.141516,0.154467,0.167741,0.181355,0.195289,0.209556,0.224130,0.239017,0.254188,0.269637,0.285336,0.301266,0.317399,0.333704,0.350153,0.366707,0.383340,0.400001,0.416673,0.433295,0.449859,0.466298,0.482613,0.498735,0.514675,0.530363,0.545823,0.560984,0.575880,0.590446,0.604722,0.618647,0.632270,0.645535,0.658495,0.671099,0.683405,0.695366,0.707041,0.718389,0.729472,0.740251,0.750787,0.761053,0.771102,0.780917,0.790554,0.800000,1.000000,0.986256,0.972653,0.959170,0.945869,0.932726,0.919807,0.907085,0.894630,0.882413,0.870511,0.858895,0.847645,0.836732,0.826243,0.816144,0.806531,0.797366,0.788751,0.780644,0.773151,0.766226,0.759976,0.754349,0.749454,0.745229,0.741782,0.739042,0.737113,0.735916,0.735545,0.735916,0.737112,0.739044,0.741781,0.745232,0.749453,0.754354,0.759976,0.766232,0.773151,0.780651,0.788750,0.797373,0.806529,0.816151,0.826241,0.836740,0.847644,0.858904,0.870510,0.882423,0.894629,0.907096,0.919807,0.932739,0.945869,0.959183,0.972653,0.986269,1.000000
25.3000,-0.000000,0.009453,0.019097,0.028941,0.039012,0.049316,0.059877,0.070696,0.081799,0.093180,0.104866,0.116849,0.129152,0.141766,0.154711,0.167973,0.181570,0.195483,0.209726,0.224275,0.239135,0.254281,0.269707,0.285386,0.301299,0.317418,0.333713,0.350157,0.366707,0.383339,0.400000,0.416672,0.433293,0.449854,0.466286,0.482593,0.498700,0.514625,0.530292,0.545729,0.560865,0.575735,0.590274,0.604526,0.618431,0.632036,0.645289,0.658243,0.670847,0.683159,0.695132,0.706826,0.718199,0.729310,0.740121,0.750690,0.760987,0.771066,0.780902,0.790554,0.800000,1.000000,0.986256,0.972663,0.959196,0.945916,0.932798,0.919905,0.907209,0.894779,0.882585,0.870702,0.859099,0.847856,0.836943,0.826446,0.816332,0.806695,0.797498,0.788844,0.780691,0.773147,0.766166,0.759860,0.754176,0.749225,0.744949,0.741457,0.738681,0.736724,0.735510,0.735134,0.735511,0.736725,0.738684,0.741458,0.744953,0.749226,0.754181,0.759860,0.766173,0.773147,0.780698,0.788843,0.797505,0.806694,0.816340,0.826446,0.836953,0.847857,0.859110,0.870703,0.882597,0.894780,0.907222,0.919906,0.932812,0.945917,0.959209,0.972663,0.986269,1.000000
25.4000,-0.000000,0.009453,0.019082,0.028901,0.038941,0.049211,0.059736,0.070521,0.081593,0.092948,0.104613,0.116581,0.128878,0.141491,0.154443,0.167717,0.181333,0.195269,0.209538,0.224115,0.239004,0.254178,0.269629,0.285330,0.301262,0.317396,0.333701,0.350152,0.366705,0.383338,0.399999,0.416672,0.433294,0.449858,0.466298,0.482614,0.498737,0.514679,0.530369,0.545831,0.560994,0.575893,0.590460,0.604739,0.618666,0.632290,0.645556,0.658517,0.671121,0.683426,0.695386,0.707060,0.718407,0.729487,0.740264,0.750797,0.761059,0.771106,0.780918,0.790554,0.800000,1.000000,0.986256,0.972652,0.959167,0.945864,0.932719,0.919797,0.907072,0.894614,0.882395,0.870492,0.858874,0.847624,0.836710,0.826222,0.816124,0.806513,0.797352,0.788740,0.780638,0.773150,0.766230,0.759986,0.754365,0.749475,0.745255,0.741811,0.739076,0.737148,0.735953,0.735583,0.735954,0.737149,0.739078,0.741811,0.745258,0.749475,0.754370,0.759987,0.766238,0.773152,0.780647,0.788742,0.797361,0.806515,0.816135,0.826223,0.836722,0.847626,0.858886,0.870493,0.882407,0.894615,0.907084,0.919797,0.932732,0.945864,0.959180,0.972652,0.986269,1.000000
25.5000,-0.000000,0.009453,0.019096,0.028937,0.039005,0.049306,0.059864,0.070680,0.081779,0.093158,0.104841,0.116822,0.129125,0.141738,0.154683,0.167946,0.181545,0.195461,0.209706,0.224258,0.239122,0.254271,0.269699,0.285380,0.301295,0.317416,0.333712,0.350156,0.366707,0.383339,0.400000,0.416672,0.433293,0.449854,0.466288,0.482595,0.498705,0.514630,0.530300,0.545739,0.560878,0.575751,0.590293,0.604547,0.618454,0.632062,0.645316,0.658271,0.670875,0.683186,0.695159,0.706851,0.718222,0.729329,0.740137,0.750702,0.760995,0.771071,0.780904,0.790554,0.800000,1.000000,0.986256,0.972662,0.959193,0.945911,0.932791,0.919895,0.907196,0.894763,0.882566,0.870681,0.859076,0.847832,0.836919,0.826422,0.816309,0.806675,0.797481,0.788831,0.780684,0.773146,0.766171,0.759871,0.754194,0.749249,0.744979,0.741492,0.738720,0.736766,0.735555,0.735179,0.735555,0.736767,0.738723,0.741493,0.744984,0.749250,0.754199,0.759872,0.766179,0.773147,0.780693,0.788833,0.797491,0.806676,0.816319,0.826423,0.836929,0.847833,0.859087,0.870680,0.882577,0.894762,0.907207,0.919894,0.932803,0.945911,0.959206,0.972662,0.986269,1.000000
25.6000,-0.000000,0.009453,0.019086,0.028912,0.038960,0.049239,0.059774,0.070568,0.081648,0.093010,0.104681,0.116654,0.128952,0.141565,0.154515,0.167786,0.181397,0.195328,0.209589,0.224159,0.239040,0.254207,0.269651,0.285346,0.301273,0.317403,0.333706,0.350154,0.366707,0.383340,0.400001,0.416673,0.433294,0.449858,0.466296,0.482609,0.498729,0.514666,0.530350,0.545805,0.560962,0.575853,0.590413,0.604684,0.618605,0.632224,0.645486,0.658445,0.671049,0.683356,0.695319,0.706998,0.718352,0.729440,0.740226,0.750768,0.761040,0.771095,0.780914,0.790554,0.800000,1.000000,0.986256,0.972655,0.959175,0.945878,0.932740,0.919826,0.907109,0.894659,0.882446,0.870549,0.858935,0.847687,0.836773,0.826283,0.816181,0.806563,0.797392,0.788770,0.780654,0.773151,0.766215,0.759954,0.754315,0.749409,0.745173,0.741717,0.738970,0.737035,0.735835,0.735463,0.735836,0.737035,0.738973,0.741717,0.745177,0.749408,0.754319,0.759952,0.766219,0.773149,0.780658,0.788767,0.797398,0.806561,0.816188,0.826281,0.836782,0.847686,0.858945,0.870548,0.882458,0.894659,0.907121,0.919826,0.932753,0.945879,0.959188,0.972655,0.986269,1.000000
25.7000,-0.000000,0.009453,0.019090,0.028921,0.038978,0.049265,0.059810,0.070613,0.081700,0.093069,0.104745,0.116720,0.129020,0.141633,0.154582,0.167850,0.181456,0.195380,0.209636,0.224198,0.239073,0.254232,0.269670,0.285359,0.301282,0.317408,0.333708,0.350155,0.366707,0.383340,0.400001,0.416673,0.433294,0.449857,0.466293,0.482604,0.498719,0.514652,0.530331,0.545779,0.560929,0.575812,0.590365,0.604629,0.618545,0.632160,0.645419,0.658375,0.670980,0.683288,0.695256,0.706940,0.718300,0.729396,0.740191,0.750742,0.761022,0.771085,0.780910,0.790554,0.800000,1.000000,0.986256,0.972658,0.959182,0.945891,0.932760,0.919854,0.907143,0.894700,0.882494,0.870601,0.858991,0.847745,0.836831,0.826338,0.816231,0.806607,0.797428,0.788794,0.780666,0.773149,0.766197,0.759921,0.754267,0.749346,0.745097,0.741628,0.738871,0.736929,0.735724,0.735350,0.735724,0.736928,0.738873,0.741627,0.745099,0.749344,0.754270,0.759920,0.766202,0.773147,0.780671,0.788793,0.797435,0.806607,0.816240,0.826338,0.836841,0.847745,0.859001,0.870601,0.882505,0.894700,0.907155,0.919853,0.932773,0.945891,0.959195,0.972658,0.986269,1.000000
25.8000,-0.000000,0.009453,0.019093,0.028929,0.038990,0.049284,0.059834,0.070643,0.081736,0.093109,0.104788,0.116766,0.129068,0.141680,0.154627,0.167893,0.181495,0.195416,0.209667,0.224225,0.239094,0.254248,0.269683,0.285368,0.301287,0.317411,0.333709,0.350155,0.366706,0.383339,0.400000,0.416672,0.433293,0.449855,0.466290,0.482599,0.498712,0.514642,0.530316,0.545760,0.560905,0.575784,0.590332,0.604592,0.618503,0.632115,0.645372,0.658328,0.670932,0.683242,0.695212,0.706900,0.718264,0.729365,0.740166,0.750724,0.761010,0.771079,0.780907,0.790554,0.800000,1.000000,0.986256,0.972660,0.959187,0.945900,0.932774,0.919872,0.907167,0.894728,0.882526,0.870637,0.859029,0.847784,0.836870,0.826376,0.816266,0.806637,0.797451,0.788810,0.780673,0.773147,0.766185,0.759898,0.754233,0.749302,0.745043,0.741566,0.738803,0.736855,0.735648,0.735273,0.735649,0.736856,0.738805,0.741567,0.745047,0.749302,0.754239,0.759899,0.766192,0.773148,0.780682,0.788812,0.797461,0.806638,0.816276,0.826376,0.836881,0.847784,0.859040,0.870637,0.882538,0.894728,0.907179,0.919872,0.932786,0.945900,0.959200,0.972660,0.986269,1.000000
25.9000,-0.000000,0.009453,0.019084,0.028906,0.038950,0.049224,0.059755,0.070544,0.081620,0.092978,0.104646,0.116616,0.128914,0.141527,0.154478,0.167751,0.181364,0.195297,0.209563,0.224136,0.239021,0.254191,0.269639,0.285337,0.301266,0.317398,0.333702,0.350152,0.366705,0.383339,0.399999,0.416672,0.433294,0.449857,0.466296,0.482611,0.498732,0.514671,0.530359,0.545818,0.560977,0.575872,0.590436,0.604710,0.618634,0.632257,0.645521,0.658481,0.671085,0.683391,0.695352,0.707028,0.718379,0.729462,0.740244,0.750782,0.761049,0.771100,0.780916,0.790554,0.800000,1.000000,0.986256,0.972654,0.959171,0.945871,0.932730,0.919812,0.907090,0.894636,0.882420,0.870520,0.858904,0.847655,0.836741,0.826251,0.816152,0.806538,0.797371,0.788754,0.780645,0.773150,0.766222,0.759969,0.754339,0.749441,0.745213,0.741764,0.739023,0.737092,0.735895,0.735524,0.735896,0.737093,0.739026,0.741765,0.745219,0.749443,0.754346,0.759971,0.766229,0.773152,0.780654,0.788756,0.797381,0.806539,0.816162,0.826253,0.836752,0.847656,0.858916,0.870521,0.882433,0.894637,0.907103,0.919812,0.932743,0.945872,0.959185,0.972654,0.986269,1.000000
26.0000,-0.000000,0.009453,0.019097,0.028940,0.039010,0.049313,0.059873,0.070691,0.081792,0.093173,0.104858,0.116840,0.129143,0.141757,0.154702,0.167964,0.181562,0.195476,0.209719,0.224270,0.239131,0.254278,0.269705,0.285384,0.301298,0.317418,0.333713,0.350157,0.366707,0.383339,0.400000,0.416672,0.433293,0.449855,0.466287,0.482594,0.498702,0.514627,0.530295,0.545732,0.560869,0.575740,0.590281,0.604533,0.618439,0.632045,0.645298,0.658252,0.670856,0.683168,0.695142,0.706835,0.718207,0.729317,0.740127,0.750695,0.760991,0.771068,0.780904,0.790554,0.800000,1.000000,0.986256,0.972663,0.959195,0.945915,0.932796,0.919902,0.907205,0.894774,0.882579,0.870695,0.859091,0.847848,0.836935,0.826438,0.816324,0.806688,0.797493,0.788840,0.780689,0.773147,0.766168,0.759864,0.754182,0.749233,0.744959,0.741469,0.738694,0.736738,0.735524,0.735148,0.735525,0.736737,0.738695,0.741468,0.744962,0.749233,0.754186,0.759864,0.766174,0.773146,0.780695,0.788839,0.797500,0.806687,0.816333,0.826438,0.836945,0.847849,0.859102,0.870695,0.882590,0.894774,0.907217,0.919902,0.932808,0.945914,0.959208,0.972662,0.986269,1.000000
26.1000,-0.000000,0.009453,0.019082,0.028902,0.038942,0.049212,0.059739,0.070525,0.081597,0.092952,0.104618,0.116587,0.128883,0.141496,0.154448,0.167723,0.181338,0.195274,0.209542,0.224119,0.239008,0.254181,0.269632,0.285332,0.301264,0.317397,0.333703,0.350153,0.366706,0.383340,0.400001,0.416673,0.433295,0.449859,0.466299,0.482615,0.498738,0.514680,0.530370,0.545831,0.560994,0.575892,0.590460,0.604737,0.618664,0.632288,0.645554,0.658514,0.671119,0.683424,0.695384,0.707058,0.718405,0.729485,0.740263,0.750796,0.761059,0.771106,0.780918,0.790554,0.800000,1.000000,0.986256,0.972653,0.959168,0.945865,0.932721,0.919799,0.907075,0.894618,0.882399,0.870497,0.858879,0.847629,0.836716,0.826227,0.816129,0.806518,0.797356,0.788744,0.780641,0.773153,0.766231,0.759986,0.754363,0.749472,0.745251,0.741807,0.739070,0.737143,0.735947,0.735577,0.735948,0.737143,0.739072,0.741806,0.745253,0.749471,0.754367,0.759985,0.766236,0.773151,0.780647,0.788742,0.797362,0.806516,0.816137,0.826225,0.836724,0.847627,0.858888,0.870495,0.882409,0.894616,0.907085,0.919798,0.932732,0.945864,0.959181,0.972652,0.986269,1.000000
26.2000,-0.000000,0.009453,0.019096,0.028937,0.039005,0.049306,0.059864,0.070680,0.081780,0.093159,0.104843,0.116824,0.129127,0.141740,0.154686,0.167949,0.181547,0.195463,0.209708,0.224260,0.239123,0.254272,0.269700,0.285380,0.301295,0.317416,0.333712,0.350157,0.366707,0.383339,0.400000,0.416672,0.433293,0.449855,0.466288,0.482595,0.498705,0.514630,0.530300,0.545739,0.560878,0.575750,0.590292,0.604547,0.618453,0.632061,0.645315,0.658269,0.670874,0.683185,0.695158,0.706850,0.718220,0.729328,0.740135,0.750701,0.760995,0.771070,0.780904,0.790554,0.800000,1.000000,0.986256,0.972662,0.959193,0.945911,0.932791,0.919895,0.907196,0.894763,0.882567,0.870682,0.859078,0.847835,0.836921,0.826425,0.816312,0.806677,0.797484,0.788834,0.780686,0.773147,0.766172,0.759871,0.754193,0.749248,0.744977,0.741490,0.738717,0.736763,0.735551,0.735176,0.735553,0.736764,0.738720,0.741490,0.744981,0.749248,0.754198,0.759871,0.766178,0.773146,0.780692,0.788833,0.797492,0.806677,0.816321,0.826424,0.836930,0.847834,0.859088,0.870682,0.882579,0.894764,0.907208,0.919895,0.932804,0.945912,0.959206,0.972662,0.986269,1.000000
26.3000,-0.000000,0.009453,0.019085,0.028910,0.038958,0.049236,0.059770,0.070563,0.081642,0.093004,0.104674,0.116646,0.128944,0.141556,0.154507,0.167778,0.181390,0.195320,0.209583,0.224153,0.239035,0.254203,0.269648,0.285344,0.301271,0.317401,0.333704,0.350153,0.366706,0.383339,0.400000,0.416672,0.433293,0.449857,0.466295,0.482609,0.498728,0.514666,0.530350,0.545806,0.560963,0.575855,0.590415,0.604687,0.618609,0.632229,0.645492,0.658451,0.671055,0.683362,0.695325,0.707004,0.718356,0.729444,0.740229,0.750771,0.761042,0.771096,0.780914,0.790554,0.800000,1.000000,0.986256,0.972655,0.959174,0.945876,0.932738,0.919823,0.907105,0.894654,0.882441,0.870542,0.858928,0.847680,0.836766,0.826276,0.816174,0.806557,0.797387,0.788765,0.780651,0.773150,0.766215,0.759956,0.754319,0.749415,0.745181,0.741726,0.738981,0.737046,0.735846,0.735474,0.735847,0.737046,0.738982,0.741726,0.745185,0.749415,0.754325,0.759957,0.766223,0.773151,0.780660,0.788767,0.797396,0.806558,0.816184,0.826277,0.836777,0.847681,0.858940,0.870543,0.882453,0.894654,0.907117,0.919824,0.932751,0.945877,0.959188,0.972655,0.986269,1.000000
26.4000,-0.000000,0.009453,0.019090,0.028923,0.038980,0.049269,0.059814,0.070618,0.081707,0.093077,0.104754,0.116730,0.129031,0.141644,0.154592,0.167859,0.181464,0.195388,0.209642,0.224204,0.239077,0.254235,0.269672,0.285361,0.301282,0.317408,0.333707,0.350154,0.366706,0.383339,0.399999,0.416672,0.433293,0.449856,0.466291,0.482602,0.498716,0.514648,0.530327,0.545773,0.560922,0.575804,0.590357,0.604620,0.618534,0.632149,0.645407,0.658364,0.670969,0.683277,0.695245,0.706930,0.718291,0.729388,0.740184,0.750738,0.761019,0.771084,0.780909,0.790554,0.800000,1.000000,0.986256,0.972658,0.959183,0.945893,0.932763,0.919857,0.907148,0.894706,0.882501,0.870609,0.858999,0.847753,0.836839,0.826346,0.816239,0.806613,0.797432,0.788797,0.780666,0.773148,0.766194,0.759915,0.754258,0.749334,0.745083,0.741613,0.738854,0.736911,0.735706,0.735332,0.735706,0.736911,0.738857,0.741613,0.745088,0.749336,0.754264,0.759916,0.766202,0.773149,0.780675,0.788799,0.797442,0.806615,0.816250,0.826347,0.836851,0.847754,0.859011,0.870610,0.882513,0.894706,0.907161,0.919858,0.932776,0.945893,0.959196,0.972658,0.986269,1.000000
26.5000,-0.000000,0.009453,0.019092,0.028927,0.038987,0.049279,0.059827,0.070634,0.081726,0.093098,0.104776,0.116754,0.129055,0.141668,0.154616,0.167882,0.181486,0.195408,0.209659,0.224219,0.239089,0.254245,0.269680,0.285367,0.301286,0.317411,0.333710,0.350156,0.366707,0.383340,0.400000,0.416673,0.433294,0.449856,0.466291,0.482601,0.498715,0.514645,0.530321,0.545766,0.560913,0.575792,0.590342,0.604603,0.618516,0.632128,0.645385,0.658341,0.670946,0.683255,0.695225,0.706911,0.718275,0.729375,0.740174,0.750730,0.761014,0.771081,0.780908,0.790554,0.800000,1.000000,0.986256,0.972659,0.959186,0.945898,0.932770,0.919867,0.907160,0.894721,0.882517,0.870627,0.859019,0.847774,0.836860,0.826366,0.816258,0.806630,0.797446,0.788807,0.780672,0.773148,0.766189,0.759905,0.754243,0.749314,0.745057,0.741583,0.738821,0.736875,0.735668,0.735294,0.735668,0.736875,0.738823,0.741582,0.745061,0.749313,0.754247,0.759903,0.766194,0.773147,0.780678,0.788806,0.797453,0.806629,0.816266,0.826365,0.836869,0.847773,0.859029,0.870626,0.882528,0.894719,0.907171,0.919866,0.932782,0.945897,0.959198,0.972659,0.986269,1.000000
26.6000,-0.000000,0.009453,0.019085,0.028908,0.038954,0.049230,0.059762,0.070553,0.081630,0.092990,0.104659,0.116630,0.128927,0.141540,0.154491,0.167763,0.181376,0.195308,0.209572,0.224145,0.239029,0.254197,0.269644,0.285341,0.301270,0.317401,0.333704,0.350154,0.366707,0.383340,0.400001,0.416673,0.433295,0.449859,0.466297,0.482612,0.498732,0.514671,0.530357,0.545815,0.560973,0.575867,0.590429,0.604702,0.618626,0.632247,0.645511,0.658470,0.671074,0.683380,0.695342,0.707020,0.718371,0.729456,0.740239,0.750779,0.761047,0.771099,0.780915,0.790554,0.800000,1.000000,0.986256,0.972654,0.959172,0.945874,0.932734,0.919817,0.907097,0.894644,0.882430,0.870530,0.858915,0.847666,0.836752,0.826262,0.816162,0.806547,0.797379,0.788761,0.780649,0.773152,0.766221,0.759966,0.754333,0.749432,0.745201,0.741749,0.739006,0.737073,0.735875,0.735503,0.735875,0.737073,0.739007,0.741748,0.745204,0.749430,0.754336,0.759964,0.766224,0.773149,0.780654,0.788759,0.797386,0.806545,0.816170,0.826261,0.836761,0.847665,0.858924,0.870529,0.882440,0.894643,0.907107,0.919816,0.932745,0.945873,0.959185,0.972654,0.986269,1.000000
26.7000,-0.000000,0.009453,0.019096,0.028938,0.039007,0.049309,0.059868,0.070685,0.081785,0.093165,0.104849,0.116831,0.129134,0.141747,0.154692,0.167955,0.181553,0.195469,0.209713,0.224264,0.239127,0.254274,0.269702,0.285382,0.301296,0.317417,0.333713,0.350157,0.366707,0.383339,0.400000,0.416672,0.433293,0.449854,0.466287,0.482594,0.498703,0.514628,0.530297,0.545735,0.560873,0.575746,0.590287,0.604541,0.618446,0.632053,0.645307,0.658261,0.670866,0.683177,0.695150,0.706843,0.718214,0.729323,0.740132,0.750698,0.760993,0.771069,0.780904,0.790554,0.800000,1.000000,0.986256,0.972662,0.959194,0.945912,0.932793,0.919898,0.907199,0.894768,0.882572,0.870687,0.859083,0.847840,0.836927,0.826430,0.816317,0.806682,0.797487,0.788836,0.780687,0.773147,0.766170,0.759868,0.754188,0.749242,0.744969,0.741480,0.738706,0.736751,0.735539,0.735163,0.735540,0.736752,0.738709,0.741481,0.744973,0.749242,0.754193,0.759868,0.766177,0.773147,0.780694,0.788836,0.797496,0.806682,0.816326,0.826431,0.836937,0.847841,0.859094,0.870688,0.882584,0.894768,0.907212,0.919898,0.932806,0.945913,0.959207,0.972662,0.986269,1.000000
26.8000,-0.000000,0.009453,0.019082,0.028902,0.038943,0.049213,0.059740,0.070526,0.081599,0.092954,0.104620,0.116589,0.128886,0.141499,0.154451,0.167725,0.181340,0.195276,0.209544,0.224120,0.239008,0.254181,0.269631,0.285332,0.301263,0.317396,0.333701,0.350152,0.366705,0.383338,0.399999,0.416671,0.433293,0.449858,0.466297,0.482613,0.498735,0.514677,0.530366,0.545827,0.560989,0.575888,0.590454,0.604731,0.618658,0.632282,0.645548,0.658509,0.671113,0.683418,0.695378,0.707052,0.718400,0.729481,0.740259,0.750793,0.761057,0.771105,0.780918,0.790554,0.800000,1.000000,0.986256,0.972653,0.959168,0.945865,0.932721,0.919800,0.907075,0.894619,0.882401,0.870499,0.858881,0.847632,0.836718,0.826229,0.816131,0.806520,0.797357,0.788744,0.780640,0.773150,0.766228,0.759982,0.754358,0.749466,0.745244,0.741799,0.739062,0.737134,0.735939,0.735569,0.735940,0.737135,0.739065,0.741800,0.745249,0.749468,0.754365,0.759984,0.766237,0.773153,0.780650,0.788746,0.797367,0.806521,0.816142,0.826230,0.836729,0.847633,0.858893,0.870500,0.882414,0.894620,0.907089,0.919801,0.932734,0.945866,0.959181,0.972653,0.986269,1.000000
26.9000,-0.000000,0.009453,0.019096,0.028937,0.039006,0.049307,0.059865,0.070681,0.081780,0.093159,0.104843,0.116824,0.129127,0.141740,0.154686,0.167949,0.181547,0.195463,0.209708,0.224259,0.239123,0.254271,0.269700,0.285380,0.301295,0.317416,0.333712,0.350157,0.366707,0.383339,0.400000,0.416672,0.433293,0.449854,0.466287,0.482594,0.498704,0.514629,0.530299,0.545738,0.560876,0.575749,0.590291,0.604546,0.618452,0.632060,0.645314,0.658268,0.670873,0.683184,0.695157,0.706849,0.718220,0.729328,0.740136,0.750701,0.760995,0.771070,0.780904,0.790554,0.800000,1.000000,0.986256,0.972662,0.959193,0.945911,0.932791,0.919895,0.907196,0.894764,0.882567,0.870682,0.859077,0.847834,0.836921,0.826425,0.816311,0.806676,0.797483,0.788833,0.780685,0.773146,0.766171,0.759871,0.754192,0.749248,0.744977,0.741489,0.738717,0.736763,0.735551,0.735175,0.735551,0.736762,0.738719,0.741489,0.744981,0.749248,0.754198,0.759872,0.766179,0.773148,0.780694,0.788834,0.797493,0.806678,0.816321,0.826425,0.836931,0.847835,0.859089,0.870683,0.882579,0.894764,0.907208,0.919895,0.932804,0.945911,0.959206,0.972662,0.986269,1.000000
27.0000,-0.000000,0.009453,0.019085,0.028910,0.038957,0.049234,0.059768,0.070561,0.081639,0.093000,0.104670,0.116641,0.128939,0.141552,0.154503,0.167775,0.181386,0.195318,0.209581,0.224152,0.239035,0.254202,0.269648,0.285344,0.301271,0.317402,0.333705,0.350154,0.366707,0.383340,0.400001,0.416673,0.433295,0.449858,0.466296,0.482611,0.498731,0.514669,0.530354,0.545810,0.560967,0.575860,0.590421,0.604694,0.618616,0.632236,0.645499,0.658458,0.671062,0.683369,0.695332,0.707009,0.718362,0.729448,0.740232,0.750773,0.761043,0.771097,0.780915,0.790554,0.800000,1.000000,0.986256,0.972655,0.959173,0.945876,0.932737,0.919821,0.907103,0.894651,0.882438,0.870539,0.858924,0.847676,0.836762,0.826272,0.816171,0.806555,0.797386,0.788765,0.780652,0.773152,0.766218,0.759961,0.754325,0.749421,0.745188,0.741734,0.738988,0.737055,0.735855,0.735483,0.735856,0.737054,0.738990,0.741732,0.745190,0.749419,0.754327,0.759958,0.766221,0.773149,0.780656,0.788762,0.797391,0.806552,0.816178,0.826270,0.836771,0.847675,0.858934,0.870538,0.882448,0.894650,0.907114,0.919821,0.932749,0.945876,0.959187,0.972655,0.986269,1.000000
27.1000,-0.000000,0.009453,0.019091,0.028924,0.038983,0.049273,0.059820,0.070626,0.081716,0.093087,0.104764,0.116741,0.129041,0.141655,0.154602,0.167870,0.181474,0.195397,0.209650,0.224211,0.239083,0.254240,0.269676,0.285364,0.301284,0.317410,0.333709,0.350156,0.366707,0.383340,0.400001,0.416673,0.433294,0.449856,0.466292,0.482602,0.498717,0.514647,0.530325,0.545771,0.560918,0.575800,0.590351,0.604614,0.618527,0.632141,0.645399,0.658355,0.670959,0.683268,0.695237,0.706923,0.718285,0.729383,0.740180,0.750735,0.761017,0.771083,0.780909,0.790554,0.800000,1.000000,0.986256,0.972658,0.959184,0.945895,0.932766,0.919861,0.907153,0.894712,0.882508,0.870617,0.859008,0.847762,0.836849,0.826355,0.816248,0.806621,0.797439,0.788803,0.780670,0.773149,0.766193,0.759912,0.754252,0.749326,0.745073,0.741601,0.738841,0.736896,0.735690,0.735316,0.735691,0.736896,0.738843,0.741600,0.745076,0.749326,0.754257,0.759911,0.766198,0.773148,0.780676,0.788801,0.797446,0.806620,0.816256,0.826354,0.836858,0.847761,0.859017,0.870616,0.882519,0.894711,0.907165,0.919861,0.932778,0.945895,0.959197,0.972659,0.986269,1.000000
27.2000,-0.000000,0.009453,0.019091,0.028925,0.038983,0.049274,0.059821,0.070626,0.081716,0.093087,0.104765,0.116742,0.129043,0.141656,0.154603,0.167870,0.181474,0.195397,0.209650,0.224210,0.239082,0.254239,0.269676,0.285363,0.301284,0.317409,0.333708,0.350155,0.366706,0.383339,0.400000,0.416672,0.433293,0.449855,0.466291,0.482601,0.498715,0.514647,0.530323,0.545770,0.560917,0.575798,0.590349,0.604611,0.618524,0.632138,0.645396,0.658352,0.670957,0.683266,0.695235,0.706921,0.718284,0.729382,0.740180,0.750734,0.761017,0.771083,0.780909,0.790554,0.800000,1.000000,0.986256,0.972659,0.959184,0.945895,0.932766,0.919861,0.907153,0.894713,0.882508,0.870617,0.859008,0.847763,0.836849,0.826356,0.816248,0.806621,0.797438,0.788801,0.780668,0.773147,0.766190,0.759909,0.754250,0.749324,0.745070,0.741598,0.738838,0.736893,0.735687,0.735313,0.735688,0.736893,0.738840,0.741598,0.745074,0.749324,0.754256,0.759910,0.766198,0.773148,0.780677,0.788803,0.797448,0.806623,0.816258,0.826357,0.836861,0.847764,0.859020,0.870618,0.882521,0.894713,0.907166,0.919861,0.932779,0.945895,0.959197,0.972659,0.986269,1.000000
27.3000,-0.000000,0.009453,0.019085,0.028909,0.038956,0.049233,0.059767,0.070560,0.081638,0.092999,0.104668,0.116640,0.128937,0.141550,0.154501,0.167772,0.181384,0.195315,0.209579,0.224150,0.239032,0.254200,0.269646,0.285342,0.301269,0.317400,0.333703,0.350152,0.366705,0.383338,0.399999,0.416671,0.433293,0.449857,0.466295,0.482609,0.498729,0.514667,0.530352,0.545808,0.560965,0.575858,0.590419,0.604692,0.618614,0.632235,0.645498,0.658457,0.671061,0.683367,0.695330,0.707008,0.718361,0.729447,0.740232,0.750773,0.761043,0.771097,0.780914,0.790554,0.800000,1.000000,0.986256,0.972655,0.959173,0.945875,0.932736,0.919821,0.907102,0.894651,0.882437,0.870538,0.858923,0.847675,0.836761,0.826270,0.816169,0.806553,0.797383,0.788763,0.780649,0.773150,0.766216,0.759958,0.754323,0.749419,0.745187,0.741733,0.738988,0.737055,0.735856,0.735484,0.735856,0.737055,0.738991,0.741734,0.745192,0.749421,0.754329,0.759960,0.766224,0.773152,0.780659,0.788765,0.797394,0.806554,0.816180,0.826272,0.836772,0.847676,0.858935,0.870539,0.882449,0.894651,0.907115,0.919822,0.932750,0.945876,0.959187,0.972655,0.986269,1.000000
27.4000,-0.000000,0.009453,0.019096,0.028937,0.039005,0.049306,0.059863,0.070679,0.081778,0.093157,0.104841,0.116822,0.129124,0.141738,0.154683,0.167946,0.181546,0.195461,0.209707,0.224259,0.239123,0.254271,0.269700,0.285381,0.301296,0.317416,0.333713,0.350157,0.366707,0.383339,0.400000,0.416672,0.433293,0.449855,0.466288,0.482595,0.498705,0.514630,0.530300,0.545740,0.560879,0.575752,0.590294,0.604549,0.618455,0.632063,0.645317,0.658272,0.670876,0.683187,0.695159,0.706851,0.718221,0.729329,0.740137,0.750702,0.760995,0.771070,0.780904,0.790554,0.800000,1.000000,0.986256,0.972662,0.959193,0.945911,0.932790,0.919894,0.907195,0.894762,0.882565,0.870680,0.859075,0.847832,0.836918,0.826422,0.816310,0.806675,0.797483,0.788833,0.780685,0.773148,0.766173,0.759873,0.754195,0.749250,0.744980,0.741492,0.738720,0.736767,0.735555,0.735179,0.735555,0.736767,0.738722,0.741492,0.744983,0.749250,0.754200,0.759873,0.766179,0.773147,0.780692,0.788832,0.797490,0.806675,0.816318,0.826422,0.836928,0.847832,0.859086,0.870680,0.882577,0.894763,0.907207,0.919895,0.932803,0.945911,0.959206,0.972662,0.986269,1.000000
27.5000,-0.000000,0.009453,0.019083,0.028903,0.038945,0.049216,0.059744,0.070531,0.081605,0.092961,0.104628,0.116597,0.128894,0.141507,0.154458,0.167732,0.181347,0.195283,0.209550,0.224126,0.239013,0.254185,0.269635,0.285335,0.301265,0.317398,0.333704,0.350154,0.366707,0.383340,0.400001,0.416673,0.433295,0.449860,0.466299,0.482615,0.498737,0.514678,0.530367,0.545828,0.560989,0.575886,0.590452,0.604729,0.618655,0.632278,0.645543,0.658504,0.671108,0.683414,0.695375,0.707049,0.718398,0.729478,0.740257,0.750793,0.761056,0.771104,0.780917,0.790554,0.800000,1.000000,0.986256,0.972653,0.959169,0.945867,0.932723,0.919803,0.907079,0.894624,0.882407,0.870505,0.858888,0.847638,0.836724,0.826236,0.816137,0.806525,0.797362,0.788749,0.780644,0.773153,0.766229,0.759982,0.754356,0.749462,0.745239,0.741793,0.739056,0.737127,0.735931,0.735560,0.735931,0.737126,0.739057,0.741792,0.745241,0.749461,0.754359,0.759979,0.766233,0.773151,0.780649,0.788747,0.797369,0.806524,0.816145,0.826234,0.836733,0.847636,0.858897,0.870503,0.882416,0.894622,0.907090,0.919802,0.932735,0.945866,0.959181,0.972653,0.986269,1.000000
27.6000,-0.000000,0.009453,0.019096,0.028937,0.039005,0.049306,0.059864,0.070680,0.081779,0.093159,0.104843,0.116824,0.129127,0.141740,0.154686,0.167949,0.181547,0.195463,0.209708,0.224260,0.239123,0.254271,0.269700,0.285380,0.301295,0.317416,0.333712,0.350157,0.366707,0.383339,0.400000,0.416672,0.433293,0.449855,0.466288,0.482595,0.498705,0.514630,0.530300,0.545739,0.560877,0.575750,0.590292,0.604547,0.618453,0.632061,0.645315,0.658269,0.670873,0.683185,0.695158,0.706850,0.718221,0.729329,0.740136,0.750702,0.760995,0.771070,0.780904,0.790554,0.800000,1.000000,0.986256,0.972662,0.959193,0.945911,0.932790,0.919895,0.907196,0.894763,0.882567,0.870682,0.859077,0.847835,0.836921,0.826425,0.816312,0.806677,0.797484,0.788833,0.780685,0.773146,0.766171,0.759871,0.754193,0.749248,0.744978,0.741490,0.738718,0.736764,0.735551,0.735176,0.735553,0.736764,0.738720,0.741490,0.744981,0.749248,0.754197,0.759871,0.766177,0.773146,0.780692,0.788833,0.797491,0.806676,0.816320,0.826424,0.836931,0.847834,0.859088,0.870682,0.882578,0.894763,0.907208,0.919895,0.932803,0.945911,0.959206,0.972662,0.986269,1.000000
27.7000,-0.000000,0.009453,0.019085,0.028909,0.038955,0.049232,0.059765,0.070557,0.081635,0.092995,0.104664,0.116635,0.128933,0.141546,0.154496,0.167768,0.181380,0.195312,0.209576,0.224147,0.239030,0.254199,0.269645,0.285341,0.301269,0.317400,0.333703,0.350153,0.366705,0.383338,0.399999,0.416671,0.433293,0.449857,0.466295,0.482609,0.498729,0.514667,0.530353,0.545810,0.560968,0.575860,0.590423,0.604695,0.618618,0.632239,0.645502,0.658461,0.671065,0.683371,0.695334,0.707012,0.718364,0.729449,0.740234,0.750774,0.761044,0.771097,0.780915,0.790554,0.800000,1.000000,0.986256,0.972654,0.959173,0.945875,0.932735,0.919819,0.907100,0.894648,0.882434,0.870535,0.858919,0.847671,0.836757,0.826266,0.816166,0.806550,0.797381,0.788762,0.780649,0.773150,0.766217,0.759961,0.754326,0.749423,0.745192,0.741738,0.738994,0.737061,0.735862,0.735491,0.735863,0.737062,0.738997,0.741739,0.745197,0.749425,0.754333,0.759963,0.766226,0.773152,0.780658,0.788763,0.797390,0.806551,0.816176,0.826268,0.836768,0.847672,0.858932,0.870536,0.882447,0.894649,0.907113,0.919820,0.932749,0.945876,0.959187,0.972655,0.986269,1.000000
27.8000,-0.000000,0.009453,0.019091,0.028926,0.038985,0.049277,0.059825,0.070631,0.081722,0.093094,0.104772,0.116749,0.129049,0.141662,0.154609,0.167876,0.181480,0.195402,0.209654,0.224214,0.239085,0.254242,0.269678,0.285364,0.301285,0.317409,0.333708,0.350155,0.366706,0.383338,0.399999,0.416672,0.433293,0.449855,0.466290,0.482600,0.498714,0.514644,0.530321,0.545766,0.560913,0.575794,0.590344,0.604605,0.618518,0.632131,0.645389,0.658346,0.670950,0.683260,0.695228,0.706914,0.718278,0.729377,0.740176,0.750731,0.761015,0.771081,0.780909,0.790554,0.800000,1.000000,0.986256,0.972659,0.959185,0.945897,0.932768,0.919865,0.907158,0.894717,0.882514,0.870623,0.859014,0.847769,0.836855,0.826361,0.816252,0.806625,0.797441,0.788803,0.780670,0.773147,0.766189,0.759906,0.754245,0.749318,0.745063,0.741589,0.738828,0.736882,0.735675,0.735301,0.735676,0.736882,0.738830,0.741589,0.745067,0.749319,0.754252,0.759908,0.766197,0.773149,0.780679,0.788806,0.797452,0.806627,0.816263,0.826362,0.836866,0.847769,0.859025,0.870623,0.882526,0.894717,0.907170,0.919865,0.932781,0.945897,0.959198,0.972659,0.986269,1.000000
27.9000,-0.000000,0.009453,0.019090,0.028923,0.038980,0.049269,0.059815,0.070619,0.081708,0.093078,0.104755,0.116732,0.129033,0.141646,0.154594,0.167861,0.181466,0.195390,0.209644,0.224205,0.239078,0.254236,0.269674,0.285362,0.301283,0.317409,0.333709,0.350156,0.366707,0.383340,0.400001,0.416673,0.433295,0.449857,0.466293,0.482604,0.498719,0.514651,0.530328,0.545776,0.560924,0.575806,0.590358,0.604621,0.618535,0.632150,0.645408,0.658365,0.670969,0.683278,0.695246,0.706931,0.718292,0.729390,0.740186,0.750739,0.761020,0.771084,0.780909,0.790554,0.800000,1.000000,0.986256,0.972658,0.959183,0.945893,0.932763,0.919857,0.907148,0.894706,0.882501,0.870610,0.859000,0.847755,0.836842,0.826348,0.816241,0.806615,0.797434,0.788798,0.780668,0.773149,0.766194,0.759916,0.754259,0.749335,0.745084,0.741614,0.738856,0.736912,0.735707,0.735333,0.735707,0.736911,0.738857,0.741612,0.745086,0.749334,0.754262,0.759914,0.766199,0.773147,0.780674,0.788797,0.797441,0.806614,0.816249,0.826347,0.836850,0.847754,0.859010,0.870609,0.882513,0.894706,0.907160,0.919857,0.932775,0.945893,0.959196,0.972658,0.986269,1.000000
28.0000,-0.000000,0.009453,0.019086,0.028911,0.038960,0.049238,0.059773,0.070567,0.081647,0.093009,0.104680,0.116653,0.128951,0.141564,0.154515,0.167786,0.181396,0.195327,0.209589,0.224158,0.239040,0.254206,0.269651,0.285346,0.301273,0.317403,0.333706,0.350154,0.366707,0.383340,0.400001,0.416673,0.433295,0.449859,0.466296,0.482610,0.498729,0.514667,0.530351,0.545806,0.560962,0.575853,0.590414,0.604685,0.618606,0.632226,0.645488,0.658446,0.671051,0.683357,0.695320,0.707000,0.718353,0.729440,0.740226,0.750769,0.761040,0.771095,0.780914,0.790554,0.800000,1.000000,0.986256,0.972655,0.959175,0.945878,0.932740,0.919825,0.907108,0.894658,0.882445,0.870548,0.858934,0.847686,0.836773,0.826282,0.816180,0.806562,0.797391,0.788769,0.780653,0.773151,0.766214,0.759954,0.754315,0.749409,0.745174,0.741718,0.738972,0.737037,0.735837,0.735465,0.735838,0.737036,0.738973,0.741717,0.745177,0.749408,0.754319,0.759952,0.766219,0.773149,0.780658,0.788767,0.797397,0.806560,0.816187,0.826280,0.836781,0.847685,0.858944,0.870547,0.882457,0.894658,0.907120,0.919826,0.932753,0.945878,0.959188,0.972655,0.986269,1.000000
28.1000,-0.000000,0.009453,0.019095,0.028936,0.039003,0.049303,0.059859,0.070674,0.081771,0.093149,0.104831,0.116812,0.129114,0.141727,0.154673,0.167936,0.181536,0.195453,0.209699,0.224252,0.239117,0.254267,0.269697,0.285378,0.301294,0.317415,0.333712,0.350157,0.366707,0.383339,0.400000,0.416672,0.433293,0.449854,0.466288,0.482595,0.498705,0.514632,0.530303,0.545743,0.560883,0.575757,0.590300,0.604556,0.618464,0.632072,0.645327,0.658281,0.670885,0.683196,0.695168,0.706859,0.718229,0.729335,0.740141,0.750705,0.760997,0.771072,0.780905,0.790554,0.800000,1.000000,0.986256,0.972662,0.959192,0.945910,0.932788,0.919891,0.907191,0.894757,0.882559,0.870673,0.859067,0.847824,0.836910,0.826413,0.816301,0.806668,0.797476,0.788828,0.780683,0.773147,0.766175,0.759878,0.754202,0.749260,0.744992,0.741506,0.738735,0.736782,0.735570,0.735195,0.735572,0.736783,0.738738,0.741507,0.744996,0.749261,0.754208,0.759879,0.766182,0.773148,0.780691,0.788829,0.797485,0.806668,0.816311,0.826414,0.836920,0.847824,0.859079,0.870673,0.882571,0.894757,0.907203,0.919891,0.932801,0.945909,0.959205,0.972662,0.986269,1.000000
28.2000,-0.000000,0.009453,0.019083,0.028904,0.038947,0.049219,0.059747,0.070535,0.081608,0.092965,0.104632,0.116601,0.128898,0.141511,0.154462,0.167736,0.181350,0.195285,0.209552,0.224127,0.239014,0.254185,0.269635,0.285334,0.301264,0.317397,0.333702,0.350152,0.366705,0.383338,0.399999,0.416671,0.433293,0.449857,0.466296,0.482612,0.498734,0.514675,0.530363,0.545823,0.560985,0.575881,0.590446,0.604722,0.618647,0.632270,0.645535,0.658495,0.671099,0.683406,0.695367,0.707042,0.718391,0.729473,0.740253,0.750789,0.761054,0.771103,0.780917,0.790554,0.800000,1.000000,0.986256,0.972653,0.959169,0.945868,0.932725,0.919805,0.907082,0.894627,0.882410,0.870508,0.858891,0.847641,0.836727,0.826238,0.816140,0.806527,0.797362,0.788748,0.780642,0.773150,0.766225,0.759976,0.754350,0.749455,0.745231,0.741784,0.739045,0.737116,0.735919,0.735549,0.735921,0.737117,0.739048,0.741785,0.745236,0.749457,0.754356,0.759978,0.766233,0.773151,0.780651,0.788750,0.797373,0.806529,0.816151,0.826241,0.836740,0.847644,0.858903,0.870509,0.882422,0.894628,0.907095,0.919806,0.932738,0.945868,0.959183,0.972653,0.986269,1.000000
28.3000,-0.000000,0.009453,0.019096,0.028937,0.039005,0.049305,0.059863,0.070678,0.081778,0.093157,0.104841,0.116822,0.129125,0.141738,0.154684,0.167947,0.181546,0.195462,0.209707,0.224258,0.239122,0.254270,0.269699,0.285380,0.301295,0.317416,0.333712,0.350156,0.366707,0.383339,0.400000,0.416672,0.433293,0.449854,0.466288,0.482595,0.498705,0.514630,0.530300,0.545740,0.560878,0.575751,0.590293,0.604547,0.618453,0.632061,0.645315,0.658270,0.670875,0.683186,0.695159,0.706851,0.718222,0.729329,0.740137,0.750703,0.760996,0.771071,0.780905,0.790554,0.800000,1.000000,0.986256,0.972662,0.959193,0.945911,0.932790,0.919894,0.907195,0.894762,0.882565,0.870680,0.859076,0.847833,0.836920,0.826424,0.816311,0.806676,0.797483,0.788832,0.780684,0.773146,0.766171,0.759871,0.754193,0.749249,0.744979,0.741492,0.738720,0.736766,0.735555,0.735179,0.735556,0.736767,0.738723,0.741492,0.744983,0.749249,0.754198,0.759871,0.766177,0.773146,0.780691,0.788832,0.797491,0.806676,0.816320,0.826424,0.836930,0.847833,0.859087,0.870681,0.882578,0.894762,0.907207,0.919894,0.932803,0.945911,0.959206,0.972662,0.986269,1.000000
28.4000,-0.000000,0.009453,0.019085,0.028909,0.038955,0.049231,0.059764,0.070556,0.081633,0.092994,0.104663,0.116634,0.128932,0.141545,0.154496,0.167768,0.181380,0.195312,0.209576,0.224147,0.239031,0.254199,0.269646,0.285342,0.301271,0.317402,0.333705,0.350154,0.366707,0.383340,0.400001,0.416673,0.433295,0.449859,0.466297,0.482612,0.498732,0.514671,0.530357,0.545813,0.560972,0.575865,0.590427,0.604700,0.618623,0.632244,0.645508,0.658467,0.671071,0.683377,0.695339,0.707016,0.718367,0.729453,0.740236,0.750777,0.761045,0.771098,0.780915,0.790554,0.800000,1.000000,0.986256,0.972654,0.959173,0.945874,0.932734,0.919818,0.907099,0.894646,0.882433,0.870533,0.858919,0.847670,0.836756,0.826266,0.816165,0.806549,0.797381,0.788762,0.780650,0.773151,0.766220,0.759964,0.754330,0.749428,0.745197,0.741745,0.739001,0.737068,0.735869,0.735497,0.735869,0.737067,0.739001,0.741743,0.745199,0.749426,0.754333,0.759962,0.766224,0.773150,0.780655,0.788760,0.797387,0.806547,0.816172,0.826263,0.836763,0.847668,0.858927,0.870532,0.882443,0.894646,0.907110,0.919818,0.932747,0.945874,0.959186,0.972654,0.986269,1.000000
28.5000,-0.000000,0.009453,0.019092,0.028927,0.038988,0.049280,0.059829,0.070637,0.081729,0.093101,0.104780,0.116757,0.129058,0.141671,0.154618,0.167884,0.181487,0.195409,0.209660,0.224219,0.239090,0.254246,0.269681,0.285367,0.301287,0.317411,0.333710,0.350156,0.366707,0.383340,0.400000,0.416673,0.433294,0.449856,0.466291,0.482600,0.498713,0.514644,0.530320,0.545764,0.560910,0.575790,0.590339,0.604601,0.618513,0.632126,0.645383,0.658339,0.670943,0.683252,0.695221,0.706908,0.718272,0.729372,0.740171,0.750728,0.761012,0.771080,0.780908,0.790554,0.800000,1.000000,0.986256,0.972659,0.959186,0.945899,0.932771,0.919869,0.907162,0.894723,0.882520,0.870630,0.859022,0.847777,0.836863,0.826368,0.816259,0.806631,0.797447,0.788807,0.780672,0.773148,0.766189,0.759904,0.754241,0.749312,0.745055,0.741580,0.738818,0.736871,0.735663,0.735288,0.735663,0.736869,0.738818,0.741578,0.745058,0.749311,0.754246,0.759904,0.766194,0.773148,0.780679,0.788807,0.797455,0.806631,0.816268,0.826367,0.836872,0.847775,0.859031,0.870629,0.882531,0.894722,0.907174,0.919868,0.932784,0.945899,0.959199,0.972659,0.986269,1.000000
28.6000,-0.000000,0.009453,0.019090,0.028921,0.038977,0.049265,0.059809,0.070612,0.081699,0.093068,0.104744,0.116720,0.129020,0.141633,0.154581,0.167849,0.181455,0.195379,0.209634,0.224197,0.239071,0.254230,0.269669,0.285358,0.301280,0.317406,0.333707,0.350154,0.366706,0.383338,0.399999,0.416671,0.433293,0.449855,0.466291,0.482603,0.498718,0.514651,0.530329,0.545777,0.560927,0.575811,0.590363,0.604628,0.618543,0.632158,0.645417,0.658374,0.670979,0.683287,0.695255,0.706939,0.718299,0.729395,0.740190,0.750742,0.761022,0.771085,0.780910,0.790554,0.800000,1.000000,0.986256,0.972658,0.959182,0.945891,0.932760,0.919853,0.907143,0.894699,0.882493,0.870601,0.858990,0.847745,0.836831,0.826338,0.816231,0.806606,0.797426,0.788792,0.780664,0.773147,0.766196,0.759919,0.754265,0.749343,0.745095,0.741626,0.738870,0.736928,0.735724,0.735350,0.735725,0.736928,0.738873,0.741627,0.745100,0.749345,0.754271,0.759921,0.766203,0.773149,0.780673,0.788795,0.797437,0.806608,0.816242,0.826339,0.836842,0.847746,0.859002,0.870602,0.882506,0.894700,0.907156,0.919854,0.932773,0.945891,0.959195,0.972658,0.986269,1.000000
28.7000,-0.000000,0.009453,0.019087,0.028913,0.038963,0.049243,0.059779,0.070574,0.081655,0.093019,0.104690,0.116663,0.128962,0.141575,0.154524,0.167795,0.181405,0.195334,0.209595,0.224163,0.239043,0.254209,0.269652,0.285347,0.301272,0.317402,0.333704,0.350153,0.366705,0.383338,0.399999,0.416671,0.433293,0.449857,0.466294,0.482607,0.498726,0.514662,0.530345,0.545800,0.560955,0.575845,0.590404,0.604673,0.618593,0.632213,0.645475,0.658433,0.671037,0.683344,0.695308,0.706989,0.718344,0.729433,0.740220,0.750765,0.761037,0.771094,0.780913,0.790554,0.800000,1.000000,0.986256,0.972656,0.959176,0.945880,0.932743,0.919830,0.907113,0.894664,0.882453,0.870556,0.858943,0.847695,0.836781,0.826290,0.816187,0.806568,0.797396,0.788772,0.780654,0.773149,0.766210,0.759947,0.754306,0.749397,0.745160,0.741702,0.738954,0.737019,0.735818,0.735446,0.735820,0.737019,0.738958,0.741703,0.745165,0.749399,0.754312,0.759948,0.766217,0.773150,0.780662,0.788773,0.797405,0.806570,0.816198,0.826291,0.836792,0.847696,0.858954,0.870557,0.882465,0.894665,0.907126,0.919831,0.932756,0.945880,0.959189,0.972656,0.986269,1.000000
28.8000,-0.000000,0.009453,0.019095,0.028934,0.039000,0.049299,0.059854,0.070667,0.081764,0.093141,0.104823,0.116802,0.129104,0.141717,0.154664,0.167928,0.181528,0.195446,0.209693,0.224247,0.239113,0.254264,0.269695,0.285377,0.301293,0.317415,0.333712,0.350157,0.366707,0.383340,0.400000,0.416673,0.433294,0.449855,0.466289,0.482597,0.498708,0.514635,0.530307,0.545748,0.560889,0.575764,0.590309,0.604565,0.618473,0.632082,0.645337,0.658292,0.670896,0.683207,0.695179,0.706869,0.718237,0.729342,0.740147,0.750710,0.761000,0.771073,0.780905,0.790554,0.800000,1.000000,0.986256,0.972661,0.959191,0.945908,0.932785,0.919887,0.907186,0.894751,0.882552,0.870665,0.859059,0.847815,0.836901,0.826406,0.816294,0.806662,0.797472,0.788825,0.780681,0.773148,0.766178,0.759883,0.754209,0.749269,0.745003,0.741519,0.738750,0.736798,0.735587,0.735212,0.735588,0.736798,0.738752,0.741519,0.745006,0.749269,0.754213,0.759881,0.766183,0.773146,0.780687,0.788823,0.797478,0.806661,0.816303,0.826406,0.836911,0.847815,0.859069,0.870665,0.882563,0.894750,0.907197,0.919886,0.932797,0.945907,0.959204,0.972661,0.986269,1.000000
28.9000,-0.000000,0.009453,0.019084,0.028905,0.038949,0.049222,0.059752,0.070540,0.081615,0.092973,0.104640,0.116610,0.128907,0.141520,0.154471,0.167744,0.181358,0.195292,0.209559,0.224133,0.239019,0.254190,0.269639,0.285337,0.301267,0.317399,0.333704,0.350154,0.366707,0.383340,0.400001,0.416673,0.433295,0.449859,0.466298,0.482613,0.498735,0.514676,0.530364,0.545822,0.560983,0.575879,0.590443,0.604719,0.618643,0.632266,0.645531,0.658490,0.671095,0.683400,0.695361,0.707037,0.718387,0.729469,0.740250,0.750786,0.761052,0.771102,0.780916,0.790554,0.800000,1.000000,0.986256,0.972654,0.959170,0.945870,0.932728,0.919809,0.907087,0.894632,0.882416,0.870514,0.858898,0.847649,0.836735,0.826246,0.816147,0.806533,0.797368,0.788753,0.780645,0.773152,0.766226,0.759976,0.754347,0.749451,0.745225,0.741776,0.739036,0.737105,0.735908,0.735537,0.735909,0.737105,0.739037,0.741775,0.745227,0.749449,0.754350,0.759973,0.766229,0.773149,0.780650,0.788750,0.797374,0.806532,0.816154,0.826245,0.836744,0.847648,0.858908,0.870514,0.882426,0.894631,0.907098,0.919808,0.932740,0.945870,0.959183,0.972653,0.986269,1.000000
29.0000,-0.000000,0.009453,0.019096,0.028936,0.039004,0.049305,0.059862,0.070677,0.081776,0.093155,0.104839,0.116820,0.129123,0.141736,0.154682,0.167945,0.181544,0.195459,0.209705,0.224257,0.239120,0.254269,0.269698,0.285379,0.301294,0.317415,0.333712,0.350156,0.366707,0.383339,0.400000,0.416672,0.433293,0.449854,0.466288,0.482595,0.498705,0.514631,0.530301,0.545740,0.560879,0.575752,0.590295,0.604549,0.618456,0.632064,0.645318,0.658272,0.670877,0.683188,0.695160,0.706852,0.718223,0.729331,0.740138,0.750703,0.760996,0.771071,0.780904,0.790554,0.800000,1.000000,0.986256,0.972662,0.959193,0.945911,0.932790,0.919894,0.907194,0.894761,0.882564,0.870679,0.859074,0.847831,0.836917,0.826421,0.816309,0.806674,0.797481,0.788831,0.780684,0.773146,0.766172,0.759872,0.754195,0.749251,0.744982,0.741496,0.738724,0.736771,0.735559,0.735183,0.735560,0.736771,0.738726,0.741496,0.744986,0.749253,0.754201,0.759873,0.766179,0.773146,0.780692,0.788832,0.797490,0.806675,0.816318,0.826422,0.836928,0.847832,0.859086,0.870680,0.882577,0.894762,0.907206,0.919893,0.932802,0.945911,0.959206,0.972662,0.986269,1.000000
29.1000,-0.000000,0.009453,0.019084,0.028908,0.038953,0.049229,0.059762,0.070553,0.081630,0.092990,0.104659,0.116630,0.128928,0.141541,0.154491,0.167763,0.181375,0.195307,0.209571,0.224143,0.239027,0.254196,0.269643,0.285339,0.301268,0.317399,0.333703,0.350152,0.366705,0.383338,0.399999,0.416671,0.433293,0.449857,0.466295,0.482610,0.498730,0.514669,0.530355,0.545812,0.560970,0.575864,0.590426,0.604699,0.618622,0.632244,0.645507,0.658467,0.671071,0.683378,0.695340,0.707017,0.718369,0.729454,0.740237,0.750777,0.761046,0.771098,0.780915,0.790554,0.800000,1.000000,0.986256,0.972654,0.959172,0.945873,0.932733,0.919817,0.907096,0.894644,0.882430,0.870530,0.858915,0.847666,0.836752,0.826263,0.816162,0.806546,0.797378,0.788759,0.780647,0.773149,0.766217,0.759962,0.754329,0.749428,0.745198,0.741746,0.739003,0.737071,0.735873,0.735502,0.735874,0.737072,0.739007,0.741748,0.745203,0.749430,0.754336,0.759964,0.766226,0.773151,0.780657,0.788761,0.797388,0.806548,0.816172,0.826264,0.836764,0.847667,0.858927,0.870531,0.882442,0.894645,0.907110,0.919818,0.932747,0.945874,0.959186,0.972654,0.986269,1.000000
29.2000,-0.000000,0.009453,0.019092,0.028928,0.038989,0.049282,0.059832,0.070640,0.081733,0.093106,0.104785,0.116764,0.129065,0.141678,0.154625,0.167890,0.181493,0.195414,0.209665,0.224223,0.239093,0.254248,0.269682,0.285368,0.301287,0.317411,0.333710,0.350156,0.366706,0.383339,0.400000,0.416672,0.433293,0.449856,0.466290,0.482599,0.498712,0.514642,0.530317,0.545761,0.560906,0.575786,0.590335,0.604595,0.618506,0.632118,0.645375,0.658331,0.670936,0.683245,0.695214,0.706902,0.718267,0.729367,0.740168,0.750725,0.761011,0.771079,0.780907,0.790554,0.800000,1.000000,0.986256,0.972660,0.959187,0.945900,0.932773,0.919870,0.907165,0.894726,0.882524,0.870635,0.859027,0.847782,0.836868,0.826374,0.816264,0.806635,0.797449,0.788809,0.780672,0.773146,0.766185,0.759900,0.754236,0.749305,0.745047,0.741571,0.738807,0.736860,0.735651,0.735277,0.735652,0.736859,0.738808,0.741570,0.745050,0.749305,0.754241,0.759900,0.766193,0.773148,0.780681,0.788810,0.797459,0.806636,0.816274,0.826374,0.836878,0.847782,0.859038,0.870635,0.882536,0.894726,0.907178,0.919871,0.932786,0.945900,0.959200,0.972660,0.986269,1.000000
29.3000,-0.000000,0.009453,0.019089,0.028920,0.038975,0.049262,0.059805,0.070607,0.081693,0.093061,0.104737,0.116712,0.129012,0.141625,0.154573,0.167842,0.181448,0.195374,0.209630,0.224193,0.239069,0.254229,0.269668,0.285358,0.301281,0.317408,0.333708,0.350156,0.366707,0.383340,0.400001,0.416673,0.433294,0.449857,0.466294,0.482605,0.498722,0.514655,0.530334,0.545783,0.560934,0.575818,0.590372,0.604638,0.618554,0.632170,0.645429,0.658386,0.670990,0.683298,0.695265,0.706948,0.718308,0.729402,0.740196,0.750746,0.761025,0.771087,0.780911,0.790554,0.800000,1.000000,0.986256,0.972657,0.959181,0.945889,0.932758,0.919850,0.907139,0.894695,0.882488,0.870594,0.858984,0.847737,0.836823,0.826331,0.816225,0.806602,0.797423,0.788791,0.780664,0.773150,0.766200,0.759926,0.754274,0.749355,0.745108,0.741641,0.738885,0.736944,0.735740,0.735366,0.735740,0.736943,0.738886,0.741639,0.745110,0.749353,0.754277,0.759924,0.766204,0.773147,0.780670,0.788789,0.797429,0.806600,0.816232,0.826329,0.836832,0.847736,0.858993,0.870593,0.882498,0.894694,0.907150,0.919850,0.932770,0.945890,0.959194,0.972658,0.986269,1.000000
29.4000,-0.000000,0.009453,0.019087,0.028915,0.038966,0.049247,0.059785,0.070582,0.081665,0.093029,0.104701,0.116675,0.128974,0.141587,0.154536,0.167806,0.181416,0.195344,0.209604,0.224171,0.239050,0.254214,0.269657,0.285350,0.301275,0.317404,0.333706,0.350154,0.366707,0.383340,0.400001,0.416673,0.433295,0.449858,0.466295,0.482608,0.498726,0.514662,0.530344,0.545798,0.560952,0.575841,0.590398,0.604667,0.618586,0.632204,0.645465,0.658423,0.671027,0.683335,0.695299,0.706980,0.718336,0.729426,0.740215,0.750761,0.761035,0.771092,0.780913,0.790554,0.800000,1.000000,0.986256,0.972656,0.959177,0.945882,0.932747,0.919835,0.907119,0.894671,0.882461,0.870565,0.858952,0.847705,0.836791,0.826300,0.816196,0.806576,0.797402,0.788776,0.780656,0.773149,0.766208,0.759942,0.754299,0.749387,0.745148,0.741687,0.738938,0.737000,0.735799,0.735427,0.735801,0.737001,0.738941,0.741688,0.745152,0.749387,0.754303,0.759941,0.766213,0.773148,0.780662,0.788775,0.797409,0.806575,0.816204,0.826299,0.836800,0.847704,0.858962,0.870565,0.882472,0.894671,0.907131,0.919834,0.932759,0.945882,0.959190,0.972656,0.986269,1.000000
29.5000,-0.000000,0.009453,0.019094,0.028932,0.038997,0.049294,0.059848,0.070660,0.081755,0.093131,0.104812,0.116791,0.129093,0.141706,0.154652,0.167917,0.181518,0.195437,0.209685,0.224240,0.239107,0.254259,0.269690,0.285374,0.301291,0.317413,0.333711,0.350156,0.366706,0.383339,0.399999,0.416672,0.433293,0.449854,0.466288,0.482597,0.498708,0.514636,0.530309,0.545751,0.560892,0.575769,0.590314,0.604571,0.618480,0.632091,0.645346,0.658301,0.670905,0.683216,0.695186,0.706876,0.718244,0.729348,0.740152,0.750714,0.761003,0.771075,0.780906,0.790554,0.800000,1.000000,0.986256,0.972661,0.959190,0.945905,0.932781,0.919882,0.907180,0.894744,0.882544,0.870657,0.859050,0.847806,0.836892,0.826397,0.816286,0.806654,0.797465,0.788820,0.780679,0.773147,0.766179,0.759886,0.754215,0.749278,0.745013,0.741532,0.738764,0.736814,0.735604,0.735230,0.735606,0.736815,0.738768,0.741533,0.745018,0.749279,0.754221,0.759887,0.766186,0.773148,0.780686,0.788821,0.797475,0.806656,0.816296,0.826398,0.836904,0.847808,0.859063,0.870658,0.882557,0.894745,0.907193,0.919882,0.932794,0.945905,0.959203,0.972661,0.986269,1.000000
29.6000,-0.000000,0.009453,0.019084,0.028906,0.038950,0.049224,0.059755,0.070544,0.081619,0.092978,0.104645,0.116615,0.128913,0.141525,0.154476,0.167749,0.181362,0.195296,0.209561,0.224135,0.239020,0.254190,0.269639,0.285337,0.301266,0.317398,0.333702,0.350152,0.366705,0.383338,0.399999,0.416671,0.433293,0.449857,0.466296,0.482611,0.498732,0.514672,0.530359,0.545818,0.560977,0.575872,0.590436,0.604711,0.618635,0.632258,0.645522,0.658482,0.671086,0.683392,0.695353,0.707030,0.718380,0.729463,0.740245,0.750783,0.761050,0.771101,0.780916,0.790554,0.800000,1.000000,0.986256,0.972654,0.959171,0.945871,0.932729,0.919811,0.907090,0.894636,0.882420,0.870519,0.858903,0.847653,0.836739,0.826250,0.816150,0.806536,0.797369,0.788753,0.780644,0.773150,0.766221,0.759969,0.754340,0.749442,0.745215,0.741765,0.739024,0.737093,0.735896,0.735525,0.735897,0.737094,0.739027,0.741766,0.745220,0.749444,0.754346,0.759971,0.766230,0.773152,0.780654,0.788756,0.797381,0.806539,0.816162,0.826252,0.836751,0.847655,0.858915,0.870520,0.882432,0.894636,0.907102,0.919812,0.932742,0.945871,0.959184,0.972654,0.986269,1.000000
29.7000,-0.000000,0.009453,0.019095,0.028936,0.039003,0.049304,0.059861,0.070676,0.081774,0.093153,0.104836,0.116818,0.129120,0.141733,0.154679,0.167942,0.181541,0.195457,0.209703,0.224256,0.239119,0.254269,0.269698,0.285379,0.301295,0.317416,0.333712,0.350157,0.366707,0.383339,0.400000,0.416672,0.433293,0.449855,0.466288,0.482596,0.498706,0.514632,0.530302,0.545742,0.560881,0.575754,0.590297,0.604552,0.618459,0.632068,0.645322,0.658277,0.670881,0.683192,0.695164,0.706856,0.718226,0.729332,0.740140,0.750704,0.760997,0.771071,0.780905,0.790554,0.800000,1.000000,0.986256,0.972662,0.959192,0.945910,0.932789,0.919893,0.907193,0.894760,0.882563,0.870677,0.859072,0.847829,0.836916,0.826420,0.816307,0.806673,0.797480,0.788831,0.780684,0.773147,0.766174,0.759875,0.754198,0.749255,0.744986,0.741500,0.738729,0.736776,0.735564,0.735189,0.735565,0.736776,0.738731,0.741500,0.744990,0.749255,0.754203,0.759875,0.766180,0.773147,0.780692,0.788831,0.797488,0.806672,0.816315,0.826419,0.836925,0.847828,0.859082,0.870677,0.882574,0.894760,0.907205,0.919892,0.932801,0.945910,0.959205,0.972662,0.986269,1.000000
29.8000,-0.000000,0.009453,0.019085,0.028908,0.038953,0.049229,0.059761,0.070552,0.081629,0.092989,0.104659,0.116630,0.128928,0.141541,0.154492,0.167764,0.181376,0.195309,0.209573,0.224145,0.239029,0.254197,0.269645,0.285341,0.301270,0.317401,0.333705,0.350154,0.366706,0.383340,0.400001,0.416673,0.433295,0.449859,0.466297,0.482612,0.498732,0.514671,0.530358,0.545815,0.560974,0.575867,0.590429,0.604703,0.618626,0.632247,0.645511,0.658470,0.671074,0.683380,0.695343,0.707020,0.718371,0.729456,0.740239,0.750778,0.761046,0.771099,0.780915,0.790554,0.800000,1.000000,0.986256,0.972654,0.959172,0.945873,0.932733,0.919816,0.907096,0.894644,0.882429,0.870530,0.858915,0.847667,0.836753,0.826263,0.816163,0.806547,0.797379,0.788760,0.780649,0.773151,0.766220,0.759965,0.754332,0.749431,0.745201,0.741749,0.739006,0.737073,0.735875,0.735503,0.735875,0.737072,0.739006,0.741747,0.745202,0.749429,0.754334,0.759962,0.766224,0.773149,0.780654,0.788758,0.797385,0.806545,0.816169,0.826261,0.836760,0.847664,0.858924,0.870528,0.882440,0.894642,0.907108,0.919816,0.932746,0.945874,0.959186,0.972654,0.986269,1.000000
29.9000,-0.000000,0.009453,0.019093,0.028929,0.038991,0.049285,0.059835,0.070644,0.081737,0.093111,0.104791,0.116769,0.129070,0.141683,0.154630,0.167896,0.181499,0.195419,0.209669,0.224227,0.239096,0.254250,0.269684,0.285369,0.301288,0.317412,0.333710,0.350156,0.366707,0.383340,0.400000,0.416673,0.433294,0.449856,0.466290,0.482600,0.498712,0.514641,0.530316,0.545760,0.560904,0.575783,0.590331,0.604590,0.618502,0.632113,0.645370,0.658326,0.670930,0.683239,0.695209,0.706897,0.718262,0.729364,0.740165,0.750723,0.761009,0.771078,0.780907,0.790554,0.800000,1.000000,0.986256,0.972660,0.959187,0.945901,0.932775,0.919873,0.907168,0.894730,0.882528,0.870639,0.859031,0.847787,0.836873,0.826379,0.816269,0.806640,0.797454,0.788812,0.780675,0.773148,0.766185,0.759898,0.754232,0.749300,0.745041,0.741564,0.738799,0.736852,0.735643,0.735269,0.735643,0.736851,0.738801,0.741562,0.745044,0.749300,0.754237,0.759898,0.766192,0.773148,0.780682,0.788813,0.797462,0.806640,0.816278,0.826379,0.836883,0.847787,0.859042,0.870639,0.882540,0.894730,0.907180,0.919873,0.932787,0.945901,0.959200,0.972660,0.986269,1.000000
30.0000,-0.000000,0.009453,0.019089,0.028919,0.038973,0.049258,0.059800,0.070600,0.081686,0.093053,0.104727,0.116702,0.129001,0.141614,0.154563,0.167832,0.181439,0.195365,0.209622,0.224187,0.239063,0.254224,0.269664,0.285355,0.301278,0.317405,0.333707,0.350154,0.366706,0.383339,0.399999,0.416672,0.433293,0.449856,0.466292,0.482604,0.498721,0.514655,0.530335,0.545784,0.560936,0.575822,0.590376,0.604643,0.618559,0.632175,0.645436,0.658393,0.670998,0.683306,0.695272,0.706955,0.718314,0.729408,0.740200,0.750749,0.761027,0.771088,0.780911,0.790554,0.800000,1.000000,0.986256,0.972657,0.959180,0.945888,0.932755,0.919846,0.907134,0.894689,0.882481,0.870587,0.858975,0.847729,0.836815,0.826322,0.816216,0.806594,0.797416,0.788786,0.780661,0.773148,0.766200,0.759928,0.754278,0.749361,0.745116,0.741651,0.738897,0.736957,0.735753,0.735380,0.735754,0.736957,0.738900,0.741652,0.745121,0.749362,0.754285,0.759930,0.766208,0.773150,0.780670,0.788788,0.797427,0.806596,0.816228,0.826324,0.836826,0.847730,0.858987,0.870587,0.882493,0.894689,0.907146,0.919846,0.932767,0.945888,0.959193,0.972657,0.986269,1.000000
30.1000,-0.000000,0.009453,0.019088,0.028916,0.038968,0.049251,0.059791,0.070589,0.081672,0.093037,0.104710,0.116684,0.128983,0.141596,0.154545,0.167815,0.181424,0.195351,0.209610,0.224176,0.239054,0.254217,0.269659,0.285351,0.301276,0.317404,0.333705,0.350153,0.366706,0.383339,0.399999,0.416672,0.433293,0.449856,0.466293,0.482606,0.498723,0.514658,0.530340,0.545792,0.560945,0.575832,0.590389,0.604657,0.618576,0.632193,0.645454,0.658412,0.671016,0.683323,0.695289,0.706970,0.718327,0.729419,0.740209,0.750756,0.761032,0.771091,0.780912,0.790554,0.800000,1.000000,0.986256,0.972657,0.959178,0.945884,0.932750,0.919839,0.907124,0.894678,0.882468,0.870572,0.858960,0.847713,0.836799,0.826307,0.816203,0.806583,0.797408,0.788780,0.780658,0.773148,0.766205,0.759937,0.754291,0.749378,0.745136,0.741674,0.738923,0.736985,0.735783,0.735411,0.735784,0.736986,0.738927,0.741676,0.745142,0.749379,0.754297,0.759938,0.766212,0.773149,0.780666,0.788780,0.797416,0.806583,0.816213,0.826308,0.836810,0.847714,0.858972,0.870573,0.882480,0.894678,0.907137,0.919839,0.932762,0.945884,0.959191,0.972656,0.986269,1.000000
30.2000,-0.000000,0.009453,0.019093,0.028931,0.038994,0.049290,0.059843,0.070654,0.081748,0.093123,0.104804,0.116783,0.129084,0.141697,0.154644,0.167909,0.181511,0.195430,0.209679,0.224236,0.239103,0.254256,0.269689,0.285373,0.301290,0.317413,0.333711,0.350156,0.366707,0.383340,0.400000,0.416673,0.433294,0.449856,0.466290,0.482599,0.498711,0.514639,0.530313,0.545756,0.560898,0.575775,0.590322,0.604580,0.618490,0.632101,0.645357,0.658312,0.670916,0.683226,0.695197,0.706885,0.718252,0.729355,0.740157,0.750718,0.761006,0.771076,0.780906,0.790554,0.800000,1.000000,0.986256,0.972660,0.959189,0.945904,0.932779,0.919879,0.907175,0.894738,0.882538,0.870650,0.859042,0.847798,0.836884,0.826390,0.816280,0.806649,0.797461,0.788818,0.780678,0.773148,0.766182,0.759891,0.754223,0.749287,0.745025,0.741545,0.738779,0.736829,0.735620,0.735246,0.735621,0.736829,0.738781,0.741545,0.745028,0.749287,0.754227,0.759890,0.766187,0.773146,0.780683,0.788816,0.797468,0.806648,0.816288,0.826389,0.836895,0.847798,0.859054,0.870650,0.882549,0.894738,0.907187,0.919878,0.932791,0.945903,0.959202,0.972660,0.986269,1.000000
30.3000,-0.000000,0.009453,0.019084,0.028907,0.038952,0.049228,0.059759,0.070550,0.081626,0.092986,0.104654,0.116625,0.128922,0.141535,0.154486,0.167758,0.181371,0.195304,0.209568,0.224141,0.239026,0.254195,0.269643,0.285340,0.301269,0.317400,0.333704,0.350154,0.366707,0.383340,0.400001,0.416673,0.433295,0.449859,0.466297,0.482612,0.498733,0.514672,0.530359,0.545817,0.560976,0.575870,0.590433,0.604707,0.618631,0.632252,0.645516,0.658476,0.671080,0.683386,0.695348,0.707025,0.718375,0.729460,0.740242,0.750781,0.761049,0.771100,0.780916,0.790554,0.800000,1.000000,0.986256,0.972654,0.959172,0.945873,0.932732,0.919815,0.907094,0.894641,0.882426,0.870526,0.858911,0.847662,0.836748,0.826258,0.816158,0.806543,0.797376,0.788758,0.780647,0.773151,0.766221,0.759968,0.754336,0.749437,0.745208,0.741757,0.739015,0.737083,0.735884,0.735513,0.735885,0.737081,0.739015,0.741755,0.745209,0.749435,0.754339,0.759966,0.766226,0.773150,0.780653,0.788757,0.797383,0.806541,0.816165,0.826257,0.836756,0.847660,0.858920,0.870525,0.882436,0.894640,0.907105,0.919814,0.932744,0.945872,0.959184,0.972654,0.986269,1.000000
30.4000,-0.000000,0.009453,0.019095,0.028935,0.039002,0.049302,0.059858,0.070673,0.081771,0.093149,0.104832,0.116813,0.129116,0.141729,0.154675,0.167938,0.181537,0.195454,0.209700,0.224253,0.239117,0.254267,0.269697,0.285378,0.301294,0.317415,0.333712,0.350156,0.366707,0.383339,0.400000,0.416672,0.433293,0.449855,0.466288,0.482596,0.498706,0.514632,0.530303,0.545743,0.560883,0.575757,0.590300,0.604555,0.618463,0.632071,0.645326,0.658280,0.670884,0.683195,0.695167,0.706859,0.718228,0.729335,0.740141,0.750706,0.760998,0.771071,0.780905,0.790554,0.800000,1.000000,0.986256,0.972661,0.959192,0.945909,0.932787,0.919890,0.907190,0.894757,0.882559,0.870674,0.859068,0.847825,0.836912,0.826416,0.816303,0.806670,0.797477,0.788829,0.780683,0.773147,0.766174,0.759876,0.754201,0.749259,0.744990,0.741505,0.738734,0.736782,0.735571,0.735195,0.735572,0.736782,0.738737,0.741505,0.744994,0.749259,0.754206,0.759877,0.766181,0.773147,0.780691,0.788829,0.797486,0.806669,0.816312,0.826415,0.836921,0.847825,0.859079,0.870674,0.882571,0.894757,0.907203,0.919891,0.932800,0.945909,0.959205,0.972662,0.986269,1.000000
30.5000,-0.000000,0.009453,0.019084,0.028908,0.038953,0.049229,0.059760,0.070551,0.081628,0.092988,0.104657,0.116628,0.128926,0.141539,0.154490,0.167762,0.181374,0.195306,0.209570,0.224142,0.239026,0.254195,0.269642,0.285339,0.301268,0.317399,0.333703,0.350152,0.366705,0.383338,0.399999,0.416671,0.433293,0.449857,0.466295,0.482610,0.498730,0.514669,0.530356,0.545813,0.560972,0.575865,0.590427,0.604701,0.618624,0.632245,0.645509,0.658468,0.671073,0.683379,0.695341,0.707018,0.718370,0.729455,0.740238,0.750778,0.761046,0.771099,0.780915,0.790554,0.800000,1.000000,0.986256,0.972654,0.959172,0.945873,0.932732,0.919816,0.907095,0.894643,0.882428,0.870528,0.858913,0.847665,0.836751,0.826261,0.816161,0.806545,0.797377,0.788758,0.780646,0.773149,0.766218,0.759963,0.754330,0.749430,0.745200,0.741748,0.739005,0.737073,0.735875,0.735504,0.735876,0.737074,0.739008,0.741749,0.745204,0.749431,0.754337,0.759965,0.766226,0.773151,0.780656,0.788760,0.797387,0.806547,0.816171,0.826263,0.836762,0.847666,0.858925,0.870530,0.882441,0.894644,0.907109,0.919817,0.932746,0.945874,0.959186,0.972654,0.986269,1.000000
30.6000,-0.000000,0.009453,0.019093,0.028930,0.038992,0.049287,0.059838,0.070648,0.081741,0.093115,0.104795,0.116773,0.129075,0.141688,0.154634,0.167900,0.181502,0.195422,0.209672,0.224229,0.239098,0.254251,0.269685,0.285370,0.301288,0.317412,0.333710,0.350156,0.366706,0.383339,0.400000,0.416672,0.433293,0.449855,0.466290,0.482599,0.498711,0.514640,0.530314,0.545758,0.560902,0.575780,0.590327,0.604586,0.618497,0.632108,0.645365,0.658321,0.670925,0.683236,0.695206,0.706894,0.718259,0.729361,0.740162,0.750721,0.761008,0.771077,0.780907,0.790554,0.800000,1.000000,0.986256,0.972660,0.959188,0.945902,0.932776,0.919875,0.907171,0.894733,0.882532,0.870642,0.859035,0.847790,0.836876,0.826382,0.816272,0.806642,0.797456,0.788813,0.780675,0.773147,0.766183,0.759895,0.754228,0.749296,0.745036,0.741558,0.738793,0.736845,0.735636,0.735261,0.735636,0.736844,0.738794,0.741557,0.745039,0.749296,0.754234,0.759895,0.766191,0.773148,0.780683,0.788814,0.797465,0.806643,0.816282,0.826383,0.836887,0.847791,0.859046,0.870642,0.882543,0.894733,0.907182,0.919875,0.932789,0.945902,0.959201,0.972660,0.986269,1.000000
30.7000,-0.000000,0.009453,0.019089,0.028918,0.038972,0.049256,0.059797,0.070596,0.081681,0.093047,0.104721,0.116696,0.128995,0.141608,0.154557,0.167826,0.181434,0.195361,0.209618,0.224184,0.239061,0.254223,0.269664,0.285355,0.301279,0.317407,0.333708,0.350155,0.366707,0.383340,0.400001,0.416673,0.433295,0.449858,0.466295,0.482607,0.498724,0.514658,0.530339,0.545790,0.560942,0.575828,0.590384,0.604651,0.618568,0.632185,0.645445,0.658402,0.671006,0.683314,0.695280,0.706962,0.718320,0.729412,0.740204,0.750752,0.761029,0.771089,0.780911,0.790554,0.800000,1.000000,0.986256,0.972657,0.959179,0.945887,0.932753,0.919844,0.907130,0.894684,0.882476,0.870581,0.858970,0.847723,0.836809,0.826317,0.816212,0.806590,0.797414,0.788785,0.780661,0.773149,0.766204,0.759933,0.754285,0.749369,0.745125,0.741661,0.738908,0.736968,0.735765,0.735393,0.735767,0.736969,0.738911,0.741661,0.745128,0.749368,0.754289,0.759932,0.766208,0.773148,0.780666,0.788783,0.797420,0.806588,0.816220,0.826316,0.836818,0.847722,0.858980,0.870581,0.882487,0.894684,0.907142,0.919843,0.932765,0.945886,0.959192,0.972657,0.986269,1.000000
30.8000,-0.000000,0.009453,0.019088,0.028918,0.038971,0.049255,0.059796,0.070595,0.081680,0.093046,0.104719,0.116694,0.128993,0.141606,0.154555,0.167825,0.181433,0.195359,0.209617,0.224183,0.239060,0.254222,0.269663,0.285354,0.301278,0.317406,0.333707,0.350155,0.366707,0.383340,0.400000,0.416673,0.433294,0.449857,0.466294,0.482606,0.498723,0.514657,0.530339,0.545790,0.560942,0.575828,0.590385,0.604651,0.618569,0.632186,0.645446,0.658403,0.671007,0.683314,0.695280,0.706962,0.718320,0.729413,0.740204,0.750753,0.761029,0.771089,0.780912,0.790554,0.800000,1.000000,0.986256,0.972657,0.959179,0.945886,0.932753,0.919843,0.907130,0.894684,0.882475,0.870580,0.858968,0.847722,0.836808,0.826316,0.816212,0.806590,0.797414,0.788784,0.780661,0.773149,0.766204,0.759934,0.754286,0.749371,0.745127,0.741663,0.738911,0.736971,0.735768,0.735395,0.735769,0.736971,0.738913,0.741663,0.745130,0.749370,0.754290,0.759932,0.766208,0.773147,0.780666,0.788782,0.797419,0.806588,0.816219,0.826315,0.836817,0.847722,0.858979,0.870581,0.882487,0.894684,0.907142,0.919843,0.932765,0.945886,0.959192,0.972657,0.986269,1.000000
30.9000,-0.000000,0.009453,0.019093,0.028930,0.038992,0.049287,0.059838,0.070648,0.081741,0.093115,0.104795,0.116773,0.129074,0.141687,0.154634,0.167899,0.181502,0.195422,0.209672,0.224229,0.239097,0.254251,0.269685,0.285369,0.301288,0.317411,0.333710,0.350155,0.366706,0.383339,0.400000,0.416672,0.433293,0.449855,0.466289,0.482599,0.498711,0.514640,0.530315,0.545758,0.560902,0.575780,0.590327,0.604587,0.618497,0.632108,0.645365,0.658320,0.670924,0.683235,0.695205,0.706894,0.718259,0.729361,0.740162,0.750721,0.761008,0.771077,0.780907,0.790554,0.800000,1.000000,0.986256,0.972660,0.959188,0.945902,0.932776,0.919875,0.907171,0.894733,0.882531,0.870642,0.859035,0.847790,0.836876,0.826381,0.816271,0.806642,0.797455,0.788813,0.780674,0.773146,0.766183,0.759894,0.754228,0.749295,0.745035,0.741557,0.738793,0.736845,0.735636,0.735262,0.735637,0.736845,0.738795,0.741557,0.745039,0.749295,0.754233,0.759895,0.766190,0.773147,0.780682,0.788813,0.797464,0.806643,0.816282,0.826383,0.836887,0.847791,0.859046,0.870642,0.882542,0.894732,0.907182,0.919875,0.932789,0.945902,0.959201,0.972660,0.986269,1.000000
31.0000,-0.000000,0.009453,0.019085,0.028908,0.038954,0.049230,0.059763,0.070554,0.081632,0.092991,0.104660,0.116631,0.128928,0.141541,0.154492,0.167764,0.181376,0.195308,0.209572,0.224144,0.239027,0.254196,0.269643,0.285340,0.301268,0.317399,0.333703,0.350152,0.366705,0.383338,0.399999,0.416671,0.433293,0.449857,0.466295,0.482610,0.498730,0.514669,0.530355,0.545812,0.560970,0.575864,0.590426,0.604699,0.618622,0.632244,0.645507,0.658466,0.671070,0.683377,0.695339,0.707017,0.718368,0.729454,0.740237,0.750777,0.761046,0.771098,0.780915,0.790554,0.800000,1.000000,0.986256,0.972654,0.959172,0.945874,0.932734,0.919817,0.907097,0.894645,0.882431,0.870531,0.858915,0.847667,0.836753,0.826263,0.816162,0.806546,0.797378,0.788758,0.780646,0.773148,0.766217,0.759962,0.754329,0.749428,0.745198,0.741746,0.739003,0.737071,0.735872,0.735501,0.735873,0.737071,0.739005,0.741746,0.745202,0.749429,0.754336,0.759964,0.766226,0.773151,0.780656,0.788760,0.797388,0.806548,0.816172,0.826264,0.836764,0.847668,0.858927,0.870532,0.882443,0.894645,0.907110,0.919818,0.932747,0.945874,0.959186,0.972654,0.986269,1.000000
31.1000,-0.000000,0.009453,0.019095,0.028934,0.039001,0.049300,0.059856,0.070670,0.081768,0.093145,0.104828,0.116809,0.129111,0.141725,0.154671,0.167934,0.181534,0.195451,0.209697,0.224250,0.239115,0.254266,0.269696,0.285378,0.301294,0.317415,0.333712,0.350157,0.366707,0.383339,0.400000,0.416672,0.433293,0.449855,0.466288,0.482596,0.498707,0.514634,0.530305,0.545745,0.560886,0.575761,0.590304,0.604560,0.618468,0.632076,0.645331,0.658285,0.670889,0.683200,0.695172,0.706862,0.718231,0.729337,0.740143,0.750707,0.760998,0.771072,0.780905,0.790554,0.800000,1.000000,0.986256,0.972661,0.959191,0.945908,0.932786,0.919888,0.907188,0.894754,0.882556,0.870670,0.859065,0.847821,0.836908,0.826412,0.816300,0.806667,0.797475,0.788827,0.780682,0.773146,0.766175,0.759879,0.754204,0.749263,0.744995,0.741511,0.738740,0.736788,0.735577,0.735202,0.735578,0.736788,0.738743,0.741511,0.744999,0.749263,0.754209,0.759878,0.766181,0.773146,0.780688,0.788825,0.797482,0.806665,0.816308,0.826411,0.836917,0.847821,0.859075,0.870670,0.882568,0.894754,0.907201,0.919890,0.932800,0.945909,0.959205,0.972662,0.986269,1.000000
31.2000,-0.000000,0.009453,0.019085,0.028908,0.038954,0.049230,0.059762,0.070554,0.081631,0.092991,0.104660,0.116631,0.128928,0.141541,0.154492,0.167764,0.181377,0.195309,0.209573,0.224145,0.239029,0.254198,0.269644,0.285341,0.301270,0.317401,0.333705,0.350154,0.366707,0.383340,0.400001,0.416673,0.433295,0.449859,0.466297,0.482612,0.498732,0.514671,0.530357,0.545815,0.560973,0.575866,0.590429,0.604702,0.618625,0.632247,0.645510,0.658470,0.671074,0.683380,0.695342,0.707019,0.718370,0.729456,0.740239,0.750779,0.761047,0.771099,0.780915,0.790554,0.800000,1.000000,0.986256,0.972654,0.959173,0.945874,0.932734,0.919817,0.907097,0.894645,0.882430,0.870531,0.858916,0.847667,0.836753,0.826263,0.816163,0.806548,0.797379,0.788761,0.780649,0.773151,0.766220,0.759965,0.754332,0.749431,0.745202,0.741750,0.739007,0.737074,0.735875,0.735503,0.735875,0.737072,0.739007,0.741747,0.745203,0.749429,0.754335,0.759963,0.766224,0.773149,0.780654,0.788759,0.797386,0.806545,0.816170,0.826261,0.836761,0.847665,0.858925,0.870530,0.882441,0.894644,0.907109,0.919816,0.932746,0.945873,0.959185,0.972654,0.986269,1.000000
31.3000,-0.000000,0.009453,0.019093,0.028930,0.038993,0.049288,0.059840,0.070650,0.081744,0.093118,0.104798,0.116777,0.129078,0.141692,0.154638,0.167904,0.181506,0.195425,0.209675,0.224231,0.239100,0.254253,0.269686,0.285371,0.301289,0.317412,0.333710,0.350156,0.366707,0.383339,0.400000,0.416672,0.433293,0.449856,0.466290,0.482599,0.498712,0.514640,0.530314,0.545757,0.560901,0.575779,0.590326,0.604585,0.618495,0.632106,0.645362,0.658318,0.670922,0.683232,0.695203,0.706891,0.718257,0.729359,0.740161,0.750720,0.761007,0.771077,0.780907,0.790554,0.800000,1.000000,0.986256,0.972660,0.959188,0.945902,0.932777,0.919876,0.907172,0.894735,0.882534,0.870645,0.859038,0.847793,0.836880,0.826385,0.816275,0.806645,0.797458,0.788815,0.780676,0.773147,0.766183,0.759893,0.754226,0.749292,0.745031,0.741553,0.738787,0.736839,0.735630,0.735255,0.735630,0.736838,0.738789,0.741552,0.745035,0.749292,0.754231,0.759893,0.766188,0.773146,0.780682,0.788814,0.797465,0.806644,0.816284,0.826385,0.836889,0.847793,0.859048,0.870644,0.882544,0.894734,0.907183,0.919875,0.932789,0.945902,0.959201,0.972660,0.986269,1.000000
31.4000,-0.000000,0.009453,0.019088,0.028917,0.038969,0.049253,0.059793,0.070591,0.081675,0.093040,0.104714,0.116687,0.128986,0.141599,0.154548,0.167818,0.181426,0.195353,0.209612,0.224178,0.239056,0.254218,0.269660,0.285352,0.301276,0.317404,0.333705,0.350153,0.366705,0.383338,0.399999,0.416671,0.433293,0.449856,0.466293,0.482605,0.498722,0.514657,0.530338,0.545790,0.560942,0.575830,0.590386,0.604654,0.618572,0.632189,0.645449,0.658407,0.671011,0.683319,0.695284,0.706966,0.718324,0.729416,0.740206,0.750754,0.761030,0.771090,0.780912,0.790554,0.800000,1.000000,0.986256,0.972657,0.959179,0.945885,0.932751,0.919841,0.907127,0.894680,0.882471,0.870575,0.858963,0.847716,0.836802,0.826310,0.816206,0.806585,0.797409,0.788781,0.780659,0.773149,0.766204,0.759935,0.754289,0.749375,0.745132,0.741670,0.738918,0.736979,0.735777,0.735405,0.735778,0.736980,0.738921,0.741671,0.745138,0.749376,0.754295,0.759937,0.766212,0.773150,0.780667,0.788782,0.797419,0.806586,0.816217,0.826312,0.836814,0.847718,0.858976,0.870577,0.882484,0.894681,0.907140,0.919841,0.932764,0.945885,0.959192,0.972657,0.986269,1.000000
31.5000,-0.000000,0.009453,0.019089,0.028919,0.038973,0.049259,0.059800,0.070601,0.081686,0.093052,0.104727,0.116702,0.129001,0.141614,0.154563,0.167831,0.181438,0.195364,0.209621,0.224186,0.239062,0.254223,0.269664,0.285354,0.301278,0.317405,0.333706,0.350154,0.366705,0.383338,0.399999,0.416671,0.433293,0.449856,0.466292,0.482604,0.498721,0.514654,0.530334,0.545785,0.560936,0.575822,0.590377,0.604643,0.618559,0.632176,0.645436,0.658393,0.670997,0.683305,0.695271,0.706954,0.718313,0.729407,0.740199,0.750749,0.761027,0.771088,0.780911,0.790554,0.800000,1.000000,0.986256,0.972657,0.959180,0.945888,0.932755,0.919846,0.907134,0.894688,0.882480,0.870586,0.858974,0.847728,0.836814,0.826322,0.816216,0.806594,0.797416,0.788785,0.780660,0.773147,0.766200,0.759928,0.754278,0.749361,0.745116,0.741650,0.738896,0.736956,0.735753,0.735381,0.735755,0.736958,0.738900,0.741652,0.745121,0.749363,0.754285,0.759929,0.766207,0.773149,0.780669,0.788787,0.797426,0.806596,0.816227,0.826324,0.836826,0.847730,0.858987,0.870588,0.882494,0.894690,0.907147,0.919846,0.932768,0.945888,0.959193,0.972657,0.986269,1.000000
31.6000,-0.000000,0.009453,0.019092,0.028928,0.038990,0.049284,0.059834,0.070642,0.081735,0.093108,0.104787,0.116766,0.129067,0.141680,0.154626,0.167892,0.181495,0.195416,0.209666,0.224225,0.239094,0.254249,0.269683,0.285369,0.301288,0.317412,0.333710,0.350156,0.366707,0.383340,0.400001,0.416673,0.433294,0.449856,0.466291,0.482601,0.498714,0.514643,0.530318,0.545763,0.560907,0.575786,0.590335,0.604595,0.618506,0.632118,0.645375,0.658331,0.670935,0.683245,0.695214,0.706902,0.718267,0.729367,0.740167,0.750725,0.761011,0.771079,0.780907,0.790554,0.800000,1.000000,0.986256,0.972660,0.959187,0.945900,0.932774,0.919872,0.907166,0.894728,0.882526,0.870636,0.859029,0.847784,0.836870,0.826376,0.816266,0.806637,0.797451,0.788811,0.780674,0.773148,0.766187,0.759900,0.754236,0.749305,0.745046,0.741570,0.738807,0.736860,0.735652,0.735278,0.735652,0.736859,0.738808,0.741569,0.745049,0.749303,0.754239,0.759899,0.766191,0.773147,0.780680,0.788809,0.797458,0.806636,0.816274,0.826374,0.836879,0.847783,0.859038,0.870635,0.882536,0.894727,0.907177,0.919871,0.932786,0.945900,0.959200,0.972660,0.986269,1.000000
31.7000,-0.000000,0.009453,0.019085,0.028909,0.038956,0.049233,0.059767,0.070559,0.081638,0.092999,0.104669,0.116640,0.128938,0.141551,0.154501,0.167773,0.181385,0.195316,0.209579,0.224151,0.239033,0.254201,0.269647,0.285343,0.301271,0.317402,0.333705,0.350154,0.366707,0.383340,0.400001,0.416673,0.433295,0.449859,0.466297,0.482611,0.498731,0.514670,0.530355,0.545811,0.560969,0.575862,0.590423,0.604696,0.618618,0.632238,0.645501,0.658460,0.671064,0.683371,0.695334,0.707011,0.718364,0.729449,0.740234,0.750774,0.761044,0.771097,0.780915,0.790554,0.800000,1.000000,0.986256,0.972654,0.959173,0.945875,0.932736,0.919821,0.907102,0.894650,0.882437,0.870538,0.858923,0.847675,0.836761,0.826271,0.816170,0.806553,0.797384,0.788763,0.780650,0.773151,0.766217,0.759960,0.754325,0.749422,0.745190,0.741736,0.738992,0.737059,0.735860,0.735488,0.735860,0.737058,0.738993,0.741735,0.745192,0.749420,0.754328,0.759958,0.766221,0.773148,0.780655,0.788761,0.797389,0.806551,0.816176,0.826269,0.836769,0.847673,0.858932,0.870536,0.882447,0.894649,0.907113,0.919820,0.932749,0.945876,0.959187,0.972655,0.986269,1.000000
31.8000,-0.000000,0.009453,0.019095,0.028934,0.039000,0.049298,0.059854,0.070667,0.081764,0.093141,0.104823,0.116804,0.129106,0.141719,0.154665,0.167929,0.181529,0.195446,0.209693,0.224247,0.239113,0.254263,0.269694,0.285376,0.301293,0.317414,0.333711,0.350156,0.366707,0.383339,0.400000,0.416672,0.433293,0.449855,0.466289,0.482596,0.498707,0.514634,0.530306,0.545746,0.560887,0.575763,0.590307,0.604563,0.618471,0.632080,0.645335,0.658290,0.670894,0.683204,0.695176,0.706867,0.718236,0.729341,0.740146,0.750709,0.761000,0.771073,0.780905,0.790554,0.800000,1.000000,0.986256,0.972661,0.959191,0.945907,0.932785,0.919887,0.907186,0.894751,0.882553,0.870666,0.859060,0.847817,0.836903,0.826407,0.816296,0.806663,0.797472,0.788825,0.780681,0.773146,0.766176,0.759881,0.754207,0.749268,0.745001,0.741518,0.738748,0.736797,0.735586,0.735210,0.735586,0.736796,0.738750,0.741517,0.745005,0.749267,0.754212,0.759881,0.766182,0.773146,0.780688,0.788824,0.797480,0.806662,0.816304,0.826407,0.836913,0.847817,0.859071,0.870666,0.882564,0.894751,0.907198,0.919887,0.932797,0.945907,0.959204,0.972661,0.986269,1.000000
31.9000,-0.000000,0.009453,0.019085,0.028908,0.038954,0.049230,0.059762,0.070553,0.081630,0.092990,0.104659,0.116630,0.128928,0.141540,0.154491,0.167763,0.181375,0.195307,0.209571,0.224143,0.239027,0.254196,0.269642,0.285339,0.301267,0.317399,0.333703,0.350152,0.366705,0.383338,0.399999,0.416671,0.433293,0.449857,0.466295,0.482609,0.498729,0.514669,0.530355,0.545812,0.560970,0.575863,0.590426,0.604699,0.618622,0.632243,0.645506,0.658466,0.671070,0.683377,0.695339,0.707017,0.718368,0.729454,0.740237,0.750777,0.761046,0.771098,0.780915,0.790554,0.800000,1.000000,0.986256,0.972654,0.959172,0.945874,0.932734,0.919817,0.907097,0.894644,0.882430,0.870530,0.858915,0.847666,0.836752,0.826262,0.816162,0.806546,0.797378,0.788759,0.780647,0.773149,0.766218,0.759962,0.754329,0.749428,0.745198,0.741746,0.739003,0.737070,0.735872,0.735501,0.735874,0.737072,0.739006,0.741747,0.745203,0.749430,0.754336,0.759965,0.766226,0.773152,0.780657,0.788761,0.797389,0.806549,0.816173,0.826265,0.836764,0.847668,0.858927,0.870532,0.882443,0.894645,0.907110,0.919818,0.932747,0.945874,0.959186,0.972654,0.986269,1.000000
32.0000,-0.000000,0.009453,0.019093,0.028930,0.038993,0.049288,0.059840,0.070651,0.081745,0.093120,0.104800,0.116779,0.129080,0.141693,0.154640,0.167905,0.181507,0.195426,0.209676,0.224232,0.239100,0.254253,0.269687,0.285371,0.301289,0.317412,0.333710,0.350155,0.366706,0.383339,0.399999,0.416671,0.433293,0.449855,0.466289,0.482598,0.498710,0.514639,0.530312,0.545755,0.560898,0.575776,0.590323,0.604582,0.618492,0.632103,0.645359,0.658314,0.670918,0.683228,0.695199,0.706888,0.718254,0.729357,0.740159,0.750719,0.761007,0.771077,0.780907,0.790554,0.800000,1.000000,0.986256,0.972660,0.959188,0.945903,0.932778,0.919877,0.907173,0.894736,0.882536,0.870647,0.859040,0.847795,0.836882,0.826387,0.816276,0.806646,0.797458,0.788815,0.780675,0.773146,0.766182,0.759892,0.754224,0.749289,0.745028,0.741549,0.738783,0.736834,0.735626,0.735251,0.735626,0.736834,0.738786,0.741549,0.745032,0.749290,0.754230,0.759893,0.766189,0.773148,0.780684,0.788817,0.797468,0.806647,0.816287,0.826388,0.836893,0.847796,0.859051,0.870647,0.882547,0.894736,0.907185,0.919877,0.932790,0.945902,0.959201,0.972660,0.986269,1.000000
32.1000,-0.000000,0.009453,0.019088,0.028916,0.038968,0.049251,0.059790,0.070588,0.081671,0.093036,0.104709,0.116683,0.128982,0.141595,0.154544,0.167814,0.181423,0.195351,0.209610,0.224177,0.239055,0.254218,0.269660,0.285352,0.301277,0.317405,0.333707,0.350155,0.366707,0.383340,0.400001,0.416673,0.433295,0.449858,0.466295,0.482608,0.498725,0.514660,0.530343,0.545794,0.560948,0.575835,0.590393,0.604661,0.618579,0.632197,0.645458,0.658415,0.671020,0.683327,0.695292,0.706973,0.718330,0.729421,0.740211,0.750758,0.761032,0.771091,0.780912,0.790554,0.800000,1.000000,0.986256,0.972656,0.959178,0.945884,0.932749,0.919838,0.907124,0.894677,0.882467,0.870572,0.858959,0.847712,0.836798,0.826307,0.816203,0.806583,0.797408,0.788781,0.780659,0.773151,0.766208,0.759940,0.754295,0.749382,0.745140,0.741679,0.738927,0.736989,0.735786,0.735414,0.735787,0.736988,0.738929,0.741677,0.745142,0.749380,0.754297,0.759937,0.766211,0.773147,0.780663,0.788778,0.797413,0.806580,0.816210,0.826305,0.836807,0.847711,0.858969,0.870570,0.882478,0.894676,0.907135,0.919837,0.932761,0.945884,0.959191,0.972656,0.986269,1.000000
32.2000,-0.000000,0.009453,0.019089,0.028920,0.038976,0.049262,0.059805,0.070606,0.081693,0.093061,0.104736,0.116711,0.129011,0.141624,0.154573,0.167841,0.181448,0.195373,0.209629,0.224193,0.239069,0.254229,0.269668,0.285359,0.301281,0.317408,0.333708,0.350156,0.366707,0.383340,0.400001,0.416673,0.433295,0.449858,0.466294,0.482605,0.498721,0.514654,0.530334,0.545784,0.560934,0.575819,0.590373,0.604638,0.618554,0.632170,0.645429,0.658387,0.670991,0.683298,0.695265,0.706949,0.718308,0.729402,0.740196,0.750746,0.761025,0.771087,0.780911,0.790554,0.800000,1.000000,0.986256,0.972657,0.959181,0.945890,0.932757,0.919849,0.907138,0.894694,0.882487,0.870594,0.858983,0.847737,0.836823,0.826330,0.816224,0.806601,0.797422,0.788791,0.780664,0.773150,0.766200,0.759926,0.754274,0.749355,0.745108,0.741640,0.738885,0.736944,0.735740,0.735367,0.735741,0.736944,0.738887,0.741640,0.745110,0.749354,0.754277,0.759924,0.766204,0.773148,0.780669,0.788789,0.797429,0.806599,0.816232,0.826329,0.836832,0.847736,0.858993,0.870593,0.882498,0.894694,0.907150,0.919849,0.932770,0.945889,0.959194,0.972658,0.986269,1.000000
32.3000,-0.000000,0.009453,0.019092,0.028927,0.038987,0.049279,0.059828,0.070635,0.081727,0.093099,0.104778,0.116755,0.129056,0.141669,0.154616,0.167882,0.181486,0.195407,0.209659,0.224218,0.239089,0.254244,0.269679,0.285366,0.301285,0.317410,0.333709,0.350155,0.366706,0.383339,0.400000,0.416672,0.433293,0.449855,0.466290,0.482600,0.498713,0.514643,0.530319,0.545765,0.560910,0.575790,0.590339,0.604600,0.618513,0.632125,0.645383,0.658339,0.670943,0.683253,0.695222,0.706909,0.718272,0.729372,0.740171,0.750728,0.761013,0.771080,0.780908,0.790554,0.800000,1.000000,0.986256,0.972659,0.959186,0.945898,0.932770,0.919867,0.907161,0.894722,0.882519,0.870628,0.859020,0.847775,0.836861,0.826367,0.816258,0.806630,0.797446,0.788806,0.780671,0.773147,0.766188,0.759903,0.754241,0.749312,0.745055,0.741581,0.738819,0.736873,0.735666,0.735292,0.735667,0.736874,0.738822,0.741582,0.745060,0.749313,0.754247,0.759905,0.766195,0.773149,0.780680,0.788808,0.797455,0.806631,0.816268,0.826368,0.836872,0.847775,0.859031,0.870629,0.882531,0.894722,0.907173,0.919868,0.932783,0.945898,0.959199,0.972659,0.986269,1.000000
32.4000,-0.000000,0.009453,0.019086,0.028911,0.038958,0.049236,0.059771,0.070564,0.081643,0.093004,0.104674,0.116646,0.128944,0.141556,0.154507,0.167778,0.181389,0.195320,0.209582,0.224153,0.239035,0.254201,0.269647,0.285342,0.301269,0.317400,0.333703,0.350152,0.366705,0.383338,0.399999,0.416671,0.433293,0.449856,0.466294,0.482608,0.498727,0.514665,0.530350,0.545805,0.560962,0.575853,0.590414,0.604686,0.618607,0.632227,0.645490,0.658449,0.671054,0.683361,0.695324,0.707003,0.718356,0.729443,0.740229,0.750771,0.761042,0.771096,0.780914,0.790554,0.800000,1.000000,0.986256,0.972655,0.959174,0.945877,0.932739,0.919824,0.907105,0.894655,0.882442,0.870543,0.858928,0.847680,0.836766,0.826275,0.816173,0.806556,0.797386,0.788764,0.780650,0.773148,0.766213,0.759954,0.754317,0.749413,0.745180,0.741725,0.738980,0.737046,0.735846,0.735475,0.735847,0.737046,0.738982,0.741725,0.745184,0.749415,0.754325,0.759957,0.766222,0.773151,0.780660,0.788768,0.797398,0.806560,0.816186,0.826278,0.836779,0.847682,0.858941,0.870544,0.882454,0.894655,0.907118,0.919824,0.932752,0.945877,0.959188,0.972655,0.986269,1.000000
32.5000,-0.000000,0.009453,0.019094,0.028933,0.038998,0.049296,0.059850,0.070663,0.081759,0.093136,0.104818,0.116798,0.129100,0.141714,0.154660,0.167924,0.181525,0.195442,0.209690,0.224244,0.239110,0.254261,0.269693,0.285375,0.301292,0.317414,0.333711,0.350157,0.366707,0.383339,0.400000,0.416672,0.433293,0.449855,0.466289,0.482597,0.498708,0.514635,0.530307,0.545749,0.560890,0.575766,0.590311,0.604568,0.618476,0.632086,0.645341,0.658296,0.670900,0.683210,0.695181,0.706871,0.718239,0.729344,0.740149,0.750711,0.761002,0.771074,0.780906,0.790554,0.800000,1.000000,0.986256,0.972661,0.959190,0.945906,0.932783,0.919884,0.907182,0.894748,0.882549,0.870662,0.859056,0.847812,0.836899,0.826403,0.816292,0.806660,0.797470,0.788823,0.780680,0.773147,0.766178,0.759884,0.754212,0.749273,0.745008,0.741525,0.738756,0.736804,0.735594,0.735219,0.735595,0.736805,0.738758,0.741525,0.745011,0.749273,0.754216,0.759883,0.766184,0.773147,0.780687,0.788822,0.797477,0.806658,0.816300,0.826402,0.836907,0.847811,0.859066,0.870662,0.882561,0.894748,0.907195,0.919885,0.932796,0.945906,0.959203,0.972661,0.986269,1.000000
32.6000,-0.000000,0.009453,0.019085,0.028908,0.038954,0.049231,0.059764,0.070555,0.081633,0.092993,0.104663,0.116634,0.128932,0.141545,0.154496,0.167768,0.181380,0.195312,0.209576,0.224148,0.239031,0.254199,0.269646,0.285343,0.301271,0.317402,0.333705,0.350155,0.366707,0.383341,0.400002,0.416674,0.433296,0.449859,0.466297,0.482612,0.498732,0.514671,0.530357,0.545814,0.560972,0.575866,0.590428,0.604700,0.618623,0.632244,0.645507,0.658467,0.671071,0.683377,0.695340,0.707017,0.718369,0.729454,0.740237,0.750777,0.761046,0.771098,0.780915,0.790554,0.800000,1.000000,0.986256,0.972654,0.959173,0.945874,0.932734,0.919818,0.907098,0.894647,0.882432,0.870533,0.858918,0.847670,0.836756,0.826266,0.816165,0.806550,0.797381,0.788762,0.780650,0.773152,0.766220,0.759964,0.754330,0.749428,0.745197,0.741744,0.739001,0.737068,0.735869,0.735497,0.735869,0.737067,0.739002,0.741743,0.745199,0.749426,0.754332,0.759961,0.766222,0.773148,0.780654,0.788759,0.797387,0.806547,0.816172,0.826264,0.836764,0.847668,0.858927,0.870531,0.882442,0.894645,0.907109,0.919817,0.932747,0.945874,0.959186,0.972654,0.986269,1.000000
32.7000,-0.000000,0.009453,0.019093,0.028931,0.038994,0.049290,0.059842,0.070653,0.081747,0.093122,0.104803,0.116782,0.129083,0.141696,0.154643,0.167908,0.181510,0.195429,0.209678,0.224235,0.239102,0.254255,0.269688,0.285372,0.301290,0.317413,0.333711,0.350157,0.366707,0.383340,0.400000,0.416673,0.433294,0.449856,0.466290,0.482599,0.498711,0.514639,0.530313,0.545756,0.560898,0.575776,0.590323,0.604581,0.618491,0.632101,0.645358,0.658313,0.670917,0.683228,0.695199,0.706888,0.718254,0.729357,0.740159,0.750719,0.761007,0.771077,0.780907,0.790554,0.800000,1.000000,0.986256,0.972661,0.959189,0.945904,0.932779,0.919878,0.907175,0.894738,0.882537,0.870649,0.859042,0.847798,0.836884,0.826389,0.816279,0.806648,0.797460,0.788817,0.780677,0.773147,0.766182,0.759892,0.754223,0.749288,0.745026,0.741547,0.738781,0.736831,0.735622,0.735247,0.735623,0.736831,0.738782,0.741546,0.745029,0.749287,0.754227,0.759891,0.766188,0.773147,0.780684,0.788816,0.797468,0.806648,0.816287,0.826389,0.836894,0.847797,0.859052,0.870648,0.882547,0.894736,0.907185,0.919877,0.932790,0.945902,0.959201,0.972660,0.986269,1.000000
32.8000,-0.000000,0.009453,0.019087,0.028915,0.038966,0.049248,0.059786,0.070583,0.081665,0.093029,0.104701,0.116675,0.128974,0.141587,0.154536,0.167807,0.181416,0.195344,0.209603,0.224171,0.239050,0.254213,0.269656,0.285349,0.301274,0.317403,0.333704,0.350153,0.366705,0.383338,0.399999,0.416671,0.433292,0.449856,0.466293,0.482606,0.498723,0.514659,0.530342,0.545794,0.560948,0.575836,0.590394,0.604663,0.618582,0.632200,0.645461,0.658419,0.671023,0.683331,0.695296,0.706977,0.718333,0.729424,0.740213,0.750759,0.761033,0.771091,0.780912,0.790554,0.800000,1.000000,0.986256,0.972656,0.959177,0.945883,0.932747,0.919835,0.907120,0.894672,0.882462,0.870565,0.858953,0.847705,0.836792,0.826301,0.816197,0.806577,0.797403,0.788776,0.780656,0.773149,0.766207,0.759941,0.754296,0.749385,0.745144,0.741684,0.738934,0.736996,0.735795,0.735423,0.735796,0.736998,0.738938,0.741686,0.745151,0.749387,0.754303,0.759942,0.766214,0.773150,0.780664,0.788778,0.797413,0.806579,0.816208,0.826303,0.836804,0.847708,0.858966,0.870567,0.882475,0.894673,0.907133,0.919836,0.932760,0.945883,0.959191,0.972656,0.986269,1.000000
32.9000,-0.000000,0.009453,0.019090,0.028921,0.038977,0.049265,0.059808,0.070611,0.081698,0.093066,0.104742,0.116717,0.129017,0.141630,0.154579,0.167847,0.181453,0.195377,0.209633,0.224195,0.239070,0.254229,0.269668,0.285358,0.301280,0.317406,0.333706,0.350153,0.366705,0.383338,0.399999,0.416671,0.433292,0.449855,0.466291,0.482602,0.498718,0.514650,0.530329,0.545778,0.560928,0.575811,0.590365,0.604630,0.618545,0.632160,0.645419,0.658376,0.670980,0.683289,0.695256,0.706941,0.718301,0.729396,0.740191,0.750742,0.761022,0.771085,0.780910,0.790554,0.800000,1.000000,0.986256,0.972658,0.959182,0.945891,0.932759,0.919852,0.907142,0.894698,0.882491,0.870598,0.858988,0.847742,0.836828,0.826335,0.816229,0.806604,0.797424,0.788791,0.780663,0.773147,0.766196,0.759920,0.754267,0.749346,0.745097,0.741629,0.738872,0.736930,0.735726,0.735353,0.735727,0.736932,0.738876,0.741631,0.745103,0.749348,0.754274,0.759923,0.766205,0.773150,0.780673,0.788794,0.797435,0.806607,0.816240,0.826337,0.836840,0.847744,0.859001,0.870600,0.882505,0.894699,0.907154,0.919853,0.932773,0.945891,0.959195,0.972658,0.986269,1.000000
33.0000,-0.000000,0.009453,0.019091,0.028926,0.038985,0.049276,0.059824,0.070631,0.081722,0.093093,0.104771,0.116748,0.129048,0.141661,0.154609,0.167876,0.181480,0.195402,0.209655,0.224214,0.239086,0.254242,0.269679,0.285366,0.301286,0.317411,0.333710,0.350157,0.366708,0.383340,0.400001,0.416673,0.433294,0.449857,0.466292,0.482602,0.498717,0.514648,0.530324,0.545770,0.560916,0.575797,0.590347,0.604609,0.618522,0.632135,0.645393,0.658350,0.670954,0.683263,0.695232,0.706918,0.718281,0.729379,0.740177,0.750733,0.761016,0.771082,0.780909,0.790554,0.800000,1.000000,0.986256,0.972659,0.959185,0.945896,0.932768,0.919864,0.907157,0.894717,0.882513,0.870622,0.859013,0.847768,0.836854,0.826360,0.816252,0.806625,0.797442,0.788804,0.780671,0.773148,0.766191,0.759909,0.754249,0.749322,0.745067,0.741594,0.738833,0.736888,0.735681,0.735307,0.735681,0.736887,0.738834,0.741592,0.745069,0.749319,0.754251,0.759907,0.766196,0.773147,0.780677,0.788803,0.797449,0.806624,0.816260,0.826359,0.836863,0.847766,0.859022,0.870621,0.882523,0.894715,0.907168,0.919863,0.932780,0.945896,0.959198,0.972659,0.986269,1.000000
33.1000,-0.000000,0.009453,0.019086,0.028912,0.038960,0.049240,0.059775,0.070570,0.081650,0.093013,0.104684,0.116656,0.128955,0.141568,0.154518,0.167789,0.181400,0.195330,0.209591,0.224161,0.239042,0.254208,0.269652,0.285347,0.301274,0.317404,0.333706,0.350155,0.366707,0.383341,0.400001,0.416674,0.433296,0.449859,0.466297,0.482611,0.498730,0.514667,0.530351,0.545806,0.560962,0.575853,0.590413,0.604683,0.618604,0.632223,0.645485,0.658444,0.671048,0.683355,0.695318,0.706998,0.718351,0.729439,0.740225,0.750768,0.761040,0.771095,0.780914,0.790554,0.800000,1.000000,0.986256,0.972655,0.959175,0.945879,0.932741,0.919827,0.907110,0.894660,0.882448,0.870551,0.858937,0.847690,0.836776,0.826285,0.816183,0.806565,0.797394,0.788770,0.780654,0.773151,0.766214,0.759953,0.754314,0.749407,0.745172,0.741715,0.738968,0.737033,0.735833,0.735460,0.735833,0.737032,0.738969,0.741713,0.745173,0.749405,0.754316,0.759950,0.766217,0.773147,0.780657,0.788766,0.797398,0.806561,0.816188,0.826282,0.836783,0.847687,0.858945,0.870548,0.882458,0.894659,0.907121,0.919826,0.932753,0.945878,0.959188,0.972655,0.986269,1.000000
33.2000,-0.000000,0.009453,0.019094,0.028932,0.038997,0.049294,0.059847,0.070659,0.081755,0.093131,0.104813,0.116792,0.129094,0.141707,0.154653,0.167918,0.181519,0.195437,0.209685,0.224240,0.239107,0.254259,0.269691,0.285374,0.301291,0.317413,0.333710,0.350156,0.366706,0.383339,0.400000,0.416672,0.433293,0.449854,0.466288,0.482597,0.498708,0.514636,0.530308,0.545750,0.560892,0.575768,0.590314,0.604572,0.618481,0.632091,0.645347,0.658302,0.670905,0.683216,0.695186,0.706876,0.718243,0.729347,0.740151,0.750713,0.761003,0.771074,0.780906,0.790554,0.800000,1.000000,0.986256,0.972661,0.959190,0.945905,0.932781,0.919882,0.907180,0.894745,0.882545,0.870658,0.859051,0.847807,0.836894,0.826398,0.816287,0.806656,0.797466,0.788821,0.780680,0.773148,0.766180,0.759887,0.754216,0.749279,0.745014,0.741533,0.738765,0.736815,0.735605,0.735230,0.735606,0.736815,0.738768,0.741533,0.745018,0.749279,0.754221,0.759887,0.766187,0.773148,0.780687,0.788822,0.797475,0.806655,0.816296,0.826397,0.836903,0.847807,0.859062,0.870658,0.882557,0.894745,0.907193,0.919883,0.932795,0.945906,0.959203,0.972661,0.986269,1.000000
33.3000,-0.000000,0.009453,0.019085,0.028909,0.038955,0.049232,0.059765,0.070556,0.081634,0.092994,0.104663,0.116634,0.128931,0.141544,0.154494,0.167766,0.181378,0.195310,0.209573,0.224145,0.239028,0.254197,0.269643,0.285340,0.301268,0.317399,0.333702,0.350152,0.366704,0.383337,0.399998,0.416671,0.433292,0.449856,0.466294,0.482609,0.498728,0.514667,0.530353,0.545809,0.560967,0.575860,0.590422,0.604695,0.618617,0.632238,0.645502,0.658461,0.671065,0.683372,0.695335,0.707012,0.718365,0.729451,0.740235,0.750775,0.761044,0.771097,0.780915,0.790554,0.800000,1.000000,0.986256,0.972655,0.959173,0.945875,0.932735,0.919819,0.907099,0.894647,0.882433,0.870534,0.858918,0.847669,0.836755,0.826265,0.816164,0.806547,0.797379,0.788759,0.780647,0.773148,0.766216,0.759960,0.754325,0.749423,0.745192,0.741739,0.738996,0.737063,0.735865,0.735493,0.735866,0.737064,0.738999,0.741741,0.745198,0.749425,0.754333,0.759963,0.766226,0.773152,0.780659,0.788764,0.797392,0.806553,0.816178,0.826269,0.836769,0.847673,0.858932,0.870536,0.882446,0.894648,0.907112,0.919820,0.932748,0.945875,0.959186,0.972655,0.986269,1.000000
33.4000,-0.000000,0.009453,0.019093,0.028931,0.038994,0.049290,0.059842,0.070653,0.081748,0.093123,0.104803,0.116782,0.129084,0.141697,0.154644,0.167909,0.181510,0.195429,0.209678,0.224235,0.239102,0.254255,0.269688,0.285372,0.301289,0.317412,0.333710,0.350156,0.366706,0.383339,0.400000,0.416672,0.433293,0.449855,0.466289,0.482598,0.498710,0.514638,0.530312,0.545754,0.560897,0.575775,0.590321,0.604580,0.618489,0.632099,0.645355,0.658311,0.670915,0.683225,0.695196,0.706885,0.718252,0.729355,0.740158,0.750718,0.761006,0.771076,0.780907,0.790554,0.800000,1.000000,0.986256,0.972660,0.959188,0.945903,0.932778,0.919878,0.907175,0.894738,0.882538,0.870649,0.859042,0.847798,0.836884,0.826389,0.816279,0.806648,0.797460,0.788816,0.780676,0.773146,0.766181,0.759890,0.754221,0.749286,0.745024,0.741544,0.738778,0.736829,0.735620,0.735246,0.735621,0.736830,0.738782,0.741545,0.745029,0.749288,0.754228,0.759892,0.766189,0.773148,0.780685,0.788818,0.797470,0.806649,0.816289,0.826391,0.836896,0.847799,0.859054,0.870650,0.882549,0.894738,0.907187,0.919878,0.932791,0.945903,0.959202,0.972660,0.986269,1.000000
33.5000,-0.000000,0.009453,0.019087,0.028915,0.038965,0.049247,0.059785,0.070581,0.081663,0.093027,0.104700,0.116673,0.128972,0.141585,0.154535,0.167805,0.181415,0.195344,0.209604,0.224172,0.239051,0.254215,0.269658,0.285351,0.301276,0.317405,0.333708,0.350156,0.366708,0.383341,0.400002,0.416674,0.433295,0.449859,0.466296,0.482609,0.498727,0.514663,0.530347,0.545800,0.560954,0.575843,0.590401,0.604670,0.618589,0.632207,0.645468,0.658426,0.671031,0.683338,0.695303,0.706983,0.718338,0.729428,0.740216,0.750762,0.761035,0.771093,0.780913,0.790554,0.800000,1.000000,0.986256,0.972656,0.959177,0.945882,0.932746,0.919834,0.907119,0.894671,0.882460,0.870564,0.858951,0.847704,0.836790,0.826299,0.816196,0.806577,0.797404,0.788778,0.780659,0.773152,0.766211,0.759946,0.754302,0.749392,0.745152,0.741692,0.738943,0.737006,0.735804,0.735432,0.735804,0.737005,0.738944,0.741691,0.745154,0.749389,0.754304,0.759942,0.766212,0.773147,0.780660,0.788773,0.797407,0.806572,0.816202,0.826296,0.836798,0.847702,0.858960,0.870562,0.882471,0.894669,0.907130,0.919833,0.932758,0.945882,0.959190,0.972656,0.986269,1.000000
33.6000,-0.000000,0.009453,0.019090,0.028923,0.038980,0.049268,0.059813,0.070617,0.081705,0.093074,0.104751,0.116727,0.129027,0.141640,0.154588,0.167856,0.181462,0.195386,0.209640,0.224202,0.239076,0.254235,0.269673,0.285361,0.301283,0.317409,0.333709,0.350156,0.366707,0.383340,0.400001,0.416673,0.433295,0.449857,0.466293,0.482604,0.498719,0.514651,0.530329,0.545778,0.560926,0.575809,0.590362,0.604626,0.618540,0.632155,0.645413,0.658370,0.670974,0.683283,0.695251,0.706935,0.718296,0.729392,0.740188,0.750740,0.761021,0.771085,0.780910,0.790554,0.800000,1.000000,0.986256,0.972658,0.959183,0.945893,0.932762,0.919856,0.907146,0.894704,0.882498,0.870606,0.858996,0.847750,0.836836,0.826343,0.816236,0.806611,0.797431,0.788797,0.780667,0.773149,0.766197,0.759919,0.754263,0.749341,0.745090,0.741621,0.738863,0.736920,0.735715,0.735341,0.735715,0.736920,0.738865,0.741620,0.745092,0.749339,0.754266,0.759917,0.766200,0.773147,0.780672,0.788795,0.797438,0.806610,0.816244,0.826342,0.836845,0.847749,0.859006,0.870605,0.882509,0.894703,0.907158,0.919856,0.932774,0.945892,0.959196,0.972658,0.986269,1.000000
33.7000,-0.000000,0.009453,0.019091,0.028924,0.038982,0.049272,0.059818,0.070623,0.081713,0.093084,0.104761,0.116737,0.129038,0.141651,0.154598,0.167865,0.181470,0.195392,0.209646,0.224206,0.239079,0.254236,0.269673,0.285361,0.301282,0.317408,0.333707,0.350154,0.366706,0.383338,0.399999,0.416671,0.433292,0.449855,0.466290,0.482601,0.498716,0.514647,0.530324,0.545771,0.560918,0.575800,0.590351,0.604614,0.618528,0.632142,0.645400,0.658357,0.670961,0.683270,0.695238,0.706924,0.718286,0.729384,0.740181,0.750735,0.761017,0.771083,0.780909,0.790554,0.800000,1.000000,0.986256,0.972658,0.959184,0.945894,0.932765,0.919860,0.907152,0.894710,0.882506,0.870614,0.859005,0.847759,0.836846,0.826352,0.816244,0.806618,0.797435,0.788798,0.780666,0.773146,0.766191,0.759911,0.754253,0.749328,0.745076,0.741605,0.738845,0.736901,0.735695,0.735321,0.735696,0.736901,0.738848,0.741605,0.745080,0.749329,0.754260,0.759913,0.766200,0.773150,0.780677,0.788802,0.797446,0.806620,0.816255,0.826353,0.836856,0.847760,0.859017,0.870615,0.882518,0.894711,0.907164,0.919860,0.932778,0.945895,0.959197,0.972659,0.986269,1.000000
33.8000,-0.000000,0.009453,0.019086,0.028913,0.038962,0.049242,0.059778,0.070574,0.081655,0.093018,0.104689,0.116662,0.128960,0.141573,0.154523,0.167793,0.181403,0.195333,0.209593,0.224162,0.239042,0.254207,0.269651,0.285345,0.301271,0.317401,0.333703,0.350152,0.366704,0.383337,0.399998,0.416670,0.433292,0.449856,0.466293,0.482606,0.498725,0.514661,0.530344,0.545798,0.560954,0.575844,0.590403,0.604673,0.618593,0.632212,0.645474,0.658433,0.671037,0.683344,0.695308,0.706988,0.718343,0.729432,0.740219,0.750764,0.761037,0.771093,0.780913,0.790554,0.800000,1.000000,0.986256,0.972655,0.959176,0.945880,0.932743,0.919830,0.907113,0.894664,0.882452,0.870555,0.858942,0.847694,0.836780,0.826289,0.816186,0.806567,0.797394,0.788770,0.780652,0.773147,0.766208,0.759946,0.754305,0.749397,0.745161,0.741703,0.738955,0.737019,0.735818,0.735446,0.735819,0.737019,0.738957,0.741704,0.745166,0.749400,0.754313,0.759949,0.766218,0.773151,0.780663,0.788774,0.797406,0.806570,0.816198,0.826291,0.836792,0.847696,0.858954,0.870557,0.882466,0.894665,0.907127,0.919831,0.932757,0.945881,0.959189,0.972656,0.986269,1.000000
33.9000,-0.000000,0.009453,0.019094,0.028932,0.038995,0.049291,0.059844,0.070655,0.081751,0.093126,0.104807,0.116787,0.129088,0.141701,0.154648,0.167913,0.181514,0.195433,0.209682,0.224238,0.239105,0.254258,0.269690,0.285373,0.301291,0.317414,0.333711,0.350157,0.366707,0.383340,0.400001,0.416673,0.433294,0.449856,0.466290,0.482599,0.498710,0.514638,0.530312,0.545754,0.560896,0.575773,0.590320,0.604578,0.618487,0.632097,0.645353,0.658309,0.670913,0.683223,0.695194,0.706883,0.718249,0.729352,0.740155,0.750715,0.761004,0.771075,0.780906,0.790554,0.800000,1.000000,0.986256,0.972661,0.959189,0.945904,0.932780,0.919880,0.907177,0.894741,0.882541,0.870653,0.859046,0.847802,0.836889,0.826394,0.816283,0.806652,0.797464,0.788820,0.780679,0.773148,0.766182,0.759890,0.754221,0.749284,0.745022,0.741541,0.738775,0.736826,0.735616,0.735241,0.735617,0.736825,0.738777,0.741541,0.745025,0.749284,0.754225,0.759890,0.766187,0.773147,0.780685,0.788818,0.797470,0.806650,0.816291,0.826392,0.836897,0.847801,0.859056,0.870652,0.882552,0.894741,0.907189,0.919880,0.932793,0.945904,0.959202,0.972661,0.986269,1.000000
34.0000,-0.000000,0.009453,0.019085,0.028910,0.038957,0.049234,0.059768,0.070560,0.081638,0.092999,0.104669,0.116640,0.128938,0.141551,0.154502,0.167774,0.181386,0.195317,0.209581,0.224152,0.239035,0.254203,0.269649,0.285344,0.301272,0.317403,0.333706,0.350155,0.366708,0.383341,0.400002,0.416674,0.433296,0.449860,0.466298,0.482612,0.498732,0.514670,0.530356,0.545812,0.560970,0.575863,0.590424,0.604697,0.618619,0.632239,0.645502,0.658461,0.671065,0.683371,0.695334,0.707012,0.718364,0.729451,0.740235,0.750776,0.761045,0.771098,0.780915,0.790554,0.800000,1.000000,0.986256,0.972655,0.959174,0.945876,0.932737,0.919821,0.907102,0.894651,0.882437,0.870538,0.858923,0.847675,0.836762,0.826272,0.816171,0.806554,0.797385,0.788765,0.780652,0.773152,0.766219,0.759961,0.754326,0.749422,0.745190,0.741736,0.738992,0.737058,0.735859,0.735487,0.735860,0.737058,0.738993,0.741735,0.745192,0.749420,0.754327,0.759957,0.766220,0.773147,0.780654,0.788760,0.797389,0.806550,0.816176,0.826268,0.836768,0.847672,0.858932,0.870536,0.882446,0.894649,0.907112,0.919819,0.932748,0.945874,0.959186,0.972654,0.986269,1.000000
34.1000,-0.000000,0.009453,0.019094,0.028932,0.038995,0.049291,0.059843,0.070654,0.081749,0.093124,0.104804,0.116783,0.129085,0.141697,0.154644,0.167909,0.181510,0.195430,0.209679,0.224235,0.239103,0.254256,0.269688,0.285372,0.301290,0.317413,0.333711,0.350156,0.366707,0.383340,0.400000,0.416672,0.433293,0.449855,0.466290,0.482598,0.498711,0.514639,0.530312,0.545754,0.560897,0.575775,0.590321,0.604579,0.618489,0.632099,0.645355,0.658311,0.670915,0.683226,0.695197,0.706886,0.718253,0.729356,0.740158,0.750718,0.761006,0.771077,0.780907,0.790554,0.800000,1.000000,0.986256,0.972660,0.959189,0.945904,0.932779,0.919879,0.907175,0.894739,0.882538,0.870650,0.859043,0.847798,0.836885,0.826390,0.816279,0.806648,0.797460,0.788817,0.780677,0.773148,0.766182,0.759892,0.754223,0.749287,0.745025,0.741544,0.738778,0.736829,0.735619,0.735245,0.735621,0.736829,0.738781,0.741545,0.745028,0.749287,0.754227,0.759890,0.766187,0.773147,0.780684,0.788817,0.797469,0.806649,0.816289,0.826391,0.836896,0.847799,0.859054,0.870650,0.882549,0.894738,0.907187,0.919878,0.932791,0.945903,0.959201,0.972660,0.986269,1.000000
34.2000,-0.000000,0.009453,0.019087,0.028913,0.038963,0.049244,0.059781,0.070577,0.081658,0.093022,0.104693,0.116666,0.128965,0.141577,0.154527,0.167798,0.181407,0.195337,0.209597,0.224165,0.239045,0.254209,0.269653,0.285346,0.301272,0.317401,0.333704,0.350152,0.366704,0.383337,0.399998,0.416670,0.433292,0.449855,0.466292,0.482605,0.498723,0.514660,0.530343,0.545797,0.560951,0.575841,0.590399,0.604669,0.618588,0.632207,0.645468,0.658427,0.671031,0.683338,0.695303,0.706983,0.718339,0.729428,0.740217,0.750762,0.761035,0.771093,0.780913,0.790554,0.800000,1.000000,0.986256,0.972656,0.959176,0.945881,0.932744,0.919831,0.907115,0.894667,0.882456,0.870559,0.858945,0.847698,0.836783,0.826292,0.816189,0.806570,0.797397,0.788772,0.780653,0.773147,0.766207,0.759943,0.754301,0.749392,0.745154,0.741695,0.738946,0.737010,0.735809,0.735437,0.735810,0.737011,0.738951,0.741698,0.745161,0.749396,0.754310,0.759947,0.766217,0.773151,0.780664,0.788775,0.797409,0.806574,0.816202,0.826296,0.836797,0.847701,0.858959,0.870562,0.882470,0.894669,0.907129,0.919833,0.932758,0.945882,0.959190,0.972656,0.986269,1.000000
34.3000,-0.000000,0.009453,0.019090,0.028923,0.038980,0.049269,0.059815,0.070619,0.081708,0.093078,0.104755,0.116732,0.129032,0.141645,0.154593,0.167860,0.181465,0.195389,0.209642,0.224204,0.239077,0.254235,0.269672,0.285360,0.301282,0.317407,0.333707,0.350154,0.366705,0.383338,0.399999,0.416671,0.433292,0.449855,0.466291,0.482601,0.498716,0.514647,0.530325,0.545772,0.560921,0.575803,0.590355,0.604619,0.618533,0.632147,0.645405,0.658362,0.670966,0.683275,0.695243,0.706928,0.718290,0.729387,0.740183,0.750737,0.761019,0.771083,0.780909,0.790554,0.800000,1.000000,0.986256,0.972658,0.959183,0.945893,0.932763,0.919858,0.907149,0.894707,0.882502,0.870610,0.859000,0.847755,0.836841,0.826347,0.816240,0.806614,0.797433,0.788797,0.780666,0.773147,0.766192,0.759913,0.754256,0.749333,0.745082,0.741611,0.738853,0.736910,0.735704,0.735331,0.735705,0.736910,0.738856,0.741612,0.745087,0.749335,0.754264,0.759916,0.766202,0.773150,0.780677,0.788800,0.797443,0.806616,0.816251,0.826349,0.836852,0.847756,0.859013,0.870611,0.882515,0.894708,0.907162,0.919859,0.932777,0.945894,0.959197,0.972658,0.986269,1.000000
34.4000,-0.000000,0.009453,0.019091,0.028924,0.038981,0.049270,0.059816,0.070620,0.081709,0.093079,0.104756,0.116732,0.129032,0.141645,0.154593,0.167861,0.181466,0.195389,0.209643,0.224205,0.239078,0.254237,0.269675,0.285363,0.301285,0.317410,0.333710,0.350157,0.366709,0.383341,0.400002,0.416674,0.433295,0.449859,0.466294,0.482605,0.498720,0.514652,0.530330,0.545777,0.560925,0.575808,0.590360,0.604623,0.618538,0.632152,0.645411,0.658368,0.670972,0.683281,0.695249,0.706933,0.718294,0.729391,0.740186,0.750739,0.761020,0.771084,0.780910,0.790554,0.800000,1.000000,0.986256,0.972658,0.959183,0.945894,0.932763,0.919858,0.907149,0.894707,0.882502,0.870610,0.859000,0.847755,0.836841,0.826347,0.816240,0.806615,0.797433,0.788798,0.780668,0.773149,0.766196,0.759918,0.754261,0.749338,0.745087,0.741616,0.738858,0.736914,0.735708,0.735334,0.735708,0.736912,0.738857,0.741612,0.745085,0.749333,0.754261,0.759913,0.766198,0.773146,0.780673,0.788796,0.797439,0.806612,0.816246,0.826344,0.836847,0.847751,0.859007,0.870606,0.882510,0.894704,0.907159,0.919856,0.932775,0.945893,0.959196,0.972658,0.986269,1.000000
34.5000,-0.000000,0.009453,0.019087,0.028914,0.038965,0.049246,0.059784,0.070580,0.081662,0.093026,0.104699,0.116672,0.128971,0.141584,0.154534,0.167805,0.181414,0.195343,0.209603,0.224170,0.239050,0.254214,0.269657,0.285351,0.301276,0.317405,0.333707,0.350155,0.366707,0.383340,0.400001,0.416673,0.433295,0.449858,0.466296,0.482609,0.498727,0.514663,0.530345,0.545799,0.560954,0.575843,0.590401,0.604670,0.618590,0.632208,0.645470,0.658428,0.671031,0.683338,0.695302,0.706982,0.718338,0.729428,0.740216,0.750762,0.761036,0.771093,0.780913,0.790554,0.800000,1.000000,0.986256,0.972656,0.959177,0.945882,0.932746,0.919834,0.907118,0.894670,0.882459,0.870563,0.858950,0.847703,0.836790,0.826299,0.816196,0.806576,0.797403,0.788777,0.780657,0.773151,0.766211,0.759946,0.754303,0.749393,0.745154,0.741694,0.738944,0.737007,0.735805,0.735433,0.735806,0.737006,0.738945,0.741692,0.745155,0.749390,0.754305,0.759943,0.766213,0.773147,0.780661,0.788773,0.797407,0.806572,0.816200,0.826295,0.836796,0.847701,0.858959,0.870562,0.882470,0.894669,0.907130,0.919834,0.932758,0.945881,0.959190,0.972656,0.986269,1.000000
34.6000,-0.000000,0.009453,0.019093,0.028930,0.038993,0.049288,0.059840,0.070650,0.081744,0.093119,0.104799,0.116778,0.129080,0.141693,0.154639,0.167904,0.181506,0.195426,0.209675,0.224232,0.239100,0.254253,0.269686,0.285370,0.301288,0.317411,0.333709,0.350155,0.366706,0.383338,0.399999,0.416671,0.433292,0.449854,0.466289,0.482597,0.498709,0.514638,0.530311,0.545755,0.560898,0.575776,0.590323,0.604581,0.618491,0.632102,0.645358,0.658313,0.670918,0.683228,0.695199,0.706887,0.718254,0.729356,0.740159,0.750718,0.761006,0.771076,0.780906,0.790554,0.800000,1.000000,0.986256,0.972660,0.959188,0.945902,0.932777,0.919876,0.907172,0.894735,0.882534,0.870646,0.859039,0.847794,0.836881,0.826386,0.816275,0.806645,0.797458,0.788815,0.780675,0.773146,0.766181,0.759891,0.754223,0.749288,0.745027,0.741548,0.738782,0.736834,0.735625,0.735250,0.735626,0.736835,0.738787,0.741550,0.745034,0.749292,0.754232,0.759895,0.766190,0.773149,0.780684,0.788816,0.797468,0.806647,0.816287,0.826388,0.836893,0.847797,0.859052,0.870648,0.882548,0.894737,0.907186,0.919878,0.932791,0.945903,0.959202,0.972660,0.986269,1.000000
34.7000,-0.000000,0.009453,0.019085,0.028910,0.038957,0.049235,0.059769,0.070561,0.081640,0.093000,0.104670,0.116641,0.128939,0.141552,0.154502,0.167773,0.181385,0.195316,0.209578,0.224149,0.239032,0.254199,0.269645,0.285341,0.301269,0.317399,0.333703,0.350152,0.366704,0.383337,0.399998,0.416671,0.433292,0.449856,0.466294,0.482608,0.498728,0.514666,0.530351,0.545806,0.560964,0.575856,0.590417,0.604688,0.618610,0.632230,0.645493,0.658453,0.671057,0.683365,0.695328,0.707007,0.718360,0.729447,0.740232,0.750774,0.761044,0.771097,0.780915,0.790554,0.800000,1.000000,0.986256,0.972655,0.959174,0.945876,0.932737,0.919822,0.907103,0.894651,0.882438,0.870539,0.858924,0.847675,0.836761,0.826271,0.816169,0.806552,0.797382,0.788761,0.780647,0.773147,0.766213,0.759955,0.754320,0.749416,0.745184,0.741730,0.738985,0.737051,0.735853,0.735481,0.735854,0.737052,0.738988,0.741731,0.745189,0.749419,0.754328,0.759959,0.766224,0.773152,0.780660,0.788767,0.797396,0.806558,0.816183,0.826275,0.836776,0.847679,0.858937,0.870541,0.882451,0.894652,0.907115,0.919821,0.932749,0.945875,0.959186,0.972655,0.986269,1.000000
34.8000,-0.000000,0.009453,0.019093,0.028931,0.038995,0.049290,0.059843,0.070653,0.081748,0.093123,0.104804,0.116783,0.129084,0.141698,0.154644,0.167909,0.181511,0.195430,0.209679,0.224236,0.239103,0.254256,0.269689,0.285373,0.301290,0.317413,0.333711,0.350157,0.366707,0.383340,0.400001,0.416673,0.433294,0.449856,0.466290,0.482599,0.498711,0.514640,0.530313,0.545756,0.560899,0.575776,0.590322,0.604580,0.618490,0.632101,0.645357,0.658313,0.670917,0.683226,0.695197,0.706886,0.718252,0.729355,0.740158,0.750718,0.761006,0.771077,0.780907,0.790554,0.800000,1.000000,0.986256,0.972660,0.959189,0.945903,0.932779,0.919879,0.907175,0.894738,0.882538,0.870650,0.859043,0.847799,0.836885,0.826390,0.816280,0.806649,0.797462,0.788818,0.780678,0.773148,0.766183,0.759892,0.754223,0.749288,0.745026,0.741546,0.738779,0.736830,0.735621,0.735246,0.735622,0.736831,0.738782,0.741546,0.745029,0.749287,0.754227,0.759890,0.766187,0.773147,0.780684,0.788817,0.797469,0.806648,0.816288,0.826389,0.836894,0.847798,0.859053,0.870650,0.882549,0.894738,0.907187,0.919878,0.932791,0.945903,0.959201,0.972660,0.986269,1.000000
34.9000,-0.000000,0.009453,0.019087,0.028913,0.038963,0.049244,0.059781,0.070577,0.081659,0.093022,0.104694,0.116667,0.128965,0.141579,0.154529,0.167800,0.181410,0.195340,0.209600,0.224168,0.239048,0.254213,0.269657,0.285350,0.301276,0.317405,0.333707,0.350156,0.366708,0.383341,0.400002,0.416674,0.433296,0.449859,0.466297,0.482610,0.498728,0.514664,0.530348,0.545802,0.560958,0.575847,0.590406,0.604676,0.618595,0.632214,0.645475,0.658434,0.671037,0.683344,0.695308,0.706988,0.718342,0.729431,0.740219,0.750764,0.761036,0.771093,0.780913,0.790554,0.800000,1.000000,0.986256,0.972655,0.959176,0.945880,0.932744,0.919831,0.907116,0.894667,0.882456,0.870559,0.858946,0.847698,0.836785,0.826294,0.816192,0.806573,0.797401,0.788776,0.780658,0.773152,0.766212,0.759949,0.754307,0.749397,0.745159,0.741700,0.738952,0.737015,0.735814,0.735442,0.735815,0.737015,0.738953,0.741699,0.745161,0.749395,0.754309,0.759945,0.766214,0.773147,0.780659,0.788770,0.797403,0.806567,0.816196,0.826290,0.836791,0.847696,0.858954,0.870557,0.882466,0.894666,0.907127,0.919831,0.932757,0.945881,0.959190,0.972656,0.986269,1.000000
35.0000,-0.000000,0.009453,0.019091,0.028924,0.038982,0.049272,0.059819,0.070624,0.081714,0.093085,0.104762,0.116738,0.129039,0.141651,0.154599,0.167866,0.181471,0.195394,0.209647,0.224208,0.239080,0.254238,0.269675,0.285363,0.301284,0.317409,0.333709,0.350155,0.366707,0.383340,0.400000,0.416673,0.433294,0.449857,0.466292,0.482602,0.498717,0.514648,0.530325,0.545772,0.560920,0.575801,0.590353,0.604616,0.618530,0.632143,0.645402,0.658358,0.670963,0.683271,0.695239,0.706925,0.718287,0.729385,0.740182,0.750736,0.761018,0.771083,0.780909,0.790554,0.800000,1.000000,0.986256,0.972658,0.959184,0.945895,0.932765,0.919861,0.907153,0.894711,0.882507,0.870615,0.859006,0.847760,0.836846,0.826352,0.816245,0.806618,0.797436,0.788800,0.780668,0.773148,0.766192,0.759912,0.754254,0.749329,0.745077,0.741605,0.738846,0.736902,0.735696,0.735322,0.735695,0.736900,0.738846,0.741604,0.745079,0.749328,0.754259,0.759912,0.766199,0.773149,0.780676,0.788800,0.797445,0.806618,0.816253,0.826352,0.836855,0.847759,0.859016,0.870614,0.882517,0.894710,0.907163,0.919860,0.932778,0.945894,0.959197,0.972658,0.986269,1.000000
35.1000,-0.000000,0.009453,0.019090,0.028922,0.038978,0.049266,0.059810,0.070613,0.081701,0.093070,0.104746,0.116722,0.129022,0.141635,0.154583,0.167850,0.181456,0.195380,0.209635,0.224197,0.239071,0.254230,0.269668,0.285358,0.301280,0.317406,0.333706,0.350153,0.366705,0.383338,0.399998,0.416671,0.433292,0.449855,0.466291,0.482602,0.498717,0.514649,0.530328,0.545776,0.560924,0.575808,0.590361,0.604625,0.618540,0.632155,0.645414,0.658371,0.670975,0.683284,0.695252,0.706936,0.718297,0.729394,0.740188,0.750741,0.761021,0.771085,0.780910,0.790554,0.800000,1.000000,0.986256,0.972658,0.959182,0.945891,0.932760,0.919853,0.907143,0.894700,0.882494,0.870602,0.858992,0.847746,0.836832,0.826338,0.816232,0.806606,0.797426,0.788792,0.780662,0.773145,0.766193,0.759917,0.754263,0.749341,0.745092,0.741623,0.738866,0.736924,0.735719,0.735346,0.735721,0.736925,0.738870,0.741624,0.745097,0.749343,0.754270,0.759921,0.766204,0.773151,0.780675,0.788797,0.797439,0.806611,0.816245,0.826342,0.836845,0.847749,0.859005,0.870604,0.882508,0.894702,0.907157,0.919855,0.932774,0.945892,0.959195,0.972658,0.986269,1.000000
35.2000,-0.000000,0.009453,0.019087,0.028915,0.038966,0.049248,0.059786,0.070584,0.081666,0.093031,0.104704,0.116677,0.128976,0.141589,0.154538,0.167808,0.181417,0.195345,0.209604,0.224171,0.239050,0.254214,0.269657,0.285349,0.301274,0.317403,0.333704,0.350153,0.366705,0.383338,0.399999,0.416671,0.433292,0.449856,0.466293,0.482606,0.498724,0.514659,0.530341,0.545794,0.560947,0.575836,0.590393,0.604662,0.618580,0.632199,0.645460,0.658417,0.671022,0.683329,0.695293,0.706974,0.718331,0.729422,0.740212,0.750758,0.761033,0.771091,0.780912,0.790554,0.800000,1.000000,0.986256,0.972656,0.959177,0.945883,0.932747,0.919835,0.907120,0.894673,0.882463,0.870567,0.858954,0.847707,0.836793,0.826302,0.816198,0.806577,0.797403,0.788776,0.780655,0.773148,0.766206,0.759940,0.754295,0.749383,0.745143,0.741682,0.738931,0.736994,0.735793,0.735421,0.735794,0.736996,0.738936,0.741684,0.745149,0.749385,0.754302,0.759942,0.766214,0.773150,0.780665,0.788778,0.797413,0.806579,0.816209,0.826304,0.836805,0.847709,0.858968,0.870570,0.882477,0.894675,0.907135,0.919837,0.932761,0.945883,0.959191,0.972656,0.986269,1.000000
35.3000,-0.000000,0.009453,0.019093,0.028930,0.038993,0.049287,0.059839,0.070648,0.081742,0.093116,0.104796,0.116775,0.129076,0.141689,0.154636,0.167901,0.181504,0.195424,0.209674,0.224231,0.239099,0.254253,0.269686,0.285371,0.301290,0.317413,0.333711,0.350157,0.366708,0.383340,0.400001,0.416673,0.433295,0.449857,0.466291,0.482600,0.498713,0.514642,0.530316,0.545760,0.560904,0.575782,0.590330,0.604589,0.618500,0.632111,0.645367,0.658323,0.670927,0.683237,0.695207,0.706895,0.718261,0.729362,0.740163,0.750722,0.761008,0.771077,0.780907,0.790554,0.800000,1.000000,0.986256,0.972660,0.959188,0.945902,0.932777,0.919876,0.907171,0.894734,0.882532,0.870644,0.859036,0.847792,0.836878,0.826384,0.816274,0.806644,0.797458,0.788816,0.780677,0.773149,0.766185,0.759897,0.754230,0.749296,0.745036,0.741558,0.738793,0.736845,0.735636,0.735261,0.735637,0.736844,0.738795,0.741557,0.745039,0.749295,0.754233,0.759894,0.766188,0.773145,0.780680,0.788812,0.797462,0.806641,0.816280,0.826380,0.836885,0.847789,0.859044,0.870641,0.882541,0.894731,0.907181,0.919874,0.932788,0.945901,0.959201,0.972660,0.986269,1.000000
35.4000,-0.000000,0.009453,0.019086,0.028911,0.038959,0.049238,0.059772,0.070566,0.081645,0.093006,0.104676,0.116648,0.128946,0.141559,0.154510,0.167781,0.181392,0.195323,0.209586,0.224156,0.239038,0.254205,0.269650,0.285346,0.301273,0.317403,0.333706,0.350155,0.366708,0.383341,0.400002,0.416674,0.433296,0.449859,0.466297,0.482611,0.498731,0.514669,0.530353,0.545809,0.560966,0.575858,0.590418,0.604689,0.618611,0.632230,0.645493,0.658452,0.671056,0.683364,0.695327,0.707006,0.718359,0.729446,0.740231,0.750772,0.761042,0.771096,0.780914,0.790554,0.800000,1.000000,0.986256,0.972655,0.959174,0.945878,0.932739,0.919825,0.907106,0.894655,0.882443,0.870544,0.858930,0.847682,0.836768,0.826278,0.816176,0.806559,0.797389,0.788767,0.780653,0.773151,0.766216,0.759957,0.754320,0.749415,0.745181,0.741726,0.738980,0.737046,0.735846,0.735474,0.735846,0.737044,0.738981,0.741724,0.745183,0.749413,0.754322,0.759954,0.766219,0.773148,0.780656,0.788764,0.797394,0.806557,0.816183,0.826276,0.836776,0.847680,0.858938,0.870542,0.882452,0.894653,0.907116,0.919822,0.932750,0.945877,0.959187,0.972655,0.986269,1.000000
35.5000,-0.000000,0.009453,0.019093,0.028930,0.038993,0.049289,0.059841,0.070651,0.081745,0.093120,0.104801,0.116780,0.129082,0.141695,0.154641,0.167906,0.181508,0.195427,0.209677,0.224233,0.239101,0.254254,0.269687,0.285371,0.301289,0.317412,0.333710,0.350155,0.366706,0.383339,0.399999,0.416672,0.433293,0.449855,0.466289,0.482598,0.498710,0.514639,0.530312,0.545755,0.560898,0.575775,0.590322,0.604580,0.618490,0.632101,0.645357,0.658312,0.670916,0.683226,0.695197,0.706886,0.718253,0.729355,0.740158,0.750718,0.761006,0.771077,0.780907,0.790554,0.800000,1.000000,0.986256,0.972660,0.959188,0.945903,0.932778,0.919877,0.907173,0.894736,0.882535,0.870647,0.859040,0.847796,0.836883,0.826388,0.816277,0.806647,0.797459,0.788816,0.780676,0.773147,0.766182,0.759892,0.754224,0.749289,0.745027,0.741548,0.738781,0.736832,0.735623,0.735248,0.735624,0.736833,0.738784,0.741548,0.745032,0.749289,0.754229,0.759892,0.766188,0.773147,0.780684,0.788817,0.797468,0.806648,0.816288,0.826389,0.836894,0.847798,0.859053,0.870649,0.882549,0.894738,0.907187,0.919878,0.932791,0.945903,0.959202,0.972660,0.986269,1.000000
35.6000,-0.000000,0.009453,0.019086,0.028913,0.038963,0.049243,0.059779,0.070574,0.081655,0.093018,0.104690,0.116662,0.128961,0.141574,0.154523,0.167794,0.181404,0.195333,0.209594,0.224162,0.239042,0.254207,0.269651,0.285345,0.301271,0.317401,0.333703,0.350152,0.366704,0.383337,0.399998,0.416670,0.433292,0.449855,0.466292,0.482606,0.498724,0.514661,0.530344,0.545797,0.560953,0.575843,0.590402,0.604672,0.618592,0.632211,0.645473,0.658431,0.671035,0.683342,0.695306,0.706987,0.718342,0.729431,0.740219,0.750763,0.761036,0.771093,0.780913,0.790554,0.800000,1.000000,0.986256,0.972655,0.959176,0.945880,0.932743,0.919830,0.907114,0.894664,0.882453,0.870556,0.858942,0.847695,0.836781,0.826289,0.816186,0.806567,0.797395,0.788770,0.780652,0.773147,0.766208,0.759945,0.754304,0.749396,0.745158,0.741700,0.738952,0.737016,0.735816,0.735444,0.735818,0.737018,0.738957,0.741703,0.745166,0.749400,0.754313,0.759950,0.766219,0.773152,0.780664,0.788774,0.797407,0.806571,0.816199,0.826293,0.836794,0.847698,0.858956,0.870558,0.882467,0.894667,0.907128,0.919832,0.932757,0.945881,0.959189,0.972656,0.986269,1.000000
35.7000,-0.000000,0.009453,0.019091,0.028925,0.038983,0.049274,0.059821,0.070627,0.081717,0.093088,0.104765,0.116742,0.129043,0.141655,0.154603,0.167870,0.181474,0.195397,0.209650,0.224210,0.239082,0.254239,0.269676,0.285363,0.301284,0.317409,0.333708,0.350155,0.366706,0.383339,0.400000,0.416672,0.433293,0.449856,0.466291,0.482601,0.498716,0.514647,0.530324,0.545770,0.560917,0.575799,0.590349,0.604612,0.618525,0.632139,0.645397,0.658354,0.670958,0.683267,0.695235,0.706921,0.718284,0.729382,0.740179,0.750734,0.761016,0.771082,0.780909,0.790554,0.800000,1.000000,0.986256,0.972659,0.959184,0.945895,0.932767,0.919862,0.907154,0.894713,0.882509,0.870618,0.859009,0.847763,0.836849,0.826355,0.816247,0.806621,0.797438,0.788801,0.780668,0.773147,0.766191,0.759910,0.754251,0.749325,0.745071,0.741599,0.738840,0.736895,0.735689,0.735315,0.735689,0.736894,0.738841,0.741599,0.745076,0.749326,0.754257,0.759911,0.766199,0.773149,0.780677,0.788802,0.797448,0.806622,0.816258,0.826356,0.836859,0.847763,0.859019,0.870618,0.882520,0.894713,0.907166,0.919862,0.932780,0.945896,0.959198,0.972659,0.986269,1.000000
35.8000,-0.000000,0.009453,0.019090,0.028921,0.038977,0.049265,0.059809,0.070611,0.081698,0.093067,0.104743,0.116719,0.129019,0.141632,0.154581,0.167849,0.181455,0.195380,0.209636,0.224199,0.239073,0.254233,0.269672,0.285361,0.301283,0.317410,0.333710,0.350157,0.366709,0.383342,0.400003,0.416675,0.433296,0.449859,0.466295,0.482606,0.498721,0.514655,0.530334,0.545783,0.560932,0.575816,0.590370,0.604634,0.618550,0.632165,0.645424,0.658381,0.670985,0.683293,0.695260,0.706944,0.718303,0.729399,0.740193,0.750744,0.761023,0.771086,0.780910,0.790554,0.800000,1.000000,0.986256,0.972658,0.959182,0.945891,0.932759,0.919852,0.907142,0.894699,0.882492,0.870600,0.858989,0.847744,0.836830,0.826337,0.816231,0.806607,0.797428,0.788795,0.780667,0.773151,0.766200,0.759925,0.754271,0.749350,0.745102,0.741634,0.738877,0.736935,0.735730,0.735356,0.735729,0.736932,0.738876,0.741629,0.745100,0.749345,0.754270,0.759919,0.766201,0.773146,0.780669,0.788790,0.797431,0.806602,0.816236,0.826333,0.836836,0.847740,0.858997,0.870597,0.882502,0.894697,0.907153,0.919851,0.932771,0.945890,0.959195,0.972658,0.986269,1.000000
35.9000,-0.000000,0.009453,0.019088,0.028916,0.038968,0.049251,0.059791,0.070589,0.081673,0.093039,0.104712,0.116686,0.128985,0.141599,0.154548,0.167817,0.181426,0.195353,0.209612,0.224179,0.239057,0.254220,0.269661,0.285353,0.301277,0.317406,0.333707,0.350155,0.366707,0.383340,0.400001,0.416673,0.433295,0.449858,0.466295,0.482607,0.498725,0.514660,0.530341,0.545793,0.560946,0.575834,0.590391,0.604659,0.618577,0.632195,0.645455,0.658413,0.671017,0.683324,0.695289,0.706970,0.718327,0.729419,0.740209,0.750756,0.761032,0.771091,0.780912,0.790554,0.800000,1.000000,0.986256,0.972656,0.959178,0.945885,0.932750,0.919839,0.907125,0.894678,0.882469,0.870574,0.858962,0.847715,0.836802,0.826310,0.816206,0.806585,0.797409,0.788782,0.780660,0.773151,0.766207,0.759939,0.754293,0.749379,0.745136,0.741674,0.738923,0.736984,0.735782,0.735410,0.735783,0.736985,0.738925,0.741674,0.745140,0.749378,0.754296,0.759937,0.766211,0.773148,0.780665,0.788779,0.797415,0.806582,0.816212,0.826307,0.836809,0.847713,0.858971,0.870573,0.882480,0.894678,0.907137,0.919839,0.932763,0.945884,0.959191,0.972656,0.986269,1.000000
36.0000,-0.000000,0.009453,0.019093,0.028929,0.038990,0.049284,0.059834,0.070642,0.081735,0.093108,0.104787,0.116765,0.129066,0.141679,0.154627,0.167892,0.181495,0.195415,0.209666,0.224223,0.239093,0.254247,0.269681,0.285367,0.301286,0.317409,0.333708,0.350154,0.366705,0.383337,0.399998,0.416670,0.433291,0.449854,0.466288,0.482598,0.498710,0.514640,0.530315,0.545759,0.560903,0.575783,0.590331,0.604591,0.618502,0.632114,0.645370,0.658326,0.670931,0.683240,0.695210,0.706898,0.718264,0.729365,0.740166,0.750724,0.761010,0.771078,0.780907,0.790554,0.800000,1.000000,0.986256,0.972660,0.959187,0.945900,0.932774,0.919872,0.907167,0.894728,0.882526,0.870636,0.859028,0.847783,0.836869,0.826375,0.816265,0.806636,0.797450,0.788809,0.780671,0.773145,0.766183,0.759896,0.754231,0.749299,0.745041,0.741564,0.738800,0.736853,0.735645,0.735271,0.735647,0.736855,0.738806,0.741568,0.745049,0.749304,0.754241,0.759900,0.766194,0.773149,0.780683,0.788813,0.797462,0.806640,0.816278,0.826378,0.836883,0.847786,0.859041,0.870638,0.882539,0.894729,0.907179,0.919872,0.932787,0.945900,0.959200,0.972660,0.986269,1.000000
36.1000,-0.000000,0.009453,0.019086,0.028911,0.038960,0.049238,0.059773,0.070567,0.081646,0.093008,0.104678,0.116650,0.128947,0.141560,0.154510,0.167781,0.181392,0.195323,0.209585,0.224154,0.239036,0.254203,0.269648,0.285343,0.301270,0.317400,0.333703,0.350152,0.366704,0.383337,0.399998,0.416670,0.433292,0.449856,0.466293,0.482607,0.498726,0.514664,0.530348,0.545803,0.560960,0.575850,0.590410,0.604681,0.618602,0.632222,0.645484,0.658443,0.671048,0.683356,0.695320,0.706999,0.718353,0.729441,0.740227,0.750769,0.761040,0.771095,0.780914,0.790554,0.800000,1.000000,0.986256,0.972655,0.959175,0.945878,0.932740,0.919825,0.907107,0.894657,0.882444,0.870546,0.858931,0.847683,0.836769,0.826278,0.816176,0.806559,0.797388,0.788766,0.780650,0.773148,0.766212,0.759952,0.754314,0.749409,0.745175,0.741719,0.738972,0.737038,0.735838,0.735466,0.735839,0.737038,0.738976,0.741720,0.745180,0.749411,0.754322,0.759955,0.766222,0.773152,0.780662,0.788770,0.797401,0.806564,0.816191,0.826284,0.836784,0.847687,0.858945,0.870548,0.882457,0.894658,0.907120,0.919825,0.932753,0.945878,0.959188,0.972655,0.986269,1.000000
36.2000,-0.000000,0.009453,0.019093,0.028930,0.038993,0.049288,0.059840,0.070650,0.081745,0.093119,0.104800,0.116779,0.129081,0.141695,0.154642,0.167907,0.181509,0.195428,0.209677,0.224234,0.239102,0.254255,0.269688,0.285372,0.301291,0.317414,0.333712,0.350157,0.366708,0.383340,0.400001,0.416673,0.433294,0.449856,0.466291,0.482600,0.498712,0.514641,0.530315,0.545758,0.560902,0.575779,0.590326,0.604584,0.618494,0.632105,0.645361,0.658317,0.670921,0.683231,0.695201,0.706890,0.718255,0.729358,0.740160,0.750719,0.761006,0.771076,0.780907,0.790554,0.800000,1.000000,0.986256,0.972660,0.959188,0.945902,0.932777,0.919877,0.907173,0.894735,0.882535,0.870647,0.859040,0.847796,0.836883,0.826388,0.816279,0.806648,0.797461,0.788817,0.780678,0.773149,0.766184,0.759894,0.754227,0.749292,0.745031,0.741552,0.738786,0.736837,0.735627,0.735252,0.735628,0.736835,0.738787,0.741550,0.745033,0.749290,0.754229,0.759892,0.766187,0.773146,0.780682,0.788814,0.797465,0.806644,0.816284,0.826385,0.836890,0.847794,0.859049,0.870646,0.882546,0.894735,0.907185,0.919877,0.932790,0.945903,0.959202,0.972660,0.986269,1.000000
36.3000,-0.000000,0.009453,0.019087,0.028914,0.038964,0.049244,0.059781,0.070576,0.081657,0.093021,0.104693,0.116666,0.128965,0.141578,0.154528,0.167799,0.181409,0.195338,0.209599,0.224167,0.239047,0.254212,0.269656,0.285350,0.301276,0.317405,0.333707,0.350156,0.366708,0.383341,0.400002,0.416674,0.433296,0.449859,0.466297,0.482610,0.498728,0.514665,0.530349,0.545803,0.560958,0.575848,0.590407,0.604677,0.618597,0.632216,0.645478,0.658436,0.671040,0.683347,0.695311,0.706990,0.718345,0.729433,0.740220,0.750764,0.761037,0.771093,0.780913,0.790554,0.800000,1.000000,0.986256,0.972656,0.959176,0.945881,0.932744,0.919831,0.907115,0.894665,0.882455,0.870558,0.858945,0.847698,0.836785,0.826294,0.816191,0.806572,0.797399,0.788775,0.780657,0.773152,0.766213,0.759950,0.754308,0.749400,0.745162,0.741703,0.738955,0.737018,0.735817,0.735445,0.735818,0.737018,0.738956,0.741702,0.745164,0.749397,0.754310,0.759946,0.766215,0.773147,0.780659,0.788770,0.797402,0.806566,0.816194,0.826288,0.836789,0.847693,0.858952,0.870555,0.882464,0.894664,0.907125,0.919830,0.932756,0.945880,0.959189,0.972656,0.986269,1.000000
36.4000,-0.000000,0.009453,0.019091,0.028926,0.038985,0.049276,0.059823,0.070629,0.081719,0.093090,0.104768,0.116745,0.129045,0.141658,0.154606,0.167872,0.181476,0.195399,0.209652,0.224212,0.239084,0.254241,0.269677,0.285364,0.301285,0.317410,0.333709,0.350155,0.366707,0.383339,0.400000,0.416672,0.433293,0.449856,0.466291,0.482601,0.498715,0.514646,0.530322,0.545768,0.560915,0.575797,0.590347,0.604609,0.618522,0.632135,0.645394,0.658350,0.670955,0.683264,0.695233,0.706919,0.718282,0.729380,0.740178,0.750733,0.761016,0.771082,0.780909,0.790554,0.800000,1.000000,0.986256,0.972659,0.959185,0.945896,0.932768,0.919864,0.907156,0.894715,0.882511,0.870620,0.859011,0.847766,0.836852,0.826358,0.816250,0.806623,0.797440,0.788802,0.780669,0.773148,0.766191,0.759909,0.754250,0.749323,0.745069,0.741596,0.738835,0.736890,0.735683,0.735309,0.735683,0.736889,0.738836,0.741595,0.745072,0.749322,0.754254,0.759909,0.766198,0.773149,0.780678,0.788804,0.797450,0.806624,0.816260,0.826359,0.836863,0.847766,0.859022,0.870620,0.882522,0.894715,0.907168,0.919863,0.932780,0.945896,0.959198,0.972659,0.986269,1.000000
36.5000,-0.000000,0.009453,0.019089,0.028920,0.038974,0.049261,0.059804,0.070605,0.081691,0.093059,0.104734,0.116710,0.129009,0.141622,0.154570,0.167839,0.181445,0.195371,0.209627,0.224190,0.239065,0.254226,0.269665,0.285355,0.301278,0.317404,0.333705,0.350153,0.366704,0.383337,0.399998,0.416670,0.433292,0.449854,0.466290,0.482602,0.498717,0.514651,0.530330,0.545779,0.560929,0.575813,0.590368,0.604633,0.618549,0.632165,0.645424,0.658382,0.670986,0.683294,0.695262,0.706945,0.718305,0.729400,0.740194,0.750745,0.761024,0.771086,0.780910,0.790554,0.800000,1.000000,0.986256,0.972657,0.959180,0.945889,0.932756,0.919849,0.907137,0.894693,0.882486,0.870592,0.858981,0.847735,0.836821,0.826328,0.816222,0.806598,0.797420,0.788788,0.780661,0.773146,0.766196,0.759922,0.754270,0.749351,0.745103,0.741637,0.738881,0.736940,0.735736,0.735364,0.735738,0.736942,0.738886,0.741639,0.745110,0.749354,0.754279,0.759926,0.766207,0.773151,0.780673,0.788793,0.797433,0.806603,0.816236,0.826333,0.836835,0.847739,0.858996,0.870596,0.882501,0.894695,0.907151,0.919851,0.932771,0.945890,0.959195,0.972658,0.986269,1.000000
36.6000,-0.000000,0.009453,0.019088,0.028917,0.038970,0.049253,0.059794,0.070593,0.081677,0.093043,0.104717,0.116691,0.128990,0.141603,0.154552,0.167821,0.181429,0.195356,0.209614,0.224180,0.239057,0.254219,0.269660,0.285352,0.301276,0.317403,0.333705,0.350153,0.366705,0.383338,0.399999,0.416671,0.433292,0.449856,0.466292,0.482605,0.498722,0.514656,0.530337,0.545788,0.560940,0.575828,0.590384,0.604651,0.618569,0.632187,0.645447,0.658404,0.671009,0.683316,0.695282,0.706964,0.718322,0.729414,0.740206,0.750754,0.761030,0.771090,0.780912,0.790554,0.800000,1.000000,0.986256,0.972657,0.959179,0.945885,0.932751,0.919841,0.907128,0.894682,0.882473,0.870578,0.858966,0.847719,0.836805,0.826313,0.816209,0.806587,0.797411,0.788782,0.780659,0.773149,0.766203,0.759933,0.754285,0.749370,0.745127,0.741665,0.738913,0.736975,0.735773,0.735401,0.735774,0.736977,0.738918,0.741668,0.745135,0.749374,0.754294,0.759937,0.766212,0.773151,0.780669,0.788784,0.797421,0.806589,0.816219,0.826315,0.836817,0.847721,0.858978,0.870579,0.882486,0.894683,0.907141,0.919842,0.932764,0.945886,0.959192,0.972657,0.986269,1.000000
36.7000,-0.000000,0.009453,0.019092,0.028928,0.038989,0.049282,0.059832,0.070640,0.081733,0.093106,0.104785,0.116763,0.129064,0.141677,0.154624,0.167890,0.181494,0.195415,0.209666,0.224224,0.239094,0.254250,0.269684,0.285370,0.301290,0.317414,0.333712,0.350158,0.366709,0.383342,0.400002,0.416675,0.433296,0.449858,0.466293,0.482603,0.498716,0.514645,0.530321,0.545766,0.560911,0.575791,0.590339,0.604600,0.618511,0.632123,0.645380,0.658336,0.670940,0.683250,0.695219,0.706906,0.718271,0.729371,0.740171,0.750728,0.761013,0.771081,0.780908,0.790554,0.800000,1.000000,0.986256,0.972660,0.959187,0.945899,0.932773,0.919870,0.907165,0.894726,0.882523,0.870634,0.859026,0.847781,0.836868,0.826373,0.816264,0.806636,0.797451,0.788810,0.780675,0.773150,0.766189,0.759904,0.754240,0.749309,0.745052,0.741575,0.738812,0.736864,0.735656,0.735281,0.735656,0.736863,0.738812,0.741572,0.745051,0.749305,0.754240,0.759898,0.766190,0.773145,0.780677,0.788806,0.797455,0.806632,0.816270,0.826370,0.836874,0.847778,0.859034,0.870631,0.882533,0.894723,0.907174,0.919868,0.932784,0.945898,0.959199,0.972659,0.986269,1.000000
36.8000,-0.000000,0.009453,0.019086,0.028912,0.038961,0.049241,0.059777,0.070571,0.081652,0.093014,0.104685,0.116657,0.128955,0.141569,0.154519,0.167790,0.181401,0.195331,0.209592,0.224162,0.239043,0.254209,0.269653,0.285348,0.301274,0.317404,0.333707,0.350156,0.366708,0.383341,0.400002,0.416674,0.433296,0.449859,0.466297,0.482610,0.498730,0.514667,0.530351,0.545805,0.560961,0.575851,0.590411,0.604682,0.618603,0.632222,0.645484,0.658443,0.671047,0.683353,0.695317,0.706996,0.718350,0.729438,0.740224,0.750768,0.761039,0.771095,0.780914,0.790554,0.800000,1.000000,0.986256,0.972655,0.959175,0.945879,0.932742,0.919828,0.907111,0.894661,0.882449,0.870551,0.858937,0.847690,0.836776,0.826285,0.816183,0.806566,0.797394,0.788772,0.780655,0.773152,0.766215,0.759953,0.754314,0.749407,0.745171,0.741714,0.738967,0.737031,0.735830,0.735458,0.735830,0.737030,0.738967,0.741712,0.745172,0.749404,0.754315,0.759949,0.766217,0.773148,0.780659,0.788768,0.797399,0.806563,0.816190,0.826283,0.836784,0.847688,0.858947,0.870550,0.882459,0.894660,0.907122,0.919827,0.932754,0.945879,0.959188,0.972655,0.986269,1.000000
36.9000,-0.000000,0.009453,0.019093,0.028930,0.038992,0.049287,0.059838,0.070648,0.081742,0.093116,0.104796,0.116775,0.129077,0.141690,0.154636,0.167901,0.181503,0.195423,0.209673,0.224229,0.239098,0.254251,0.269685,0.285369,0.301288,0.317411,0.333709,0.350155,0.366705,0.383338,0.399999,0.416671,0.433292,0.449854,0.466288,0.482597,0.498710,0.514639,0.530313,0.545756,0.560900,0.575778,0.590325,0.604584,0.618494,0.632105,0.645361,0.658317,0.670921,0.683232,0.695202,0.706891,0.718256,0.729359,0.740160,0.750720,0.761007,0.771077,0.780907,0.790554,0.800000,1.000000,0.986256,0.972660,0.959187,0.945902,0.932776,0.919875,0.907170,0.894733,0.882532,0.870644,0.859037,0.847792,0.836878,0.826383,0.816273,0.806643,0.797456,0.788813,0.780674,0.773146,0.766181,0.759892,0.754225,0.749292,0.745031,0.741553,0.738788,0.736840,0.735631,0.735257,0.735632,0.736841,0.738792,0.741556,0.745038,0.749295,0.754234,0.759896,0.766191,0.773149,0.780684,0.788815,0.797466,0.806645,0.816284,0.826385,0.836890,0.847794,0.859049,0.870645,0.882545,0.894735,0.907184,0.919876,0.932790,0.945903,0.959201,0.972660,0.986269,1.000000
37.0000,-0.000000,0.009453,0.019087,0.028913,0.038963,0.049243,0.059779,0.070574,0.081655,0.093018,0.104689,0.116662,0.128960,0.141573,0.154523,0.167793,0.181403,0.195332,0.209593,0.224161,0.239042,0.254207,0.269651,0.285345,0.301271,0.317401,0.333703,0.350152,0.366704,0.383337,0.399998,0.416670,0.433292,0.449855,0.466292,0.482606,0.498724,0.514660,0.530344,0.545798,0.560953,0.575842,0.590401,0.604671,0.618591,0.632211,0.645472,0.658431,0.671036,0.683343,0.695308,0.706988,0.718343,0.729432,0.740220,0.750764,0.761037,0.771093,0.780913,0.790554,0.800000,1.000000,0.986256,0.972656,0.959176,0.945880,0.932743,0.919830,0.907113,0.894664,0.882452,0.870555,0.858942,0.847694,0.836780,0.826289,0.816186,0.806567,0.797394,0.788769,0.780651,0.773147,0.766208,0.759945,0.754305,0.749396,0.745159,0.741701,0.738953,0.737017,0.735817,0.735445,0.735819,0.737019,0.738958,0.741704,0.745166,0.749400,0.754313,0.759950,0.766219,0.773152,0.780664,0.788775,0.797408,0.806572,0.816200,0.826293,0.836794,0.847698,0.858956,0.870558,0.882467,0.894666,0.907127,0.919831,0.932757,0.945881,0.959189,0.972656,0.986269,1.000000
37.1000,-0.000000,0.009453,0.019092,0.028926,0.038985,0.049276,0.059824,0.070630,0.081721,0.093092,0.104770,0.116747,0.129048,0.141661,0.154609,0.167875,0.181480,0.195402,0.209655,0.224214,0.239086,0.254242,0.269678,0.285365,0.301286,0.317410,0.333709,0.350156,0.366707,0.383340,0.400000,0.416672,0.433294,0.449856,0.466291,0.482602,0.498716,0.514647,0.530323,0.545769,0.560915,0.575796,0.590346,0.604608,0.618521,0.632134,0.645391,0.658348,0.670952,0.683261,0.695230,0.706916,0.718279,0.729378,0.740176,0.750732,0.761015,0.771081,0.780909,0.790554,0.800000,1.000000,0.986256,0.972659,0.959185,0.945897,0.932768,0.919864,0.907157,0.894716,0.882512,0.870622,0.859013,0.847768,0.836854,0.826360,0.816252,0.806626,0.797442,0.788804,0.780671,0.773149,0.766191,0.759909,0.754249,0.749321,0.745066,0.741592,0.738831,0.736886,0.735679,0.735305,0.735679,0.736885,0.738833,0.741591,0.745069,0.749320,0.754252,0.759907,0.766196,0.773147,0.780677,0.788803,0.797450,0.806625,0.816261,0.826361,0.836864,0.847768,0.859024,0.870622,0.882524,0.894716,0.907169,0.919864,0.932781,0.945896,0.959198,0.972659,0.986269,1.000000
37.2000,-0.000000,0.009453,0.019089,0.028920,0.038975,0.049261,0.059804,0.070605,0.081692,0.093059,0.104734,0.116710,0.129009,0.141623,0.154571,0.167840,0.181447,0.195373,0.209629,0.224193,0.239069,0.254229,0.269669,0.285359,0.301282,0.317409,0.333710,0.350157,0.366709,0.383341,0.400002,0.416674,0.433296,0.449859,0.466295,0.482607,0.498723,0.514657,0.530337,0.545786,0.560937,0.575823,0.590377,0.604643,0.618559,0.632174,0.645434,0.658391,0.670995,0.683304,0.695269,0.706953,0.718312,0.729405,0.740198,0.750748,0.761026,0.771087,0.780911,0.790554,0.800000,1.000000,0.986256,0.972657,0.959180,0.945889,0.932757,0.919849,0.907137,0.894693,0.882486,0.870592,0.858982,0.847735,0.836822,0.826329,0.816224,0.806601,0.797423,0.788791,0.780665,0.773151,0.766202,0.759929,0.754277,0.749359,0.745112,0.741646,0.738891,0.736949,0.735745,0.735371,0.735745,0.736947,0.738890,0.741643,0.745113,0.749355,0.754278,0.759925,0.766204,0.773146,0.780667,0.788785,0.797425,0.806595,0.816228,0.826325,0.836827,0.847731,0.858988,0.870589,0.882495,0.894690,0.907147,0.919848,0.932769,0.945889,0.959194,0.972657,0.986269,1.000000
37.3000,-0.000000,0.009453,0.019088,0.028918,0.038972,0.049256,0.059798,0.070598,0.081683,0.093049,0.104723,0.116698,0.128997,0.141610,0.154559,0.167828,0.181436,0.195362,0.209620,0.224185,0.239061,0.254223,0.269664,0.285355,0.301278,0.317406,0.333707,0.350155,0.366707,0.383340,0.400001,0.416673,0.433294,0.449857,0.466294,0.482606,0.498723,0.514657,0.530338,0.545788,0.560940,0.575827,0.590382,0.604649,0.618566,0.632183,0.645443,0.658400,0.671005,0.683312,0.695278,0.706961,0.718319,0.729412,0.740203,0.750752,0.761029,0.771089,0.780912,0.790554,0.800000,1.000000,0.986256,0.972657,0.959179,0.945887,0.932753,0.919844,0.907131,0.894686,0.882478,0.870583,0.858972,0.847725,0.836811,0.826319,0.816214,0.806592,0.797415,0.788785,0.780661,0.773149,0.766203,0.759932,0.754283,0.749367,0.745123,0.741658,0.738906,0.736966,0.735763,0.735390,0.735763,0.736965,0.738907,0.741658,0.745125,0.749366,0.754287,0.759931,0.766208,0.773148,0.780667,0.788784,0.797422,0.806590,0.816222,0.826317,0.836819,0.847723,0.858981,0.870582,0.882488,0.894685,0.907142,0.919843,0.932766,0.945886,0.959192,0.972657,0.986269,1.000000
37.4000,-0.000000,0.009453,0.019091,0.028926,0.038986,0.049278,0.059827,0.070634,0.081725,0.093097,0.104776,0.116753,0.129054,0.141667,0.154614,0.167880,0.181484,0.195405,0.209657,0.224216,0.239087,0.254243,0.269678,0.285364,0.301284,0.317409,0.333707,0.350154,0.366705,0.383337,0.399998,0.416670,0.433291,0.449854,0.466289,0.482599,0.498712,0.514642,0.530318,0.545763,0.560909,0.575789,0.590339,0.604599,0.618511,0.632124,0.645382,0.658338,0.670942,0.683251,0.695220,0.706907,0.718272,0.729372,0.740171,0.750728,0.761013,0.771080,0.780908,0.790554,0.800000,1.000000,0.986256,0.972659,0.959185,0.945897,0.932769,0.919866,0.907160,0.894720,0.882517,0.870626,0.859018,0.847773,0.836859,0.826365,0.816256,0.806628,0.797444,0.788805,0.780670,0.773146,0.766187,0.759902,0.754240,0.749311,0.745055,0.741580,0.738818,0.736872,0.735666,0.735292,0.735667,0.736874,0.738822,0.741582,0.745060,0.749313,0.754247,0.759905,0.766196,0.773150,0.780681,0.788809,0.797456,0.806632,0.816269,0.826369,0.836873,0.847776,0.859032,0.870630,0.882532,0.894723,0.907174,0.919868,0.932783,0.945898,0.959199,0.972659,0.986269,1.000000
37.5000,-0.000000,0.009453,0.019086,0.028913,0.038962,0.049242,0.059778,0.070573,0.081654,0.093016,0.104687,0.116660,0.128958,0.141570,0.154520,0.167791,0.181401,0.195331,0.209592,0.224161,0.239041,0.254207,0.269651,0.285345,0.301271,0.317401,0.333703,0.350152,0.366704,0.383337,0.399998,0.416670,0.433292,0.449855,0.466293,0.482606,0.498725,0.514662,0.530345,0.545799,0.560954,0.575844,0.590404,0.604674,0.618595,0.632214,0.645476,0.658435,0.671039,0.683346,0.695310,0.706990,0.718345,0.729434,0.740221,0.750766,0.761038,0.771094,0.780914,0.790554,0.800000,1.000000,0.986256,0.972655,0.959175,0.945879,0.932742,0.919829,0.907113,0.894663,0.882451,0.870554,0.858940,0.847692,0.836778,0.826286,0.816184,0.806565,0.797393,0.788770,0.780652,0.773148,0.766210,0.759948,0.754307,0.749399,0.745162,0.741705,0.738958,0.737022,0.735822,0.735451,0.735824,0.737024,0.738962,0.741708,0.745169,0.749402,0.754316,0.759952,0.766220,0.773153,0.780664,0.788774,0.797406,0.806569,0.816197,0.826290,0.836791,0.847695,0.858953,0.870556,0.882465,0.894665,0.907126,0.919830,0.932755,0.945880,0.959189,0.972655,0.986269,1.000000
37.6000,-0.000000,0.009453,0.019093,0.028930,0.038992,0.049287,0.059838,0.070648,0.081742,0.093116,0.104796,0.116775,0.129076,0.141689,0.154636,0.167901,0.181504,0.195424,0.209674,0.224231,0.239099,0.254253,0.269687,0.285372,0.301290,0.317413,0.333711,0.350157,0.366708,0.383340,0.400001,0.416673,0.433295,0.449857,0.466291,0.482600,0.498713,0.514642,0.530316,0.545760,0.560904,0.575782,0.590330,0.604589,0.618500,0.632111,0.645367,0.658323,0.670927,0.683237,0.695207,0.706895,0.718261,0.729362,0.740163,0.750722,0.761009,0.771078,0.780907,0.790554,0.800000,1.000000,0.986256,0.972660,0.959187,0.945902,0.932776,0.919875,0.907171,0.894733,0.882532,0.870643,0.859036,0.847791,0.836877,0.826383,0.816273,0.806643,0.797456,0.788814,0.780676,0.773148,0.766185,0.759896,0.754230,0.749297,0.745036,0.741558,0.738793,0.736845,0.735637,0.735262,0.735637,0.736844,0.738795,0.741557,0.745039,0.749295,0.754233,0.759894,0.766188,0.773145,0.780680,0.788811,0.797462,0.806640,0.816279,0.826380,0.836885,0.847789,0.859044,0.870641,0.882541,0.894731,0.907181,0.919874,0.932788,0.945901,0.959200,0.972660,0.986269,1.000000
37.7000,-0.000000,0.009453,0.019087,0.028913,0.038963,0.049244,0.059781,0.070576,0.081657,0.093021,0.104693,0.116666,0.128965,0.141578,0.154528,0.167799,0.181409,0.195338,0.209599,0.224167,0.239048,0.254213,0.269656,0.285350,0.301276,0.317406,0.333708,0.350156,0.366709,0.383342,0.400002,0.416675,0.433296,0.449860,0.466297,0.482611,0.498729,0.514666,0.530349,0.545803,0.560958,0.575848,0.590407,0.604676,0.618596,0.632215,0.645476,0.658435,0.671039,0.683346,0.695310,0.706990,0.718345,0.729433,0.740221,0.750765,0.761037,0.771094,0.780913,0.790554,0.800000,1.000000,0.986256,0.972656,0.959176,0.945881,0.932744,0.919831,0.907115,0.894666,0.882455,0.870558,0.858945,0.847698,0.836784,0.826294,0.816191,0.806572,0.797400,0.788775,0.780657,0.773152,0.766214,0.759950,0.754309,0.749400,0.745163,0.741704,0.738955,0.737019,0.735818,0.735445,0.735817,0.737017,0.738955,0.741700,0.745162,0.749395,0.754309,0.759944,0.766214,0.773146,0.780659,0.788770,0.797403,0.806567,0.816195,0.826289,0.836791,0.847695,0.858953,0.870556,0.882465,0.894664,0.907126,0.919830,0.932756,0.945880,0.959189,0.972656,0.986269,1.000000
37.8000,-0.000000,0.009453,0.019092,0.028926,0.038986,0.049277,0.059825,0.070631,0.081722,0.093094,0.104772,0.116749,0.129050,0.141663,0.154610,0.167877,0.181481,0.195403,0.209655,0.224215,0.239086,0.254242,0.269678,0.285365,0.301285,0.317410,0.333709,0.350155,0.366706,0.383339,0.400000,0.416672,0.433293,0.449856,0.466291,0.482601,0.498715,0.514645,0.530322,0.545767,0.560914,0.575794,0.590345,0.604606,0.618519,0.632131,0.645389,0.658346,0.670950,0.683260,0.695228,0.706915,0.718278,0.729377,0.740175,0.750731,0.761015,0.771081,0.780908,0.790554,0.800000,1.000000,0.986256,0.972659,0.959185,0.945897,0.932769,0.919865,0.907158,0.894717,0.882514,0.870623,0.859014,0.847769,0.836855,0.826362,0.816253,0.806626,0.797442,0.788804,0.780670,0.773147,0.766189,0.759906,0.754246,0.749318,0.745063,0.741589,0.738827,0.736881,0.735674,0.735300,0.735675,0.736882,0.738830,0.741589,0.745067,0.749318,0.754250,0.759906,0.766196,0.773148,0.780678,0.788805,0.797451,0.806627,0.816263,0.826362,0.836866,0.847769,0.859025,0.870623,0.882526,0.894718,0.907170,0.919865,0.932781,0.945897,0.959198,0.972659,0.986269,1.000000
37.9000,-0.000000,0.009453,0.019089,0.028919,0.038973,0.049259,0.059800,0.070601,0.081686,0.093053,0.104727,0.116702,0.129001,0.141614,0.154562,0.167831,0.181438,0.195364,0.209621,0.224185,0.239061,0.254222,0.269662,0.285353,0.301276,0.317404,0.333705,0.350152,0.366704,0.383337,0.399998,0.416670,0.433291,0.449854,0.466290,0.482602,0.498718,0.514652,0.530332,0.545782,0.560933,0.575819,0.590374,0.604640,0.618557,0.632173,0.645433,0.658390,0.670995,0.683303,0.695270,0.706953,0.718312,0.729406,0.740199,0.750748,0.761026,0.771088,0.780911,0.790554,0.800000,1.000000,0.986256,0.972657,0.959180,0.945888,0.932755,0.919846,0.907134,0.894689,0.882481,0.870587,0.858975,0.847728,0.836814,0.826322,0.816216,0.806593,0.797415,0.788784,0.780659,0.773146,0.766198,0.759926,0.754276,0.749359,0.745114,0.741649,0.738895,0.736955,0.735752,0.735379,0.735753,0.736956,0.738899,0.741652,0.745122,0.749364,0.754287,0.759932,0.766211,0.773152,0.780673,0.788790,0.797429,0.806598,0.816230,0.826326,0.836828,0.847732,0.858989,0.870589,0.882494,0.894690,0.907147,0.919847,0.932768,0.945888,0.959193,0.972657,0.986269,1.000000
38.0000,-0.000000,0.009453,0.019089,0.028919,0.038972,0.049258,0.059799,0.070600,0.081685,0.093052,0.104726,0.116701,0.129000,0.141613,0.154562,0.167831,0.181438,0.195364,0.209621,0.224186,0.239062,0.254223,0.269663,0.285354,0.301277,0.317405,0.333705,0.350153,0.366705,0.383338,0.399999,0.416671,0.433292,0.449856,0.466292,0.482604,0.498720,0.514654,0.530334,0.545784,0.560935,0.575821,0.590376,0.604642,0.618559,0.632175,0.645435,0.658392,0.670997,0.683305,0.695272,0.706954,0.718313,0.729407,0.740199,0.750749,0.761027,0.771088,0.780911,0.790554,0.800000,1.000000,0.986256,0.972657,0.959180,0.945887,0.932754,0.919845,0.907133,0.894688,0.882480,0.870586,0.858974,0.847728,0.836814,0.826321,0.816216,0.806594,0.797416,0.788786,0.780661,0.773148,0.766200,0.759928,0.754278,0.749361,0.745116,0.741651,0.738897,0.736957,0.735754,0.735381,0.735755,0.736957,0.738900,0.741652,0.745121,0.749363,0.754285,0.759930,0.766208,0.773149,0.780670,0.788788,0.797427,0.806597,0.816228,0.826325,0.836827,0.847730,0.858987,0.870588,0.882493,0.894690,0.907147,0.919847,0.932768,0.945888,0.959193,0.972657,0.986269,1.000000
38.1000,-0.000000,0.009453,0.019092,0.028926,0.038986,0.049277,0.059826,0.070632,0.081724,0.093096,0.104774,0.116752,0.129052,0.141666,0.154613,0.167880,0.181484,0.195406,0.209658,0.224218,0.239089,0.254245,0.269681,0.285368,0.301288,0.317412,0.333711,0.350158,0.366709,0.383341,0.400002,0.416675,0.433296,0.449858,0.466294,0.482604,0.498718,0.514648,0.530324,0.545770,0.560917,0.575797,0.590347,0.604609,0.618521,0.632135,0.645392,0.658348,0.670952,0.683260,0.695229,0.706915,0.718279,0.729378,0.740176,0.750732,0.761015,0.771082,0.780909,0.790554,0.800000,1.000000,0.986256,0.972659,0.959185,0.945897,0.932769,0.919866,0.907159,0.894719,0.882516,0.870626,0.859017,0.847772,0.836858,0.826364,0.816256,0.806629,0.797446,0.788807,0.780673,0.773151,0.766192,0.759909,0.754248,0.749320,0.745065,0.741590,0.738829,0.736883,0.735676,0.735302,0.735676,0.736881,0.738829,0.741587,0.745064,0.749315,0.754248,0.759904,0.766193,0.773146,0.780676,0.788802,0.797449,0.806624,0.816261,0.826360,0.836864,0.847768,0.859025,0.870623,0.882525,0.894717,0.907169,0.919864,0.932781,0.945896,0.959198,0.972659,0.986269,1.000000
38.2000,-0.000000,0.009453,0.019087,0.028914,0.038964,0.049245,0.059782,0.070578,0.081660,0.093023,0.104695,0.116668,0.128967,0.141580,0.154529,0.167800,0.181410,0.195339,0.209600,0.224168,0.239048,0.254213,0.269656,0.285350,0.301276,0.317405,0.333707,0.350156,0.366708,0.383341,0.400002,0.416674,0.433296,0.449859,0.466297,0.482610,0.498729,0.514665,0.530348,0.545802,0.560957,0.575846,0.590405,0.604675,0.618596,0.632215,0.645476,0.658434,0.671038,0.683345,0.695309,0.706988,0.718343,0.729433,0.740221,0.750765,0.761038,0.771094,0.780914,0.790554,0.800000,1.000000,0.986256,0.972656,0.959176,0.945881,0.932745,0.919832,0.907117,0.894668,0.882457,0.870560,0.858947,0.847699,0.836786,0.826294,0.816192,0.806573,0.797400,0.788775,0.780657,0.773152,0.766212,0.759948,0.754307,0.749397,0.745159,0.741700,0.738952,0.737016,0.735815,0.735443,0.735816,0.737015,0.738953,0.741699,0.745162,0.749395,0.754309,0.759946,0.766215,0.773148,0.780660,0.788771,0.797404,0.806568,0.816196,0.826290,0.836791,0.847695,0.858954,0.870557,0.882466,0.894665,0.907126,0.919830,0.932756,0.945880,0.959189,0.972655,0.986269,1.000000
38.3000,-0.000000,0.009453,0.019092,0.028929,0.038990,0.049284,0.059835,0.070644,0.081738,0.093111,0.104791,0.116769,0.129070,0.141683,0.154630,0.167895,0.181498,0.195418,0.209669,0.224226,0.239095,0.254249,0.269683,0.285368,0.301287,0.317411,0.333709,0.350155,0.366706,0.383338,0.399999,0.416671,0.433293,0.449855,0.466289,0.482598,0.498711,0.514641,0.530315,0.545759,0.560903,0.575781,0.590329,0.604588,0.618499,0.632111,0.645367,0.658323,0.670927,0.683238,0.695207,0.706896,0.718261,0.729363,0.740164,0.750723,0.761009,0.771078,0.780907,0.790554,0.800000,1.000000,0.986256,0.972660,0.959187,0.945900,0.932774,0.919873,0.907168,0.894730,0.882528,0.870639,0.859031,0.847787,0.836873,0.826378,0.816268,0.806639,0.797453,0.788811,0.780674,0.773147,0.766184,0.759896,0.754230,0.749298,0.745038,0.741561,0.738797,0.736849,0.735641,0.735267,0.735642,0.736850,0.738800,0.741562,0.745043,0.749299,0.754236,0.759897,0.766191,0.773148,0.780682,0.788813,0.797463,0.806641,0.816280,0.826380,0.836885,0.847788,0.859044,0.870640,0.882541,0.894731,0.907181,0.919873,0.932787,0.945901,0.959200,0.972660,0.986269,1.000000
38.4000,-0.000000,0.009453,0.019086,0.028913,0.038962,0.049243,0.059779,0.070575,0.081655,0.093018,0.104690,0.116662,0.128960,0.141573,0.154523,0.167793,0.181403,0.195332,0.209593,0.224162,0.239042,0.254207,0.269650,0.285344,0.301270,0.317400,0.333702,0.350151,0.366703,0.383336,0.399997,0.416669,0.433291,0.449855,0.466292,0.482605,0.498723,0.514660,0.530342,0.545797,0.560952,0.575841,0.590400,0.604670,0.618589,0.632208,0.645470,0.658429,0.671033,0.683340,0.695305,0.706986,0.718341,0.729431,0.740219,0.750764,0.761037,0.771094,0.780913,0.790554,0.800000,1.000000,0.986256,0.972656,0.959176,0.945880,0.932743,0.919830,0.907114,0.894665,0.882453,0.870556,0.858942,0.847694,0.836780,0.826289,0.816186,0.806567,0.797394,0.788770,0.780652,0.773147,0.766208,0.759944,0.754303,0.749395,0.745157,0.741699,0.738951,0.737016,0.735816,0.735444,0.735817,0.737017,0.738956,0.741702,0.745165,0.749399,0.754313,0.759950,0.766219,0.773153,0.780665,0.788776,0.797409,0.806574,0.816202,0.826295,0.836796,0.847700,0.858958,0.870560,0.882468,0.894667,0.907128,0.919832,0.932757,0.945881,0.959189,0.972656,0.986269,1.000000
38.5000,-0.000000,0.009453,0.019092,0.028927,0.038987,0.049278,0.059826,0.070633,0.081724,0.093095,0.104774,0.116751,0.129052,0.141665,0.154612,0.167879,0.181483,0.195404,0.209656,0.224216,0.239087,0.254243,0.269678,0.285365,0.301285,0.317410,0.333709,0.350155,0.366706,0.383339,0.400000,0.416672,0.433293,0.449855,0.466290,0.482600,0.498714,0.514645,0.530321,0.545766,0.560912,0.575793,0.590343,0.604605,0.618517,0.632130,0.645388,0.658344,0.670948,0.683258,0.695227,0.706913,0.718276,0.729376,0.740174,0.750730,0.761014,0.771081,0.780908,0.790554,0.800000,1.000000,0.986256,0.972659,0.959186,0.945898,0.932770,0.919866,0.907159,0.894719,0.882515,0.870625,0.859016,0.847771,0.836857,0.826363,0.816255,0.806627,0.797443,0.788805,0.780670,0.773147,0.766189,0.759905,0.754244,0.749316,0.745060,0.741586,0.738825,0.736879,0.735672,0.735298,0.735673,0.736880,0.738828,0.741588,0.745066,0.749318,0.754251,0.759907,0.766197,0.773149,0.780679,0.788806,0.797452,0.806628,0.816264,0.826363,0.836867,0.847771,0.859027,0.870625,0.882527,0.894719,0.907171,0.919865,0.932782,0.945897,0.959198,0.972659,0.986269,1.000000
38.6000,-0.000000,0.009453,0.019089,0.028919,0.038973,0.049258,0.059800,0.070600,0.081685,0.093052,0.104727,0.116702,0.129002,0.141615,0.154564,0.167833,0.181441,0.195367,0.209624,0.224189,0.239065,0.254227,0.269667,0.285358,0.301282,0.317409,0.333710,0.350158,0.366709,0.383342,0.400003,0.416675,0.433297,0.449860,0.466296,0.482608,0.498725,0.514659,0.530340,0.545790,0.560942,0.575828,0.590383,0.604649,0.618566,0.632182,0.645442,0.658399,0.671003,0.683311,0.695277,0.706959,0.718317,0.729410,0.740201,0.750750,0.761027,0.771088,0.780911,0.790554,0.800000,1.000000,0.986256,0.972657,0.959180,0.945888,0.932755,0.919846,0.907133,0.894688,0.882480,0.870586,0.858975,0.847729,0.836816,0.826324,0.816219,0.806597,0.797419,0.788789,0.780664,0.773152,0.766205,0.759934,0.754284,0.749368,0.745123,0.741657,0.738903,0.736962,0.735758,0.735385,0.735758,0.736960,0.738902,0.741653,0.745122,0.749362,0.754284,0.759927,0.766205,0.773145,0.780665,0.788782,0.797421,0.806590,0.816222,0.826318,0.836820,0.847724,0.858982,0.870583,0.882490,0.894687,0.907144,0.919845,0.932767,0.945887,0.959193,0.972657,0.986269,1.000000
38.7000,-0.000000,0.009453,0.019089,0.028920,0.038975,0.049261,0.059803,0.070604,0.081691,0.093058,0.104733,0.116708,0.129008,0.141621,0.154570,0.167839,0.181446,0.195371,0.209628,0.224192,0.239067,0.254228,0.269668,0.285358,0.301281,0.317408,0.333709,0.350156,0.366708,0.383341,0.400002,0.416674,0.433296,0.449858,0.466295,0.482606,0.498723,0.514656,0.530336,0.545786,0.560936,0.575821,0.590376,0.604641,0.618557,0.632173,0.645432,0.658390,0.670994,0.683303,0.695270,0.706952,0.718311,0.729405,0.740198,0.750748,0.761026,0.771087,0.780911,0.790554,0.800000,1.000000,0.986256,0.972657,0.959181,0.945889,0.932757,0.919848,0.907137,0.894692,0.882485,0.870591,0.858981,0.847735,0.836821,0.826329,0.816223,0.806600,0.797422,0.788790,0.780664,0.773150,0.766201,0.759928,0.754277,0.749359,0.745113,0.741647,0.738892,0.736950,0.735746,0.735372,0.735746,0.736948,0.738891,0.741643,0.745113,0.749355,0.754278,0.759924,0.766203,0.773146,0.780668,0.788787,0.797427,0.806597,0.816230,0.826326,0.836829,0.847732,0.858989,0.870589,0.882495,0.894691,0.907148,0.919848,0.932769,0.945889,0.959194,0.972657,0.986269,1.000000
38.8000,-0.000000,0.009453,0.019091,0.028925,0.038984,0.049274,0.059821,0.070627,0.081717,0.093088,0.104766,0.116743,0.129043,0.141656,0.154603,0.167870,0.181474,0.195397,0.209649,0.224210,0.239081,0.254238,0.269674,0.285361,0.301282,0.317407,0.333707,0.350153,0.366704,0.383337,0.399998,0.416670,0.433291,0.449854,0.466289,0.482599,0.498713,0.514644,0.530321,0.545767,0.560914,0.575796,0.590346,0.604609,0.618521,0.632135,0.645393,0.658349,0.670954,0.683263,0.695231,0.706918,0.718281,0.729380,0.740178,0.750733,0.761016,0.771082,0.780909,0.790554,0.800000,1.000000,0.986256,0.972659,0.959184,0.945896,0.932767,0.919862,0.907154,0.894713,0.882509,0.870618,0.859009,0.847763,0.836850,0.826356,0.816248,0.806621,0.797438,0.788800,0.780667,0.773145,0.766188,0.759906,0.754247,0.749320,0.745066,0.741594,0.738834,0.736889,0.735683,0.735310,0.735685,0.736891,0.738839,0.741598,0.745074,0.749325,0.754257,0.759912,0.766200,0.773150,0.780679,0.788804,0.797450,0.806625,0.816261,0.826359,0.836863,0.847766,0.859022,0.870620,0.882523,0.894715,0.907167,0.919863,0.932780,0.945896,0.959198,0.972659,0.986269,1.000000
38.9000,-0.000000,0.009453,0.019087,0.028914,0.038964,0.049245,0.059783,0.070578,0.081660,0.093023,0.104695,0.116668,0.128966,0.141579,0.154529,0.167799,0.181409,0.195337,0.209598,0.224166,0.239045,0.254210,0.269653,0.285346,0.301272,0.317401,0.333703,0.350151,0.366703,0.383337,0.399998,0.416670,0.433291,0.449855,0.466292,0.482605,0.498723,0.514659,0.530342,0.545795,0.560949,0.575838,0.590396,0.604666,0.618586,0.632204,0.645465,0.658424,0.671028,0.683335,0.695300,0.706981,0.718336,0.729427,0.740216,0.750761,0.761035,0.771093,0.780913,0.790554,0.800000,1.000000,0.986256,0.972656,0.959176,0.945881,0.932745,0.919832,0.907116,0.894667,0.882457,0.870560,0.858946,0.847699,0.836785,0.826293,0.816190,0.806571,0.797398,0.788772,0.780653,0.773147,0.766207,0.759942,0.754299,0.749389,0.745151,0.741692,0.738943,0.737006,0.735806,0.735434,0.735807,0.737008,0.738948,0.741695,0.745159,0.749394,0.754309,0.759947,0.766218,0.773152,0.780666,0.788777,0.797411,0.806576,0.816205,0.826299,0.836800,0.847704,0.858962,0.870564,0.882472,0.894671,0.907131,0.919834,0.932759,0.945882,0.959190,0.972656,0.986269,1.000000
39.0000,-0.000000,0.009453,0.019092,0.028928,0.038990,0.049284,0.059834,0.070643,0.081736,0.093110,0.104790,0.116768,0.129069,0.141682,0.154629,0.167894,0.181497,0.195418,0.209669,0.224227,0.239096,0.254251,0.269685,0.285370,0.301289,0.317412,0.333711,0.350157,0.366708,0.383340,0.400001,0.416673,0.433295,0.449857,0.466292,0.482601,0.498713,0.514643,0.530318,0.545762,0.560906,0.575785,0.590333,0.604594,0.618505,0.632117,0.645373,0.658329,0.670933,0.683242,0.695212,0.706900,0.718265,0.729366,0.740166,0.750725,0.761011,0.771079,0.780908,0.790554,0.800000,1.000000,0.986256,0.972659,0.959187,0.945900,0.932774,0.919872,0.907167,0.894729,0.882527,0.870638,0.859030,0.847785,0.836872,0.826377,0.816268,0.806639,0.797453,0.788812,0.780675,0.773149,0.766187,0.759900,0.754235,0.749303,0.745045,0.741568,0.738804,0.736856,0.735648,0.735273,0.735648,0.736854,0.738804,0.741565,0.745045,0.749300,0.754237,0.759897,0.766190,0.773146,0.780680,0.788810,0.797459,0.806636,0.816275,0.826375,0.836880,0.847784,0.859040,0.870637,0.882538,0.894728,0.907178,0.919871,0.932786,0.945900,0.959200,0.972660,0.986269,1.000000
39.1000,-0.000000,0.009453,0.019087,0.028914,0.038964,0.049244,0.059782,0.070578,0.081660,0.093024,0.104696,0.116669,0.128968,0.141581,0.154531,0.167802,0.181411,0.195340,0.209601,0.224169,0.239049,0.254214,0.269657,0.285351,0.301276,0.317406,0.333708,0.350157,0.366709,0.383342,0.400003,0.416675,0.433296,0.449860,0.466297,0.482611,0.498729,0.514665,0.530349,0.545803,0.560957,0.575847,0.590406,0.604676,0.618595,0.632214,0.645476,0.658434,0.671038,0.683345,0.695309,0.706989,0.718344,0.729433,0.740221,0.750765,0.761038,0.771094,0.780913,0.790554,0.800000,1.000000,0.986256,0.972656,0.959176,0.945881,0.932745,0.919832,0.907116,0.894668,0.882457,0.870561,0.858948,0.847701,0.836787,0.826296,0.816193,0.806574,0.797401,0.788776,0.780658,0.773152,0.766212,0.759948,0.754307,0.749398,0.745160,0.741701,0.738952,0.737015,0.735814,0.735441,0.735814,0.737014,0.738952,0.741697,0.745159,0.749393,0.754307,0.759944,0.766214,0.773147,0.780660,0.788771,0.797403,0.806568,0.816196,0.826290,0.836791,0.847695,0.858954,0.870556,0.882465,0.894665,0.907126,0.919830,0.932756,0.945880,0.959189,0.972655,0.986269,1.000000
39.2000,-0.000000,0.009453,0.019092,0.028926,0.038986,0.049278,0.059826,0.070633,0.081724,0.093096,0.104775,0.116752,0.129053,0.141666,0.154614,0.167880,0.181484,0.195406,0.209658,0.224217,0.239088,0.254244,0.269679,0.285366,0.301286,0.317410,0.333709,0.350156,0.366707,0.383339,0.400000,0.416672,0.433294,0.449856,0.466291,0.482601,0.498715,0.514645,0.530321,0.545766,0.560912,0.575793,0.590343,0.604604,0.618517,0.632129,0.645387,0.658343,0.670948,0.683257,0.695226,0.706912,0.718275,0.729375,0.740174,0.750730,0.761014,0.771081,0.780908,0.790554,0.800000,1.000000,0.986256,0.972659,0.959185,0.945897,0.932770,0.919866,0.907159,0.894719,0.882516,0.870626,0.859017,0.847772,0.836859,0.826365,0.816256,0.806629,0.797445,0.788807,0.780672,0.773148,0.766189,0.759905,0.754243,0.749315,0.745059,0.741585,0.738823,0.736877,0.735670,0.735296,0.735671,0.736877,0.738826,0.741585,0.745063,0.749315,0.754249,0.759905,0.766195,0.773148,0.780678,0.788805,0.797452,0.806628,0.816264,0.826364,0.836868,0.847771,0.859028,0.870625,0.882528,0.894719,0.907172,0.919866,0.932782,0.945897,0.959199,0.972659,0.986269,1.000000
39.3000,-0.000000,0.009453,0.019088,0.028918,0.038971,0.049256,0.059796,0.070596,0.081680,0.093046,0.104719,0.116694,0.128993,0.141605,0.154554,0.167823,0.181431,0.195357,0.209615,0.224180,0.239057,0.254219,0.269660,0.285351,0.301275,0.317403,0.333704,0.350152,0.366704,0.383337,0.399997,0.416670,0.433291,0.449854,0.466291,0.482603,0.498719,0.514653,0.530334,0.545785,0.560937,0.575823,0.590378,0.604645,0.618563,0.632179,0.645440,0.658397,0.671002,0.683310,0.695276,0.706959,0.718317,0.729410,0.740202,0.750751,0.761028,0.771089,0.780911,0.790554,0.800000,1.000000,0.986256,0.972657,0.959179,0.945887,0.932753,0.919843,0.907130,0.894684,0.882475,0.870580,0.858968,0.847721,0.836807,0.826315,0.816210,0.806588,0.797411,0.788782,0.780658,0.773146,0.766200,0.759930,0.754282,0.749366,0.745122,0.741658,0.738905,0.736966,0.735763,0.735390,0.735764,0.736967,0.738909,0.741661,0.745129,0.749370,0.754291,0.759935,0.766212,0.773152,0.780671,0.788787,0.797425,0.806594,0.816225,0.826320,0.836822,0.847726,0.858983,0.870584,0.882490,0.894686,0.907144,0.919844,0.932766,0.945887,0.959193,0.972657,0.986269,1.000000
39.4000,-0.000000,0.009453,0.019089,0.028920,0.038976,0.049262,0.059805,0.070606,0.081693,0.093061,0.104736,0.116711,0.129011,0.141624,0.154572,0.167840,0.181447,0.195372,0.209628,0.224191,0.239066,0.254226,0.269666,0.285356,0.301278,0.317405,0.333706,0.350153,0.366705,0.383338,0.399999,0.416671,0.433292,0.449855,0.466291,0.482603,0.498719,0.514652,0.530331,0.545780,0.560930,0.575815,0.590369,0.604634,0.618550,0.632165,0.645425,0.658382,0.670987,0.683295,0.695263,0.706947,0.718307,0.729402,0.740195,0.750746,0.761025,0.771087,0.780911,0.790554,0.800000,1.000000,0.986256,0.972658,0.959181,0.945890,0.932758,0.919850,0.907138,0.894694,0.882487,0.870593,0.858982,0.847736,0.836822,0.826329,0.816223,0.806599,0.797421,0.788788,0.780661,0.773146,0.766196,0.759922,0.754271,0.749351,0.745104,0.741638,0.738882,0.736940,0.735736,0.735363,0.735737,0.736941,0.738885,0.741639,0.745110,0.749354,0.754278,0.759925,0.766206,0.773150,0.780672,0.788792,0.797433,0.806603,0.816236,0.826333,0.836835,0.847739,0.858995,0.870595,0.882500,0.894694,0.907150,0.919849,0.932770,0.945889,0.959194,0.972658,0.986269,1.000000
39.5000,-0.000000,0.009453,0.019091,0.028924,0.038982,0.049272,0.059819,0.070625,0.081715,0.093086,0.104763,0.116740,0.129041,0.141654,0.154603,0.167870,0.181475,0.195398,0.209651,0.224212,0.239084,0.254241,0.269678,0.285365,0.301286,0.317411,0.333710,0.350157,0.366708,0.383341,0.400002,0.416674,0.433295,0.449858,0.466294,0.482604,0.498718,0.514649,0.530327,0.545774,0.560922,0.575804,0.590355,0.604618,0.618531,0.632144,0.645402,0.658358,0.670963,0.683271,0.695239,0.706925,0.718287,0.729384,0.740181,0.750735,0.761017,0.771082,0.780909,0.790554,0.800000,1.000000,0.986256,0.972659,0.959184,0.945895,0.932765,0.919861,0.907153,0.894712,0.882508,0.870616,0.859007,0.847762,0.836849,0.826355,0.816248,0.806622,0.797440,0.788804,0.780671,0.773151,0.766195,0.759914,0.754255,0.749329,0.745076,0.741604,0.738844,0.736900,0.735693,0.735320,0.735694,0.736899,0.738845,0.741602,0.745078,0.749327,0.754257,0.759910,0.766197,0.773146,0.780674,0.788798,0.797443,0.806617,0.816253,0.826351,0.836855,0.847759,0.859016,0.870614,0.882517,0.894711,0.907164,0.919860,0.932778,0.945895,0.959197,0.972659,0.986269,1.000000
39.6000,-0.000000,0.009453,0.019087,0.028915,0.038966,0.049248,0.059787,0.070584,0.081667,0.093031,0.104704,0.116677,0.128976,0.141589,0.154539,0.167809,0.181418,0.195347,0.209607,0.224174,0.239053,0.254217,0.269660,0.285352,0.301278,0.317406,0.333708,0.350157,0.366709,0.383342,0.400002,0.416675,0.433296,0.449860,0.466297,0.482609,0.498728,0.514663,0.530346,0.545798,0.560952,0.575841,0.590399,0.604668,0.618587,0.632205,0.645466,0.658424,0.671028,0.683335,0.695300,0.706980,0.718336,0.729426,0.740215,0.750760,0.761034,0.771092,0.780913,0.790554,0.800000,1.000000,0.986256,0.972656,0.959177,0.945883,0.932747,0.919836,0.907121,0.894673,0.882463,0.870567,0.858955,0.847708,0.836794,0.826303,0.816199,0.806579,0.797405,0.788780,0.780659,0.773152,0.766211,0.759944,0.754301,0.749389,0.745149,0.741689,0.738938,0.737001,0.735799,0.735426,0.735798,0.736998,0.738937,0.741685,0.745149,0.749385,0.754301,0.759940,0.766212,0.773147,0.780661,0.788774,0.797408,0.806574,0.816203,0.826298,0.836800,0.847704,0.858962,0.870564,0.882472,0.894672,0.907132,0.919835,0.932759,0.945882,0.959191,0.972656,0.986269,1.000000
39.7000,-0.000000,0.009453,0.019092,0.028928,0.038989,0.049283,0.059832,0.070641,0.081733,0.093106,0.104785,0.116763,0.129063,0.141676,0.154623,0.167889,0.181492,0.195413,0.209664,0.224222,0.239092,0.254247,0.269681,0.285367,0.301286,0.317410,0.333708,0.350155,0.366705,0.383338,0.399999,0.416671,0.433293,0.449855,0.466290,0.482599,0.498712,0.514642,0.530317,0.545761,0.560906,0.575785,0.590333,0.604594,0.618506,0.632118,0.645375,0.658331,0.670935,0.683245,0.695214,0.706902,0.718267,0.729368,0.740168,0.750726,0.761011,0.771079,0.780908,0.790554,0.800000,1.000000,0.986256,0.972660,0.959187,0.945900,0.932773,0.919871,0.907165,0.894726,0.882524,0.870634,0.859026,0.847781,0.836866,0.826372,0.816263,0.806634,0.797449,0.788808,0.780672,0.773147,0.766185,0.759899,0.754235,0.749304,0.745046,0.741570,0.738807,0.736860,0.735653,0.735279,0.735654,0.736861,0.738810,0.741571,0.745051,0.749305,0.754242,0.759901,0.766194,0.773149,0.780682,0.788812,0.797460,0.806637,0.816275,0.826374,0.836878,0.847782,0.859038,0.870635,0.882536,0.894726,0.907177,0.919871,0.932785,0.945899,0.959199,0.972659,0.986269,1.000000
39.8000,-0.000000,0.009453,0.019087,0.028913,0.038963,0.049243,0.059780,0.070576,0.081657,0.093021,0.104692,0.116665,0.128963,0.141576,0.154526,0.167796,0.181406,0.195335,0.209595,0.224163,0.239043,0.254208,0.269651,0.285345,0.301270,0.317400,0.333702,0.350151,0.366703,0.383336,0.399997,0.416669,0.433291,0.449854,0.466292,0.482605,0.498722,0.514659,0.530342,0.545795,0.560950,0.575839,0.590398,0.604668,0.618588,0.632207,0.645468,0.658427,0.671031,0.683338,0.695302,0.706983,0.718339,0.729429,0.740217,0.750762,0.761036,0.771093,0.780913,0.790554,0.800000,1.000000,0.986256,0.972655,0.959176,0.945880,0.932743,0.919830,0.907114,0.894666,0.882455,0.870558,0.858944,0.847697,0.836783,0.826292,0.816188,0.806569,0.797396,0.788771,0.780652,0.773147,0.766207,0.759942,0.754300,0.749391,0.745153,0.741695,0.738947,0.737012,0.735811,0.735440,0.735813,0.737013,0.738952,0.741699,0.745162,0.749397,0.754312,0.759949,0.766219,0.773153,0.780666,0.788777,0.797410,0.806574,0.816203,0.826297,0.836798,0.847702,0.858960,0.870562,0.882470,0.894669,0.907129,0.919833,0.932758,0.945881,0.959190,0.972656,0.986269,1.000000
39.9000,-0.000000,0.009453,0.019092,0.028926,0.038986,0.049278,0.059827,0.070634,0.081725,0.093097,0.104776,0.116753,0.129054,0.141667,0.154615,0.167881,0.181485,0.195406,0.209658,0.224218,0.239088,0.254244,0.269679,0.285366,0.301286,0.317410,0.333709,0.350155,0.366706,0.383339,0.400000,0.416672,0.433294,0.449856,0.466291,0.482601,0.498714,0.514645,0.530321,0.545766,0.560912,0.575792,0.590342,0.604603,0.618516,0.632129,0.645386,0.658342,0.670946,0.683255,0.695224,0.706910,0.718274,0.729374,0.740173,0.750729,0.761014,0.771081,0.780908,0.790554,0.800000,1.000000,0.986256,0.972659,0.959185,0.945897,0.932769,0.919866,0.907160,0.894720,0.882517,0.870627,0.859018,0.847773,0.836859,0.826365,0.816257,0.806629,0.797445,0.788806,0.780672,0.773148,0.766189,0.759904,0.754242,0.749314,0.745058,0.741583,0.738822,0.736876,0.735669,0.735295,0.735670,0.736876,0.738824,0.741584,0.745062,0.749314,0.754248,0.759906,0.766196,0.773149,0.780679,0.788806,0.797453,0.806629,0.816265,0.826365,0.836869,0.847773,0.859029,0.870627,0.882529,0.894720,0.907172,0.919867,0.932782,0.945897,0.959198,0.972659,0.986269,1.000000
40.0000,-0.000000,0.009453,0.019088,0.028918,0.038972,0.049256,0.059797,0.070597,0.081681,0.093047,0.104721,0.116696,0.128995,0.141608,0.154557,0.167826,0.181434,0.195361,0.209619,0.224185,0.239062,0.254224,0.269665,0.285357,0.301281,0.317408,0.333710,0.350157,0.366709,0.383342,0.400003,0.416675,0.433297,0.449860,0.466296,0.482609,0.498726,0.514660,0.530341,0.545793,0.560945,0.575831,0.590387,0.604655,0.618572,0.632189,0.645449,0.658406,0.671011,0.683318,0.695284,0.706965,0.718323,0.729415,0.740206,0.750754,0.761030,0.771090,0.780912,0.790554,0.800000,1.000000,0.986256,0.972657,0.959180,0.945887,0.932753,0.919844,0.907131,0.894685,0.882476,0.870582,0.858970,0.847723,0.836809,0.826318,0.816213,0.806591,0.797415,0.788786,0.780663,0.773152,0.766207,0.759937,0.754289,0.749373,0.745130,0.741666,0.738913,0.736973,0.735769,0.735396,0.735769,0.736970,0.738912,0.741661,0.745128,0.749367,0.754287,0.759930,0.766206,0.773145,0.780663,0.788780,0.797417,0.806585,0.816216,0.826312,0.836814,0.847718,0.858976,0.870577,0.882484,0.894682,0.907140,0.919842,0.932764,0.945885,0.959192,0.972657,0.986269,1.000000
40.1000,-0.000000,0.009453,0.019090,0.028921,0.038977,0.049265,0.059808,0.070611,0.081698,0.093067,0.104742,0.116718,0.129018,0.141631,0.154580,0.167848,0.181454,0.195379,0.209634,0.224197,0.239072,0.254232,0.269670,0.285360,0.301282,0.317408,0.333709,0.350156,0.366707,0.383340,0.400001,0.416673,0.433295,0.449857,0.466293,0.482605,0.498721,0.514653,0.530332,0.545781,0.560931,0.575815,0.590369,0.604633,0.618549,0.632164,0.645423,0.658380,0.670984,0.683293,0.695260,0.706943,0.718303,0.729399,0.740193,0.750744,0.761023,0.771086,0.780910,0.790554,0.800000,1.000000,0.986256,0.972658,0.959182,0.945891,0.932760,0.919852,0.907142,0.894698,0.882492,0.870599,0.858989,0.847743,0.836829,0.826337,0.816230,0.806606,0.797427,0.788794,0.780666,0.773150,0.766199,0.759924,0.754270,0.749349,0.745101,0.741633,0.738876,0.736934,0.735729,0.735356,0.735730,0.736934,0.738878,0.741632,0.745103,0.749348,0.754273,0.759921,0.766202,0.773147,0.780670,0.788791,0.797432,0.806603,0.816237,0.826334,0.836837,0.847741,0.858998,0.870597,0.882502,0.894697,0.907153,0.919851,0.932771,0.945890,0.959195,0.972658,0.986269,1.000000
40.2000,-0.000000,0.009453,0.019090,0.028923,0.038981,0.049270,0.059815,0.070619,0.081708,0.093077,0.104754,0.116731,0.129031,0.141644,0.154592,0.167860,0.181465,0.195388,0.209642,0.224203,0.239076,0.254234,0.269671,0.285359,0.301281,0.317406,0.333706,0.350153,0.366704,0.383337,0.399998,0.416670,0.433291,0.449854,0.466289,0.482600,0.498714,0.514646,0.530323,0.545771,0.560919,0.575802,0.590353,0.604616,0.618531,0.632145,0.645403,0.658359,0.670964,0.683273,0.695241,0.706927,0.718289,0.729386,0.740183,0.750737,0.761018,0.771083,0.780909,0.790554,0.800000,1.000000,0.986256,0.972658,0.959183,0.945893,0.932763,0.919858,0.907148,0.894706,0.882501,0.870609,0.858999,0.847754,0.836840,0.826347,0.816240,0.806614,0.797432,0.788796,0.780665,0.773145,0.766191,0.759911,0.754254,0.749330,0.745079,0.741608,0.738850,0.736907,0.735701,0.735328,0.735703,0.736908,0.738855,0.741612,0.745087,0.749335,0.754265,0.759917,0.766202,0.773151,0.780677,0.788801,0.797445,0.806618,0.816253,0.826351,0.836855,0.847758,0.859014,0.870613,0.882516,0.894709,0.907163,0.919859,0.932777,0.945894,0.959197,0.972658,0.986269,1.000000
40.3000,-0.000000,0.009453,0.019088,0.028916,0.038967,0.049249,0.059788,0.070585,0.081668,0.093032,0.104705,0.116678,0.128977,0.141589,0.154539,0.167809,0.181417,0.195345,0.209605,0.224171,0.239050,0.254213,0.269655,0.285348,0.301273,0.317402,0.333704,0.350152,0.366704,0.383337,0.399998,0.416670,0.433292,0.449855,0.466292,0.482604,0.498722,0.514657,0.530339,0.545791,0.560944,0.575832,0.590389,0.604658,0.618577,0.632194,0.645455,0.658414,0.671018,0.683326,0.695291,0.706973,0.718329,0.729421,0.740211,0.750757,0.761032,0.771091,0.780912,0.790554,0.800000,1.000000,0.986256,0.972656,0.959178,0.945884,0.932748,0.919837,0.907122,0.894674,0.882464,0.870568,0.858955,0.847708,0.836794,0.826302,0.816198,0.806578,0.797403,0.788776,0.780655,0.773147,0.766204,0.759937,0.754293,0.749381,0.745141,0.741680,0.738930,0.736992,0.735790,0.735417,0.735791,0.736992,0.738932,0.741681,0.745146,0.749384,0.754302,0.759942,0.766216,0.773152,0.780668,0.788782,0.797417,0.806584,0.816213,0.826307,0.836809,0.847712,0.858970,0.870571,0.882478,0.894677,0.907136,0.919838,0.932762,0.945884,0.959191,0.972656,0.986269,1.000000
40.4000,-0.000000,0.009453,0.019092,0.028928,0.038988,0.049281,0.059831,0.070639,0.081731,0.093104,0.104783,0.116761,0.129062,0.141675,0.154622,0.167888,0.181492,0.195413,0.209664,0.224223,0.239093,0.254248,0.269683,0.285369,0.301288,0.317413,0.333711,0.350157,0.366708,0.383341,0.400001,0.416674,0.433295,0.449857,0.466292,0.482602,0.498715,0.514645,0.530320,0.545764,0.560910,0.575790,0.590339,0.604600,0.618512,0.632124,0.645381,0.658337,0.670942,0.683251,0.695220,0.706907,0.718271,0.729371,0.740170,0.750727,0.761012,0.771079,0.780908,0.790554,0.800000,1.000000,0.986256,0.972659,0.959186,0.945899,0.932772,0.919869,0.907163,0.894725,0.882522,0.870633,0.859024,0.847779,0.836866,0.826371,0.816262,0.806634,0.797449,0.788809,0.780674,0.773149,0.766189,0.759904,0.754240,0.749310,0.745052,0.741576,0.738813,0.736866,0.735659,0.735284,0.735659,0.736865,0.738814,0.741574,0.745054,0.749307,0.754242,0.759901,0.766193,0.773147,0.780679,0.788807,0.797455,0.806632,0.816269,0.826369,0.836873,0.847777,0.859033,0.870630,0.882532,0.894723,0.907175,0.919869,0.932784,0.945899,0.959199,0.972659,0.986269,1.000000
40.5000,-0.000000,0.009453,0.019087,0.028914,0.038964,0.049245,0.059783,0.070579,0.081662,0.093026,0.104698,0.116672,0.128971,0.141584,0.154534,0.167804,0.181414,0.195343,0.209603,0.224171,0.239051,0.254215,0.269658,0.285352,0.301277,0.317406,0.333708,0.350157,0.366709,0.383342,0.400003,0.416675,0.433297,0.449860,0.466297,0.482610,0.498728,0.514665,0.530347,0.545801,0.560956,0.575845,0.590404,0.604674,0.618593,0.632212,0.645473,0.658431,0.671035,0.683341,0.695306,0.706986,0.718341,0.729431,0.740218,0.750763,0.761036,0.771093,0.780913,0.790554,0.800000,1.000000,0.986256,0.972656,0.959176,0.945881,0.932745,0.919833,0.907117,0.894669,0.882459,0.870563,0.858950,0.847703,0.836789,0.826298,0.816196,0.806576,0.797403,0.788778,0.780659,0.773153,0.766213,0.759948,0.754305,0.749395,0.745156,0.741696,0.738947,0.737010,0.735809,0.735436,0.735809,0.737009,0.738947,0.741694,0.745157,0.749391,0.754306,0.759943,0.766213,0.773147,0.780660,0.788771,0.797405,0.806570,0.816198,0.826292,0.836794,0.847698,0.858957,0.870559,0.882468,0.894667,0.907128,0.919832,0.932757,0.945881,0.959190,0.972656,0.986269,1.000000
40.6000,-0.000000,0.009453,0.019092,0.028927,0.038987,0.049279,0.059827,0.070634,0.081726,0.093098,0.104776,0.116754,0.129054,0.141667,0.154615,0.167881,0.181485,0.195407,0.209659,0.224218,0.239089,0.254245,0.269680,0.285366,0.301286,0.317410,0.333709,0.350155,0.366706,0.383339,0.400000,0.416672,0.433294,0.449856,0.466291,0.482601,0.498714,0.514645,0.530321,0.545766,0.560912,0.575792,0.590341,0.604603,0.618515,0.632128,0.645385,0.658341,0.670945,0.683254,0.695224,0.706911,0.718275,0.729374,0.740173,0.750730,0.761014,0.771081,0.780908,0.790554,0.800000,1.000000,0.986256,0.972659,0.959185,0.945898,0.932770,0.919867,0.907160,0.894720,0.882517,0.870627,0.859018,0.847773,0.836859,0.826365,0.816257,0.806630,0.797446,0.788807,0.780672,0.773149,0.766189,0.759905,0.754242,0.749313,0.745057,0.741582,0.738821,0.736875,0.735668,0.735294,0.735669,0.736875,0.738823,0.741583,0.745061,0.749314,0.754247,0.759904,0.766195,0.773148,0.780679,0.788806,0.797454,0.806629,0.816266,0.826366,0.836870,0.847774,0.859030,0.870627,0.882529,0.894720,0.907172,0.919866,0.932782,0.945897,0.959198,0.972659,0.986269,1.000000
40.7000,-0.000000,0.009453,0.019088,0.028917,0.038970,0.049254,0.059793,0.070592,0.081676,0.093041,0.104714,0.116688,0.128986,0.141599,0.154548,0.167817,0.181425,0.195352,0.209611,0.224177,0.239054,0.254217,0.269658,0.285350,0.301274,0.317402,0.333704,0.350151,0.366703,0.383336,0.399997,0.416669,0.433291,0.449854,0.466290,0.482603,0.498719,0.514654,0.530335,0.545786,0.560939,0.575826,0.590382,0.604649,0.618568,0.632185,0.645445,0.658403,0.671008,0.683316,0.695282,0.706964,0.718322,0.729414,0.740206,0.750753,0.761030,0.771090,0.780912,0.790554,0.800000,1.000000,0.986256,0.972657,0.959179,0.945885,0.932751,0.919841,0.907127,0.894680,0.882471,0.870575,0.858963,0.847716,0.836801,0.826309,0.816205,0.806583,0.797407,0.788779,0.780656,0.773146,0.766201,0.759932,0.754285,0.749370,0.745128,0.741665,0.738913,0.736975,0.735772,0.735400,0.735775,0.736977,0.738919,0.741669,0.745136,0.749375,0.754295,0.759938,0.766214,0.773153,0.780671,0.788786,0.797423,0.806591,0.816221,0.826316,0.836818,0.847721,0.858978,0.870579,0.882486,0.894683,0.907141,0.919842,0.932765,0.945886,0.959192,0.972657,0.986269,1.000000
40.8000,-0.000000,0.009453,0.019090,0.028921,0.038977,0.049265,0.059809,0.070612,0.081700,0.093068,0.104744,0.116720,0.129020,0.141633,0.154581,0.167849,0.181455,0.195379,0.209634,0.224197,0.239071,0.254230,0.269669,0.285358,0.301280,0.317406,0.333706,0.350153,0.366705,0.383338,0.399999,0.416671,0.433292,0.449855,0.466291,0.482602,0.498717,0.514650,0.530328,0.545777,0.560926,0.575810,0.590363,0.604628,0.618543,0.632158,0.645417,0.658374,0.670978,0.683287,0.695254,0.706938,0.718299,0.729395,0.740190,0.750742,0.761022,0.771085,0.780910,0.790554,0.800000,1.000000,0.986256,0.972658,0.959182,0.945891,0.932760,0.919853,0.907143,0.894699,0.882493,0.870600,0.858990,0.847744,0.836830,0.826338,0.816231,0.806606,0.797426,0.788792,0.780663,0.773146,0.766195,0.759918,0.754264,0.749342,0.745093,0.741625,0.738868,0.736926,0.735722,0.735349,0.735723,0.736928,0.738873,0.741628,0.745100,0.749346,0.754272,0.759922,0.766205,0.773150,0.780674,0.788795,0.797437,0.806608,0.816242,0.826339,0.836842,0.847746,0.859002,0.870602,0.882506,0.894701,0.907156,0.919854,0.932773,0.945892,0.959195,0.972658,0.986269,1.000000
40.9000,-0.000000,0.009453,0.019090,0.028923,0.038980,0.049268,0.059814,0.070618,0.081707,0.093077,0.104754,0.116731,0.129031,0.141645,0.154593,0.167861,0.181466,0.195390,0.209644,0.224206,0.239079,0.254238,0.269675,0.285364,0.301285,0.317411,0.333711,0.350158,0.366709,0.383342,0.400003,0.416675,0.433296,0.449859,0.466295,0.482606,0.498721,0.514653,0.530331,0.545779,0.560927,0.575810,0.590362,0.604626,0.618540,0.632154,0.645413,0.658370,0.670973,0.683282,0.695249,0.706934,0.718295,0.729391,0.740187,0.750739,0.761020,0.771084,0.780910,0.790554,0.800000,1.000000,0.986256,0.972658,0.959183,0.945893,0.932762,0.919857,0.907147,0.894705,0.882501,0.870609,0.858999,0.847754,0.836841,0.826348,0.816241,0.806616,0.797435,0.788800,0.780670,0.773151,0.766198,0.759920,0.754264,0.749340,0.745090,0.741619,0.738861,0.736917,0.735711,0.735336,0.735710,0.736914,0.738859,0.741614,0.745087,0.749334,0.754262,0.759913,0.766198,0.773145,0.780671,0.788794,0.797437,0.806610,0.816244,0.826342,0.836846,0.847750,0.859006,0.870606,0.882510,0.894704,0.907158,0.919856,0.932775,0.945893,0.959196,0.972658,0.986269,1.000000
41.0000,-0.000000,0.009453,0.019088,0.028916,0.038969,0.049252,0.059792,0.070590,0.081674,0.093039,0.104713,0.116687,0.128986,0.141600,0.154549,0.167819,0.181427,0.195355,0.209613,0.224179,0.239057,0.254220,0.269662,0.285354,0.301279,0.317407,0.333709,0.350157,0.366709,0.383342,0.400002,0.416675,0.433296,0.449860,0.466297,0.482609,0.498727,0.514662,0.530343,0.545795,0.560948,0.575835,0.590392,0.604660,0.618578,0.632195,0.645456,0.658414,0.671018,0.683326,0.695291,0.706972,0.718328,0.729420,0.740209,0.750756,0.761032,0.771091,0.780912,0.790554,0.800000,1.000000,0.986256,0.972657,0.959178,0.945885,0.932750,0.919840,0.907126,0.894679,0.882470,0.870575,0.858963,0.847716,0.836803,0.826311,0.816207,0.806586,0.797410,0.788783,0.780660,0.773151,0.766208,0.759940,0.754294,0.749381,0.745139,0.741677,0.738925,0.736986,0.735783,0.735410,0.735782,0.736983,0.738923,0.741672,0.745137,0.749375,0.754293,0.759934,0.766209,0.773146,0.780663,0.788778,0.797414,0.806581,0.816211,0.826306,0.836808,0.847712,0.858970,0.870572,0.882479,0.894677,0.907137,0.919839,0.932763,0.945885,0.959192,0.972657,0.986269,1.000000
41.1000,-0.000000,0.009453,0.019092,0.028927,0.038988,0.049280,0.059828,0.070635,0.081727,0.093099,0.104777,0.116755,0.129056,0.141668,0.154616,0.167882,0.181485,0.195407,0.209658,0.224217,0.239088,0.254243,0.269678,0.285365,0.301284,0.317409,0.333708,0.350154,0.366705,0.383338,0.399999,0.416671,0.433292,0.449854,0.466289,0.482599,0.498712,0.514642,0.530318,0.545763,0.560909,0.575789,0.590339,0.604600,0.618512,0.632124,0.645382,0.658338,0.670943,0.683252,0.695221,0.706908,0.718272,0.729372,0.740171,0.750728,0.761012,0.771080,0.780908,0.790554,0.800000,1.000000,0.986256,0.972659,0.959186,0.945898,0.932771,0.919868,0.907161,0.894721,0.882518,0.870628,0.859019,0.847774,0.836860,0.826366,0.816257,0.806629,0.797444,0.788805,0.780670,0.773146,0.766186,0.759901,0.754239,0.749310,0.745054,0.741579,0.738817,0.736871,0.735664,0.735290,0.735666,0.736873,0.738822,0.741582,0.745061,0.749314,0.754248,0.759906,0.766196,0.773149,0.780681,0.788808,0.797456,0.806632,0.816269,0.826369,0.836872,0.847776,0.859032,0.870629,0.882531,0.894722,0.907174,0.919868,0.932784,0.945898,0.959199,0.972659,0.986269,1.000000
41.2000,-0.000000,0.009453,0.019087,0.028914,0.038964,0.049245,0.059783,0.070579,0.081660,0.093023,0.104695,0.116668,0.128966,0.141579,0.154528,0.167799,0.181408,0.195337,0.209597,0.224165,0.239044,0.254209,0.269652,0.285345,0.301271,0.317400,0.333702,0.350150,0.366703,0.383336,0.399997,0.416669,0.433290,0.449854,0.466291,0.482604,0.498721,0.514657,0.530340,0.545793,0.560948,0.575837,0.590395,0.604665,0.618584,0.632202,0.645464,0.658422,0.671027,0.683334,0.695299,0.706980,0.718336,0.729426,0.740215,0.750760,0.761035,0.771092,0.780913,0.790554,0.800000,1.000000,0.986256,0.972656,0.959176,0.945881,0.932745,0.919833,0.907116,0.894668,0.882457,0.870560,0.858946,0.847698,0.836784,0.826293,0.816190,0.806570,0.797397,0.788772,0.780652,0.773146,0.766206,0.759941,0.754298,0.749388,0.745149,0.741690,0.738941,0.737005,0.735804,0.735432,0.735806,0.737008,0.738947,0.741695,0.745159,0.749394,0.754309,0.759947,0.766218,0.773153,0.780666,0.788779,0.797412,0.806578,0.816207,0.826301,0.836802,0.847705,0.858963,0.870565,0.882473,0.894672,0.907132,0.919835,0.932759,0.945882,0.959190,0.972656,0.986269,1.000000
41.3000,-0.000000,0.009453,0.019092,0.028927,0.038987,0.049279,0.059827,0.070634,0.081726,0.093098,0.104776,0.116754,0.129055,0.141668,0.154615,0.167882,0.181485,0.195407,0.209659,0.224218,0.239089,0.254245,0.269680,0.285366,0.301286,0.317411,0.333709,0.350156,0.366707,0.383339,0.400000,0.416672,0.433294,0.449856,0.466291,0.482601,0.498715,0.514645,0.530321,0.545767,0.560913,0.575793,0.590342,0.604603,0.618515,0.632128,0.645385,0.658341,0.670945,0.683255,0.695224,0.706911,0.718275,0.729374,0.740173,0.750729,0.761014,0.771081,0.780908,0.790554,0.800000,1.000000,0.986256,0.972659,0.959185,0.945898,0.932770,0.919867,0.907160,0.894720,0.882517,0.870627,0.859019,0.847774,0.836860,0.826366,0.816257,0.806630,0.797445,0.788807,0.780672,0.773148,0.766189,0.759905,0.754242,0.749313,0.745057,0.741582,0.738820,0.736874,0.735667,0.735294,0.735669,0.736875,0.738823,0.741583,0.745061,0.749313,0.754247,0.759903,0.766194,0.773146,0.780677,0.788805,0.797452,0.806629,0.816266,0.826365,0.836869,0.847773,0.859029,0.870627,0.882528,0.894720,0.907172,0.919866,0.932782,0.945897,0.959198,0.972659,0.986269,1.000000
41.4000,-0.000000,0.009453,0.019088,0.028917,0.038970,0.049254,0.059795,0.070594,0.081679,0.093045,0.104718,0.116692,0.128991,0.141604,0.154554,0.167823,0.181432,0.195359,0.209617,0.224183,0.239061,0.254223,0.269665,0.285356,0.301281,0.317409,0.333710,0.350158,0.366710,0.383343,0.400003,0.416676,0.433297,0.449861,0.466298,0.482610,0.498727,0.514662,0.530344,0.545795,0.560948,0.575835,0.590391,0.604659,0.618577,0.632194,0.645455,0.658413,0.671016,0.683324,0.695289,0.706970,0.718327,0.729419,0.740209,0.750756,0.761031,0.771091,0.780912,0.790554,0.800000,1.000000,0.986256,0.972657,0.959179,0.945886,0.932752,0.919842,0.907129,0.894683,0.882474,0.870579,0.858967,0.847720,0.836806,0.826315,0.816210,0.806589,0.797414,0.788786,0.780663,0.773153,0.766208,0.759939,0.754292,0.749377,0.745135,0.741672,0.738919,0.736980,0.735778,0.735405,0.735778,0.736979,0.738919,0.741668,0.745134,0.749372,0.754291,0.759932,0.766207,0.773145,0.780663,0.788778,0.797415,0.806582,0.816212,0.826308,0.836809,0.847713,0.858971,0.870573,0.882480,0.894678,0.907137,0.919839,0.932763,0.945884,0.959192,0.972656,0.986269,1.000000
41.5000,-0.000000,0.009453,0.019090,0.028922,0.038979,0.049267,0.059812,0.070615,0.081704,0.093073,0.104750,0.116726,0.129026,0.141639,0.154587,0.167855,0.181460,0.195384,0.209639,0.224201,0.239075,0.254234,0.269672,0.285361,0.301283,0.317409,0.333709,0.350156,0.366707,0.383340,0.400001,0.416673,0.433295,0.449857,0.466293,0.482604,0.498720,0.514652,0.530330,0.545778,0.560927,0.575810,0.590363,0.604627,0.618542,0.632157,0.645415,0.658373,0.670976,0.683285,0.695252,0.706936,0.718297,0.729393,0.740188,0.750740,0.761021,0.771085,0.780910,0.790554,0.800000,1.000000,0.986256,0.972658,0.959182,0.945892,0.932762,0.919855,0.907145,0.894703,0.882498,0.870605,0.858995,0.847750,0.836836,0.826343,0.816236,0.806611,0.797430,0.788796,0.780667,0.773149,0.766197,0.759920,0.754264,0.749342,0.745092,0.741622,0.738865,0.736922,0.735717,0.735343,0.735717,0.736921,0.738866,0.741621,0.745093,0.749340,0.754267,0.759917,0.766201,0.773148,0.780672,0.788794,0.797437,0.806609,0.816242,0.826340,0.836843,0.847747,0.859004,0.870604,0.882508,0.894702,0.907157,0.919855,0.932774,0.945892,0.959196,0.972658,0.986269,1.000000
41.6000,-0.000000,0.009453,0.019090,0.028921,0.038978,0.049265,0.059810,0.070612,0.081700,0.093069,0.104745,0.116721,0.129021,0.141634,0.154582,0.167850,0.181455,0.195379,0.209634,0.224196,0.239070,0.254229,0.269667,0.285356,0.301278,0.317404,0.333705,0.350152,0.366703,0.383336,0.399997,0.416669,0.433291,0.449853,0.466289,0.482600,0.498715,0.514647,0.530326,0.545774,0.560922,0.575806,0.590359,0.604623,0.618538,0.632152,0.645411,0.658368,0.670973,0.683281,0.695249,0.706934,0.718295,0.729391,0.740187,0.750740,0.761021,0.771084,0.780910,0.790554,0.800000,1.000000,0.986256,0.972658,0.959182,0.945891,0.932760,0.919853,0.907143,0.894700,0.882494,0.870602,0.858991,0.847745,0.836832,0.826338,0.816232,0.806607,0.797426,0.788792,0.780663,0.773145,0.766193,0.759916,0.754261,0.749340,0.745090,0.741621,0.738865,0.736922,0.735717,0.735344,0.735719,0.736923,0.738869,0.741624,0.745097,0.749344,0.754271,0.759922,0.766205,0.773152,0.780677,0.788799,0.797441,0.806613,0.816247,0.826344,0.836847,0.847751,0.859007,0.870606,0.882510,0.894704,0.907158,0.919856,0.932775,0.945892,0.959196,0.972658,0.986269,1.000000
41.7000,-0.000000,0.009453,0.019088,0.028917,0.038969,0.049253,0.059793,0.070592,0.081675,0.093041,0.104714,0.116688,0.128987,0.141599,0.154548,0.167818,0.181426,0.195353,0.209611,0.224176,0.239054,0.254216,0.269658,0.285350,0.301274,0.317402,0.333704,0.350152,0.366703,0.383337,0.399998,0.416669,0.433291,0.449854,0.466291,0.482603,0.498720,0.514655,0.530336,0.545787,0.560940,0.575827,0.590383,0.604651,0.618568,0.632186,0.645446,0.658404,0.671009,0.683317,0.695283,0.706965,0.718322,0.729414,0.740205,0.750753,0.761029,0.771089,0.780911,0.790554,0.800000,1.000000,0.986256,0.972657,0.959178,0.945885,0.932751,0.919841,0.907127,0.894680,0.882471,0.870576,0.858963,0.847716,0.836802,0.826310,0.816205,0.806584,0.797407,0.788779,0.780656,0.773146,0.766201,0.759932,0.754286,0.749372,0.745130,0.741667,0.738916,0.736977,0.735775,0.735402,0.735776,0.736978,0.738920,0.741670,0.745137,0.749376,0.754296,0.759938,0.766213,0.773152,0.780670,0.788785,0.797422,0.806590,0.816220,0.826315,0.836817,0.847720,0.858977,0.870578,0.882485,0.894682,0.907141,0.919842,0.932765,0.945886,0.959192,0.972657,0.986269,1.000000
41.8000,-0.000000,0.009453,0.019092,0.028927,0.038987,0.049279,0.059828,0.070635,0.081727,0.093099,0.104777,0.116754,0.129055,0.141668,0.154616,0.167882,0.181486,0.195408,0.209660,0.224220,0.239090,0.254247,0.269682,0.285368,0.301288,0.317413,0.333711,0.350158,0.366709,0.383341,0.400002,0.416674,0.433296,0.449858,0.466293,0.482603,0.498717,0.514647,0.530323,0.545769,0.560915,0.575795,0.590345,0.604606,0.618519,0.632132,0.645389,0.658345,0.670950,0.683259,0.695227,0.706914,0.718277,0.729376,0.740174,0.750729,0.761014,0.771080,0.780908,0.790554,0.800000,1.000000,0.986256,0.972659,0.959186,0.945898,0.932771,0.919868,0.907161,0.894721,0.882518,0.870627,0.859019,0.847774,0.836860,0.826367,0.816258,0.806631,0.797447,0.788808,0.780674,0.773150,0.766192,0.759908,0.754246,0.749318,0.745061,0.741587,0.738825,0.736878,0.735671,0.735297,0.735672,0.736877,0.738825,0.741584,0.745062,0.749314,0.754247,0.759903,0.766193,0.773146,0.780676,0.788803,0.797450,0.806626,0.816263,0.826362,0.836866,0.847770,0.859026,0.870624,0.882526,0.894718,0.907171,0.919866,0.932782,0.945897,0.959199,0.972659,0.986269,1.000000
41.9000,-0.000000,0.009453,0.019087,0.028915,0.038966,0.049248,0.059786,0.070583,0.081665,0.093029,0.104702,0.116675,0.128975,0.141588,0.154538,0.167809,0.181418,0.195347,0.209607,0.224174,0.239054,0.254218,0.269661,0.285354,0.301279,0.317407,0.333709,0.350157,0.366709,0.383342,0.400003,0.416675,0.433297,0.449860,0.466298,0.482611,0.498729,0.514665,0.530348,0.545801,0.560955,0.575844,0.590402,0.604670,0.618589,0.632207,0.645468,0.658426,0.671030,0.683338,0.695302,0.706982,0.718338,0.729428,0.740216,0.750761,0.761035,0.771092,0.780913,0.790554,0.800000,1.000000,0.986256,0.972656,0.959177,0.945882,0.932747,0.919835,0.907120,0.894672,0.882462,0.870566,0.858953,0.847706,0.836793,0.826302,0.816199,0.806579,0.797406,0.788780,0.780660,0.773154,0.766212,0.759947,0.754303,0.749392,0.745152,0.741691,0.738941,0.737003,0.735801,0.735428,0.735801,0.737002,0.738941,0.741688,0.745151,0.749386,0.754301,0.759939,0.766210,0.773144,0.780658,0.788771,0.797406,0.806572,0.816201,0.826296,0.836798,0.847702,0.858960,0.870562,0.882471,0.894670,0.907130,0.919834,0.932759,0.945882,0.959190,0.972656,0.986269,1.000000
42.0000,-0.000000,0.009453,0.019092,0.028927,0.038987,0.049279,0.059827,0.070634,0.081725,0.093097,0.104775,0.116753,0.129054,0.141667,0.154614,0.167881,0.181484,0.195406,0.209657,0.224216,0.239087,0.254243,0.269679,0.285365,0.301285,0.317409,0.333708,0.350155,0.366706,0.383339,0.400000,0.416672,0.433293,0.449855,0.466290,0.482600,0.498714,0.514644,0.530320,0.545765,0.560911,0.575791,0.590341,0.604602,0.618515,0.632127,0.645385,0.658341,0.670945,0.683255,0.695224,0.706911,0.718275,0.729374,0.740173,0.750729,0.761013,0.771080,0.780908,0.790554,0.800000,1.000000,0.986256,0.972659,0.959185,0.945898,0.932770,0.919867,0.907159,0.894720,0.882517,0.870626,0.859018,0.847773,0.836859,0.826365,0.816256,0.806628,0.797444,0.788805,0.780670,0.773146,0.766187,0.759904,0.754242,0.749313,0.745057,0.741583,0.738821,0.736875,0.735668,0.735295,0.735670,0.736876,0.738825,0.741585,0.745063,0.749315,0.754249,0.759906,0.766196,0.773148,0.780679,0.788806,0.797453,0.806630,0.816267,0.826366,0.836870,0.847774,0.859029,0.870627,0.882529,0.894720,0.907172,0.919866,0.932783,0.945898,0.959199,0.972659,0.986269,1.000000
42.1000,-0.000000,0.009453,0.019088,0.028916,0.038969,0.049252,0.059791,0.070589,0.081673,0.093038,0.104711,0.116684,0.128983,0.141596,0.154544,0.167814,0.181422,0.195349,0.209607,0.224173,0.239051,0.254214,0.269656,0.285348,0.301272,0.317401,0.333702,0.350150,0.366702,0.383335,0.399996,0.416668,0.433290,0.449853,0.466290,0.482602,0.498718,0.514654,0.530335,0.545787,0.560939,0.575827,0.590383,0.604651,0.618569,0.632187,0.645448,0.658406,0.671011,0.683319,0.695285,0.706966,0.718324,0.729416,0.740206,0.750754,0.761030,0.771090,0.780912,0.790554,0.800000,1.000000,0.986256,0.972656,0.959178,0.945884,0.932750,0.919839,0.907125,0.894678,0.882469,0.870573,0.858960,0.847713,0.836798,0.826306,0.816201,0.806580,0.797404,0.788776,0.780654,0.773144,0.766200,0.759932,0.754286,0.749372,0.745131,0.741669,0.738918,0.736980,0.735778,0.735406,0.735780,0.736983,0.738924,0.741674,0.745141,0.749380,0.754299,0.759941,0.766216,0.773154,0.780671,0.788786,0.797422,0.806589,0.816219,0.826314,0.836815,0.847718,0.858976,0.870577,0.882483,0.894681,0.907140,0.919841,0.932764,0.945885,0.959192,0.972657,0.986269,1.000000
42.2000,-0.000000,0.009453,0.019090,0.028922,0.038979,0.049268,0.059813,0.070616,0.081704,0.093074,0.104750,0.116726,0.129027,0.141640,0.154588,0.167855,0.181461,0.195385,0.209639,0.224201,0.239075,0.254233,0.269671,0.285360,0.301281,0.317407,0.333707,0.350154,0.366706,0.383338,0.399999,0.416671,0.433293,0.449855,0.466291,0.482602,0.498717,0.514649,0.530327,0.545775,0.560923,0.575806,0.590359,0.604623,0.618537,0.632152,0.645411,0.658367,0.670972,0.683280,0.695248,0.706933,0.718294,0.729390,0.740186,0.750738,0.761020,0.771084,0.780909,0.790554,0.800000,1.000000,0.986256,0.972658,0.959182,0.945892,0.932762,0.919855,0.907146,0.894703,0.882498,0.870606,0.858996,0.847750,0.836836,0.826343,0.816236,0.806611,0.797430,0.788796,0.780666,0.773147,0.766194,0.759916,0.754261,0.749338,0.745087,0.741617,0.738860,0.736916,0.735711,0.735338,0.735712,0.736917,0.738862,0.741618,0.745091,0.749338,0.754266,0.759917,0.766202,0.773149,0.780674,0.788797,0.797440,0.806612,0.816246,0.826344,0.836847,0.847751,0.859008,0.870607,0.882511,0.894705,0.907159,0.919857,0.932775,0.945893,0.959196,0.972658,0.986269,1.000000
42.3000,-0.000000,0.009453,0.019090,0.028922,0.038978,0.049266,0.059811,0.070614,0.081702,0.093071,0.104747,0.116724,0.129024,0.141637,0.154586,0.167854,0.181460,0.195384,0.209639,0.224202,0.239076,0.254235,0.269674,0.285363,0.301285,0.317412,0.333712,0.350158,0.366710,0.383343,0.400004,0.416676,0.433297,0.449860,0.466296,0.482607,0.498722,0.514656,0.530334,0.545783,0.560932,0.575816,0.590369,0.604634,0.618549,0.632164,0.645423,0.658379,0.670983,0.683291,0.695258,0.706942,0.718302,0.729397,0.740192,0.750743,0.761022,0.771085,0.780910,0.790554,0.800000,1.000000,0.986256,0.972658,0.959182,0.945892,0.932761,0.919854,0.907145,0.894702,0.882496,0.870604,0.858994,0.847748,0.836835,0.826342,0.816236,0.806611,0.797431,0.788798,0.780669,0.773152,0.766201,0.759924,0.754270,0.749349,0.745100,0.741631,0.738874,0.736931,0.735725,0.735351,0.735725,0.736928,0.738872,0.741625,0.745097,0.749342,0.754268,0.759917,0.766199,0.773144,0.780668,0.788790,0.797431,0.806603,0.816237,0.826334,0.836838,0.847742,0.858999,0.870599,0.882504,0.894699,0.907154,0.919853,0.932773,0.945891,0.959195,0.972658,0.986269,1.000000
42.4000,-0.000000,0.009453,0.019088,0.028918,0.038971,0.049256,0.059797,0.070596,0.081681,0.093048,0.104722,0.116696,0.128996,0.141609,0.154558,0.167827,0.181435,0.195361,0.209619,0.224184,0.239061,0.254224,0.269665,0.285356,0.301280,0.317408,0.333709,0.350157,0.366709,0.383342,0.400002,0.416675,0.433296,0.449859,0.466296,0.482608,0.498725,0.514660,0.530341,0.545792,0.560944,0.575831,0.590386,0.604654,0.618571,0.632187,0.645448,0.658405,0.671009,0.683317,0.695283,0.706964,0.718322,0.729414,0.740205,0.750753,0.761029,0.771089,0.780911,0.790554,0.800000,1.000000,0.986256,0.972657,0.959179,0.945886,0.932753,0.919843,0.907130,0.894685,0.882476,0.870582,0.858970,0.847724,0.836810,0.826318,0.816213,0.806591,0.797414,0.788785,0.780661,0.773150,0.766205,0.759935,0.754287,0.749372,0.745128,0.741664,0.738911,0.736971,0.735768,0.735395,0.735768,0.736970,0.738911,0.741662,0.745129,0.749368,0.754288,0.759931,0.766207,0.773146,0.780664,0.788780,0.797418,0.806586,0.816218,0.826313,0.836815,0.847719,0.858977,0.870578,0.882485,0.894682,0.907141,0.919842,0.932765,0.945886,0.959192,0.972657,0.986269,1.000000
42.5000,-0.000000,0.009453,0.019091,0.028926,0.038985,0.049276,0.059824,0.070630,0.081721,0.093092,0.104769,0.116746,0.129046,0.141659,0.154607,0.167874,0.181478,0.195400,0.209652,0.224212,0.239083,0.254240,0.269675,0.285362,0.301283,0.317408,0.333707,0.350153,0.366704,0.383337,0.399998,0.416670,0.433291,0.449854,0.466289,0.482599,0.498712,0.514643,0.530319,0.545765,0.560911,0.575792,0.590342,0.604604,0.618517,0.632130,0.645387,0.658343,0.670948,0.683257,0.695226,0.706913,0.718276,0.729375,0.740174,0.750729,0.761014,0.771080,0.780908,0.790554,0.800000,1.000000,0.986256,0.972659,0.959185,0.945897,0.932769,0.919865,0.907157,0.894717,0.882512,0.870621,0.859012,0.847767,0.836853,0.826359,0.816251,0.806624,0.797440,0.788802,0.780669,0.773146,0.766188,0.759906,0.754245,0.749318,0.745063,0.741590,0.738829,0.736884,0.735677,0.735304,0.735679,0.736885,0.738833,0.741592,0.745069,0.749321,0.754253,0.759909,0.766199,0.773150,0.780680,0.788807,0.797453,0.806628,0.816265,0.826364,0.836868,0.847771,0.859027,0.870625,0.882527,0.894719,0.907171,0.919866,0.932782,0.945898,0.959199,0.972659,0.986269,1.000000
42.6000,-0.000000,0.009453,0.019087,0.028915,0.038966,0.049247,0.059785,0.070581,0.081663,0.093027,0.104699,0.116672,0.128971,0.141584,0.154533,0.167803,0.181412,0.195340,0.209600,0.224167,0.239046,0.254210,0.269653,0.285346,0.301271,0.317400,0.333702,0.350150,0.366702,0.383335,0.399996,0.416669,0.433290,0.449854,0.466290,0.482603,0.498720,0.514656,0.530339,0.545792,0.560945,0.575834,0.590392,0.604660,0.618579,0.632197,0.645458,0.658417,0.671021,0.683329,0.695294,0.706975,0.718332,0.729423,0.740212,0.750758,0.761033,0.771091,0.780912,0.790554,0.800000,1.000000,0.986256,0.972656,0.959177,0.945882,0.932746,0.919834,0.907119,0.894671,0.882460,0.870563,0.858950,0.847703,0.836789,0.826297,0.816194,0.806573,0.797399,0.788772,0.780652,0.773145,0.766204,0.759938,0.754295,0.749383,0.745144,0.741684,0.738934,0.736997,0.735796,0.735425,0.735799,0.737000,0.738941,0.741689,0.745153,0.749389,0.754306,0.759945,0.766217,0.773153,0.780668,0.788781,0.797416,0.806581,0.816211,0.826305,0.836806,0.847710,0.858967,0.870569,0.882476,0.894675,0.907134,0.919837,0.932761,0.945883,0.959191,0.972656,0.986269,1.000000
42.7000,-0.000000,0.009453,0.019092,0.028927,0.038987,0.049279,0.059828,0.070635,0.081726,0.093099,0.104777,0.116754,0.129055,0.141668,0.154615,0.167882,0.181486,0.195407,0.209659,0.224218,0.239089,0.254245,0.269681,0.285367,0.301287,0.317411,0.333710,0.350157,0.366708,0.383340,0.400001,0.416673,0.433295,0.449857,0.466292,0.482602,0.498716,0.514646,0.530322,0.545768,0.560914,0.575795,0.590345,0.604606,0.618518,0.632131,0.645388,0.658344,0.670949,0.683258,0.695227,0.706913,0.718277,0.729376,0.740174,0.750730,0.761014,0.771081,0.780908,0.790554,0.800000,1.000000,0.986256,0.972659,0.959186,0.945898,0.932770,0.919867,0.907161,0.894721,0.882518,0.870627,0.859019,0.847774,0.836860,0.826366,0.816257,0.806630,0.797445,0.788806,0.780672,0.773148,0.766190,0.759906,0.754244,0.749315,0.745059,0.741585,0.738823,0.736877,0.735670,0.735296,0.735671,0.736878,0.738826,0.741585,0.745063,0.749315,0.754248,0.759904,0.766194,0.773146,0.780677,0.788804,0.797451,0.806627,0.816264,0.826363,0.836867,0.847771,0.859027,0.870625,0.882527,0.894719,0.907171,0.919865,0.932782,0.945897,0.959198,0.972659,0.986269,1.000000
42.8000,-0.000000,0.009453,0.019088,0.028917,0.038969,0.049253,0.059793,0.070592,0.081676,0.093042,0.104716,0.116690,0.128989,0.141603,0.154552,0.167822,0.181430,0.195358,0.209616,0.224183,0.239060,0.254223,0.269665,0.285357,0.301281,0.317409,0.333711,0.350159,0.366710,0.383343,0.400004,0.416676,0.433298,0.449861,0.466298,0.482611,0.498728,0.514663,0.530344,0.545796,0.560949,0.575837,0.590393,0.604661,0.618579,0.632196,0.645456,0.658414,0.671018,0.683326,0.695291,0.706972,0.718328,0.729420,0.740209,0.750756,0.761032,0.771090,0.780912,0.790554,0.800000,1.000000,0.986256,0.972657,0.959178,0.945885,0.932751,0.919840,0.907127,0.894680,0.882472,0.870577,0.858965,0.847718,0.836805,0.826313,0.816209,0.806588,0.797413,0.788785,0.780663,0.773153,0.766209,0.759941,0.754294,0.749381,0.745138,0.741675,0.738923,0.736984,0.735781,0.735407,0.735780,0.736981,0.738921,0.741670,0.745135,0.749373,0.754291,0.759932,0.766206,0.773144,0.780661,0.788776,0.797412,0.806580,0.816210,0.826306,0.836808,0.847712,0.858970,0.870572,0.882479,0.894677,0.907137,0.919839,0.932762,0.945884,0.959191,0.972657,0.986269,1.000000
42.9000,-0.000000,0.009453,0.019090,0.028923,0.038980,0.049268,0.059814,0.070618,0.081707,0.093077,0.104754,0.116731,0.129031,0.141644,0.154592,0.167859,0.181465,0.195388,0.209642,0.224204,0.239077,0.254236,0.269673,0.285361,0.301283,0.317409,0.333709,0.350156,0.366707,0.383340,0.400001,0.416673,0.433295,0.449857,0.466293,0.482604,0.498719,0.514650,0.530328,0.545775,0.560924,0.575807,0.590359,0.604622,0.618537,0.632151,0.645410,0.658367,0.670970,0.683279,0.695247,0.706932,0.718293,0.729389,0.740185,0.750738,0.761019,0.771084,0.780910,0.790554,0.800000,1.000000,0.986256,0.972658,0.959183,0.945893,0.932762,0.919856,0.907148,0.894706,0.882500,0.870609,0.858999,0.847753,0.836840,0.826346,0.816239,0.806614,0.797433,0.788798,0.780667,0.773148,0.766195,0.759916,0.754260,0.749337,0.745086,0.741616,0.738858,0.736914,0.735709,0.735335,0.735709,0.736913,0.738858,0.741614,0.745087,0.749335,0.754264,0.759915,0.766200,0.773148,0.780674,0.788797,0.797440,0.806613,0.816247,0.826345,0.836848,0.847752,0.859009,0.870608,0.882512,0.894706,0.907160,0.919857,0.932776,0.945893,0.959196,0.972658,0.986269,1.000000
43.0000,-0.000000,0.009453,0.019089,0.028920,0.038976,0.049263,0.059806,0.070608,0.081695,0.093064,0.104739,0.116714,0.129014,0.141627,0.154574,0.167842,0.181448,0.195373,0.209628,0.224191,0.239065,0.254225,0.269664,0.285353,0.301276,0.317403,0.333703,0.350151,0.366702,0.383335,0.399996,0.416668,0.433290,0.449852,0.466288,0.482600,0.498715,0.514647,0.530326,0.545775,0.560925,0.575809,0.590363,0.604628,0.618544,0.632159,0.645418,0.658376,0.670981,0.683289,0.695257,0.706941,0.718302,0.729397,0.740191,0.750743,0.761022,0.771085,0.780910,0.790554,0.800000,1.000000,0.986256,0.972658,0.959181,0.945890,0.932758,0.919851,0.907140,0.894696,0.882490,0.870597,0.858986,0.847739,0.836825,0.826332,0.816225,0.806600,0.797421,0.788787,0.780659,0.773143,0.766192,0.759917,0.754264,0.749344,0.745096,0.741629,0.738873,0.736932,0.735729,0.735356,0.735731,0.736935,0.738880,0.741634,0.745106,0.749351,0.754278,0.759926,0.766208,0.773153,0.780676,0.788797,0.797438,0.806608,0.816241,0.826338,0.836840,0.847744,0.859001,0.870600,0.882504,0.894699,0.907154,0.919853,0.932772,0.945891,0.959195,0.972658,0.986269,1.000000
43.1000,-0.000000,0.009453,0.019088,0.028918,0.038971,0.049256,0.059797,0.070596,0.081681,0.093047,0.104721,0.116695,0.128994,0.141607,0.154556,0.167825,0.181432,0.195359,0.209616,0.224181,0.239058,0.254220,0.269661,0.285352,0.301276,0.317403,0.333705,0.350152,0.366704,0.383337,0.399998,0.416670,0.433292,0.449854,0.466291,0.482603,0.498720,0.514654,0.530334,0.545785,0.560936,0.575822,0.590378,0.604645,0.618562,0.632179,0.645439,0.658396,0.671000,0.683308,0.695274,0.706957,0.718315,0.729409,0.740201,0.750750,0.761028,0.771088,0.780911,0.790554,0.800000,1.000000,0.986256,0.972657,0.959179,0.945886,0.932753,0.919843,0.907130,0.894685,0.882476,0.870581,0.858969,0.847723,0.836808,0.826316,0.816211,0.806588,0.797412,0.788782,0.780658,0.773146,0.766200,0.759930,0.754281,0.749365,0.745121,0.741657,0.738904,0.736964,0.735762,0.735389,0.735763,0.736965,0.738908,0.741659,0.745127,0.749368,0.754290,0.759934,0.766211,0.773151,0.780670,0.788787,0.797425,0.806594,0.816225,0.826321,0.836824,0.847727,0.858985,0.870585,0.882491,0.894687,0.907145,0.919845,0.932767,0.945887,0.959193,0.972657,0.986269,1.000000
43.2000,-0.000000,0.009453,0.019091,0.028926,0.038985,0.049276,0.059824,0.070630,0.081720,0.093092,0.104770,0.116747,0.129048,0.141661,0.154609,0.167876,0.181481,0.195403,0.209656,0.224216,0.239088,0.254245,0.269681,0.285368,0.301288,0.317413,0.333712,0.350158,0.366709,0.383342,0.400003,0.416675,0.433296,0.449859,0.466294,0.482604,0.498718,0.514650,0.530326,0.545773,0.560919,0.575801,0.590351,0.604613,0.618526,0.632139,0.645396,0.658353,0.670956,0.683266,0.695234,0.706920,0.718282,0.729381,0.740178,0.750733,0.761016,0.771082,0.780909,0.790554,0.800000,1.000000,0.986256,0.972659,0.959185,0.945897,0.932768,0.919864,0.907156,0.894716,0.882512,0.870622,0.859013,0.847768,0.836854,0.826361,0.816253,0.806627,0.797444,0.788807,0.780674,0.773152,0.766195,0.759912,0.754252,0.749325,0.745070,0.741596,0.738835,0.736890,0.735683,0.735309,0.735683,0.736888,0.738835,0.741593,0.745069,0.749319,0.754251,0.759905,0.766193,0.773143,0.780672,0.788798,0.797445,0.806620,0.816256,0.826356,0.836860,0.847764,0.859020,0.870619,0.882522,0.894714,0.907167,0.919863,0.932780,0.945896,0.959198,0.972659,0.986269,1.000000
43.3000,-0.000000,0.009453,0.019088,0.028916,0.038968,0.049251,0.059790,0.070587,0.081671,0.093035,0.104708,0.116682,0.128981,0.141594,0.154543,0.167814,0.181422,0.195351,0.209610,0.224177,0.239056,0.254219,0.269661,0.285354,0.301279,0.317407,0.333709,0.350157,0.366709,0.383342,0.400003,0.416675,0.433297,0.449860,0.466297,0.482610,0.498728,0.514664,0.530346,0.545799,0.560952,0.575840,0.590398,0.604666,0.618585,0.632203,0.645464,0.658422,0.671026,0.683333,0.695298,0.706979,0.718335,0.729425,0.740214,0.750760,0.761035,0.771092,0.780913,0.790554,0.800000,1.000000,0.986256,0.972656,0.959178,0.945884,0.932749,0.919838,0.907123,0.894676,0.882467,0.870571,0.858958,0.847711,0.836798,0.826306,0.816203,0.806583,0.797408,0.788782,0.780661,0.773153,0.766211,0.759944,0.754299,0.749386,0.745145,0.741684,0.738933,0.736995,0.735793,0.735420,0.735793,0.736994,0.738934,0.741682,0.745146,0.749382,0.754299,0.759938,0.766210,0.773146,0.780661,0.788774,0.797409,0.806576,0.816205,0.826300,0.836802,0.847706,0.858964,0.870566,0.882473,0.894672,0.907132,0.919835,0.932759,0.945882,0.959190,0.972656,0.986269,1.000000
43.4000,-0.000000,0.009453,0.019091,0.028926,0.038986,0.049277,0.059825,0.070632,0.081723,0.093095,0.104773,0.116750,0.129051,0.141664,0.154611,0.167877,0.181481,0.195403,0.209655,0.224214,0.239085,0.254242,0.269677,0.285364,0.301284,0.317409,0.333708,0.350154,0.366705,0.383338,0.399999,0.416671,0.433292,0.449854,0.466289,0.482599,0.498713,0.514644,0.530320,0.545765,0.560911,0.575791,0.590341,0.604603,0.618515,0.632128,0.645386,0.658342,0.670946,0.683256,0.695225,0.706912,0.718275,0.729374,0.740173,0.750729,0.761013,0.771080,0.780908,0.790554,0.800000,1.000000,0.986256,0.972659,0.959185,0.945897,0.932769,0.919866,0.907159,0.894718,0.882515,0.870624,0.859016,0.847770,0.836857,0.826363,0.816254,0.806626,0.797442,0.788804,0.780670,0.773147,0.766188,0.759905,0.754244,0.749316,0.745060,0.741586,0.738825,0.736879,0.735673,0.735299,0.735674,0.736880,0.738828,0.741587,0.745066,0.749318,0.754251,0.759907,0.766197,0.773149,0.780680,0.788807,0.797454,0.806629,0.816266,0.826365,0.836869,0.847773,0.859028,0.870626,0.882528,0.894720,0.907172,0.919866,0.932783,0.945898,0.959199,0.972659,0.986269,1.000000
43.5000,-0.000000,0.009453,0.019088,0.028916,0.038968,0.049250,0.059790,0.070587,0.081671,0.093036,0.104709,0.116682,0.128981,0.141594,0.154543,0.167813,0.181421,0.195348,0.209606,0.224172,0.239050,0.254213,0.269655,0.285348,0.301272,0.317401,0.333702,0.350150,0.366702,0.383335,0.399996,0.416668,0.433290,0.449853,0.466290,0.482602,0.498719,0.514654,0.530335,0.545787,0.560940,0.575827,0.590384,0.604652,0.618570,0.632187,0.645448,0.658406,0.671011,0.683319,0.695284,0.706966,0.718324,0.729416,0.740206,0.750754,0.761030,0.771090,0.780912,0.790554,0.800000,1.000000,0.986256,0.972656,0.959178,0.945884,0.932749,0.919838,0.907123,0.894676,0.882466,0.870571,0.858959,0.847712,0.836798,0.826306,0.816201,0.806579,0.797404,0.788775,0.780653,0.773144,0.766200,0.759932,0.754287,0.749374,0.745132,0.741671,0.738919,0.736981,0.735779,0.735407,0.735781,0.736983,0.738925,0.741675,0.745142,0.749380,0.754299,0.759941,0.766215,0.773153,0.780670,0.788785,0.797421,0.806588,0.816218,0.826313,0.836815,0.847718,0.858976,0.870577,0.882484,0.894681,0.907140,0.919841,0.932764,0.945885,0.959192,0.972657,0.986269,1.000000
43.6000,-0.000000,0.009453,0.019090,0.028923,0.038981,0.049270,0.059816,0.070620,0.081709,0.093079,0.104756,0.116732,0.129032,0.141646,0.154593,0.167861,0.181466,0.195389,0.209643,0.224204,0.239077,0.254235,0.269673,0.285361,0.301282,0.317408,0.333708,0.350155,0.366706,0.383339,0.400000,0.416672,0.433294,0.449856,0.466292,0.482602,0.498717,0.514649,0.530327,0.545774,0.560922,0.575805,0.590357,0.604620,0.618535,0.632149,0.645407,0.658364,0.670969,0.683278,0.695246,0.706931,0.718292,0.729389,0.740185,0.750738,0.761019,0.771084,0.780909,0.790554,0.800000,1.000000,0.986256,0.972658,0.959183,0.945893,0.932763,0.919858,0.907149,0.894707,0.882502,0.870610,0.859001,0.847755,0.836841,0.826348,0.816240,0.806615,0.797433,0.788797,0.780666,0.773147,0.766193,0.759914,0.754257,0.749334,0.745083,0.741613,0.738855,0.736911,0.735706,0.735332,0.735706,0.736911,0.738857,0.741613,0.745087,0.749335,0.754264,0.759916,0.766201,0.773149,0.780675,0.788798,0.797442,0.806615,0.816249,0.826347,0.836850,0.847754,0.859010,0.870609,0.882512,0.894706,0.907160,0.919857,0.932776,0.945893,0.959196,0.972658,0.986269,1.000000
43.7000,-0.000000,0.009453,0.019090,0.028921,0.038977,0.049264,0.059808,0.070610,0.081697,0.093066,0.104742,0.116717,0.129017,0.141631,0.154579,0.167848,0.181454,0.195379,0.209635,0.224198,0.239073,0.254233,0.269673,0.285362,0.301285,0.317411,0.333712,0.350159,0.366710,0.383343,0.400004,0.416676,0.433298,0.449860,0.466297,0.482608,0.498724,0.514657,0.530337,0.545786,0.560936,0.575820,0.590374,0.604639,0.618555,0.632170,0.645429,0.658386,0.670990,0.683298,0.695264,0.706948,0.718307,0.729401,0.740195,0.750745,0.761024,0.771087,0.780911,0.790554,0.800000,1.000000,0.986256,0.972658,0.959182,0.945890,0.932759,0.919852,0.907141,0.894698,0.882491,0.870598,0.858988,0.847742,0.836829,0.826336,0.816230,0.806606,0.797427,0.788795,0.780668,0.773153,0.766203,0.759928,0.754275,0.749355,0.745106,0.741638,0.738882,0.736940,0.735735,0.735360,0.735734,0.736937,0.738880,0.741633,0.745103,0.749347,0.754271,0.759919,0.766200,0.773143,0.780666,0.788786,0.797427,0.806598,0.816231,0.826328,0.836831,0.847736,0.858993,0.870593,0.882499,0.894694,0.907151,0.919850,0.932771,0.945890,0.959194,0.972658,0.986269,1.000000
43.8000,-0.000000,0.009453,0.019089,0.028919,0.038973,0.049258,0.059800,0.070600,0.081686,0.093053,0.104727,0.116702,0.129001,0.141614,0.154563,0.167832,0.181440,0.195366,0.209623,0.224188,0.239065,0.254226,0.269666,0.285357,0.301280,0.317408,0.333709,0.350156,0.366708,0.383341,0.400002,0.416674,0.433296,0.449858,0.466295,0.482607,0.498723,0.514658,0.530338,0.545788,0.560940,0.575826,0.590381,0.604647,0.618564,0.632180,0.645440,0.658397,0.671001,0.683308,0.695274,0.706956,0.718315,0.729408,0.740201,0.750750,0.761027,0.771088,0.780911,0.790554,0.800000,1.000000,0.986256,0.972657,0.959180,0.945887,0.932755,0.919846,0.907134,0.894689,0.882481,0.870586,0.858975,0.847728,0.836815,0.826323,0.816218,0.806595,0.797418,0.788788,0.780664,0.773151,0.766204,0.759932,0.754282,0.749365,0.745120,0.741654,0.738900,0.736960,0.735756,0.735383,0.735756,0.736959,0.738901,0.741653,0.745121,0.749362,0.754283,0.759927,0.766205,0.773146,0.780665,0.788783,0.797421,0.806591,0.816223,0.826320,0.836822,0.847727,0.858985,0.870585,0.882492,0.894688,0.907145,0.919845,0.932767,0.945887,0.959193,0.972657,0.986269,1.000000
43.9000,-0.000000,0.009453,0.019091,0.028925,0.038984,0.049274,0.059821,0.070626,0.081716,0.093086,0.104763,0.116740,0.129040,0.141653,0.154600,0.167867,0.181471,0.195394,0.209647,0.224207,0.239079,0.254236,0.269673,0.285360,0.301281,0.317406,0.333706,0.350152,0.366704,0.383336,0.399997,0.416669,0.433291,0.449853,0.466288,0.482599,0.498713,0.514644,0.530321,0.545767,0.560914,0.575796,0.590347,0.604609,0.618523,0.632136,0.645394,0.658351,0.670955,0.683265,0.695233,0.706920,0.718283,0.729381,0.740179,0.750733,0.761016,0.771082,0.780909,0.790554,0.800000,1.000000,0.986256,0.972659,0.959184,0.945895,0.932766,0.919862,0.907153,0.894712,0.882508,0.870616,0.859007,0.847761,0.836847,0.826353,0.816245,0.806618,0.797435,0.788798,0.780665,0.773144,0.766188,0.759907,0.754248,0.749322,0.745069,0.741596,0.738837,0.736893,0.735687,0.735314,0.735690,0.736896,0.738843,0.741602,0.745078,0.749328,0.754259,0.759913,0.766201,0.773151,0.780679,0.788805,0.797450,0.806624,0.816260,0.826359,0.836862,0.847766,0.859021,0.870619,0.882522,0.894714,0.907167,0.919862,0.932780,0.945896,0.959198,0.972659,0.986269,1.000000
44.0000,-0.000000,0.009453,0.019087,0.028916,0.038967,0.049249,0.059788,0.070585,0.081668,0.093032,0.104705,0.116678,0.128977,0.141589,0.154538,0.167808,0.181416,0.195344,0.209603,0.224170,0.239049,0.254212,0.269655,0.285347,0.301272,0.317401,0.333703,0.350151,0.366703,0.383336,0.399997,0.416669,0.433290,0.449854,0.466290,0.482603,0.498720,0.514656,0.530338,0.545790,0.560943,0.575831,0.590388,0.604656,0.618575,0.632192,0.645453,0.658412,0.671016,0.683325,0.695290,0.706972,0.718329,0.729421,0.740210,0.750757,0.761032,0.771091,0.780912,0.790554,0.800000,1.000000,0.986256,0.972656,0.959178,0.945884,0.932748,0.919837,0.907122,0.894674,0.882464,0.870568,0.858955,0.847707,0.836793,0.826301,0.816197,0.806576,0.797401,0.788774,0.780653,0.773145,0.766202,0.759936,0.754291,0.749379,0.745138,0.741677,0.738927,0.736989,0.735788,0.735416,0.735790,0.736992,0.738933,0.741682,0.745147,0.749384,0.754302,0.759942,0.766215,0.773152,0.780668,0.788782,0.797418,0.806584,0.816214,0.826309,0.836810,0.847714,0.858971,0.870572,0.882479,0.894677,0.907136,0.919838,0.932762,0.945884,0.959191,0.972656,0.986269,1.000000
44.1000,-0.000000,0.009453,0.019092,0.028926,0.038986,0.049278,0.059826,0.070632,0.081724,0.093096,0.104774,0.116751,0.129052,0.141665,0.154613,0.167880,0.181484,0.195406,0.209658,0.224218,0.239089,0.254245,0.269681,0.285368,0.301288,0.317412,0.333711,0.350157,0.366708,0.383341,0.400002,0.416674,0.433295,0.449858,0.466293,0.482603,0.498717,0.514648,0.530324,0.545770,0.560916,0.575797,0.590347,0.604608,0.618521,0.632134,0.645391,0.658347,0.670951,0.683260,0.695229,0.706915,0.718278,0.729377,0.740175,0.750731,0.761014,0.771081,0.780908,0.790554,0.800000,1.000000,0.986256,0.972659,0.959185,0.945897,0.932769,0.919866,0.907159,0.894719,0.882516,0.870625,0.859017,0.847772,0.836858,0.826364,0.816256,0.806629,0.797445,0.788807,0.780674,0.773151,0.766192,0.759909,0.754248,0.749319,0.745064,0.741590,0.738828,0.736882,0.735675,0.735300,0.735675,0.736881,0.738828,0.741587,0.745064,0.749315,0.754248,0.759904,0.766193,0.773144,0.780675,0.788801,0.797448,0.806624,0.816261,0.826360,0.836864,0.847769,0.859025,0.870623,0.882525,0.894718,0.907170,0.919865,0.932782,0.945897,0.959198,0.972659,0.986269,1.000000
44.2000,-0.000000,0.009453,0.019088,0.028917,0.038969,0.049252,0.059792,0.070591,0.081675,0.093041,0.104715,0.116690,0.128989,0.141603,0.154552,0.167822,0.181430,0.195357,0.209616,0.224182,0.239059,0.254222,0.269664,0.285356,0.301280,0.317409,0.333710,0.350158,0.366710,0.383343,0.400003,0.416676,0.433297,0.449861,0.466298,0.482610,0.498727,0.514663,0.530344,0.545796,0.560949,0.575836,0.590393,0.604661,0.618579,0.632196,0.645457,0.658415,0.671019,0.683326,0.695291,0.706972,0.718329,0.729420,0.740210,0.750756,0.761032,0.771091,0.780912,0.790554,0.800000,1.000000,0.986256,0.972656,0.959178,0.945885,0.932750,0.919840,0.907126,0.894680,0.882471,0.870577,0.858965,0.847719,0.836805,0.826314,0.816209,0.806588,0.797413,0.788785,0.780662,0.773152,0.766208,0.759940,0.754293,0.749380,0.745138,0.741675,0.738923,0.736984,0.735781,0.735408,0.735781,0.736982,0.738922,0.741671,0.745136,0.749374,0.754292,0.759933,0.766207,0.773145,0.780662,0.788776,0.797412,0.806580,0.816210,0.826305,0.836807,0.847711,0.858969,0.870571,0.882479,0.894677,0.907136,0.919839,0.932762,0.945884,0.959191,0.972656,0.986269,1.000000
44.3000,-0.000000,0.009453,0.019091,0.028923,0.038981,0.049271,0.059817,0.070621,0.081710,0.093080,0.104757,0.116734,0.129034,0.141647,0.154595,0.167862,0.181467,0.195390,0.209643,0.224205,0.239077,0.254236,0.269673,0.285361,0.301283,0.317409,0.333708,0.350155,0.366707,0.383339,0.400000,0.416672,0.433294,0.449856,0.466292,0.482603,0.498717,0.514649,0.530326,0.545773,0.560921,0.575804,0.590355,0.604619,0.618533,0.632147,0.645406,0.658363,0.670967,0.683276,0.695244,0.706929,0.718291,0.729388,0.740184,0.750737,0.761019,0.771083,0.780909,0.790554,0.800000,1.000000,0.986256,0.972658,0.959183,0.945894,0.932764,0.919858,0.907150,0.894708,0.882503,0.870611,0.859002,0.847756,0.836842,0.826349,0.816241,0.806615,0.797433,0.788797,0.780666,0.773146,0.766192,0.759913,0.754257,0.749333,0.745082,0.741612,0.738853,0.736909,0.735703,0.735329,0.735703,0.736908,0.738854,0.741610,0.745085,0.749333,0.754263,0.759915,0.766201,0.773149,0.780676,0.788799,0.797443,0.806616,0.816251,0.826349,0.836852,0.847755,0.859012,0.870610,0.882514,0.894707,0.907161,0.919858,0.932776,0.945894,0.959197,0.972658,0.986269,1.000000
44.4000,-0.000000,0.009453,0.019089,0.028920,0.038975,0.049261,0.059804,0.070605,0.081691,0.093058,0.104733,0.116708,0.129007,0.141620,0.154568,0.167836,0.181443,0.195368,0.209624,0.224188,0.239063,0.254223,0.269663,0.285353,0.301275,0.317402,0.333703,0.350151,0.366702,0.383335,0.399996,0.416668,0.433290,0.449852,0.466288,0.482600,0.498715,0.514649,0.530328,0.545778,0.560928,0.575813,0.590367,0.604632,0.618548,0.632163,0.645423,0.658380,0.670985,0.683293,0.695260,0.706944,0.718304,0.729399,0.740193,0.750744,0.761024,0.771086,0.780910,0.790554,0.800000,1.000000,0.986256,0.972657,0.959181,0.945889,0.932757,0.919849,0.907137,0.894692,0.882485,0.870591,0.858980,0.847733,0.836819,0.826326,0.816220,0.806596,0.797417,0.788785,0.780659,0.773144,0.766194,0.759921,0.754269,0.749350,0.745103,0.741637,0.738882,0.736941,0.735738,0.735365,0.735739,0.736943,0.738887,0.741641,0.745112,0.749356,0.754281,0.759928,0.766209,0.773153,0.780675,0.788794,0.797435,0.806605,0.816238,0.826335,0.836837,0.847740,0.858997,0.870597,0.882502,0.894697,0.907152,0.919851,0.932771,0.945890,0.959195,0.972658,0.986269,1.000000
44.5000,-0.000000,0.009453,0.019089,0.028919,0.038973,0.049258,0.059800,0.070601,0.081686,0.093053,0.104727,0.116702,0.129002,0.141614,0.154563,0.167831,0.181439,0.195364,0.209621,0.224186,0.239062,0.254223,0.269663,0.285353,0.301277,0.317404,0.333704,0.350152,0.366704,0.383337,0.399998,0.416670,0.433291,0.449854,0.466291,0.482602,0.498719,0.514653,0.530333,0.545783,0.560934,0.575820,0.590375,0.604641,0.618557,0.632173,0.645433,0.658390,0.670995,0.683303,0.695269,0.706952,0.718311,0.729405,0.740198,0.750748,0.761026,0.771088,0.780911,0.790554,0.800000,1.000000,0.986256,0.972657,0.959180,0.945888,0.932755,0.919846,0.907134,0.894689,0.882481,0.870587,0.858975,0.847729,0.836815,0.826322,0.816217,0.806594,0.797416,0.788785,0.780660,0.773147,0.766199,0.759926,0.754276,0.749358,0.745113,0.741648,0.738894,0.736954,0.735751,0.735378,0.735753,0.736956,0.738899,0.741651,0.745121,0.749363,0.754285,0.759930,0.766208,0.773150,0.780670,0.788788,0.797427,0.806597,0.816229,0.826325,0.836828,0.847732,0.858989,0.870589,0.882495,0.894691,0.907148,0.919848,0.932769,0.945888,0.959193,0.972657,0.986269,1.000000
44.6000,-0.000000,0.009453,0.019091,0.028925,0.038984,0.049274,0.059821,0.070627,0.081717,0.093088,0.104765,0.116742,0.129043,0.141656,0.154604,0.167871,0.181476,0.195399,0.209652,0.224213,0.239085,0.254243,0.269679,0.285367,0.301287,0.317413,0.333712,0.350159,0.366710,0.383343,0.400003,0.416676,0.433297,0.449860,0.466295,0.482606,0.498720,0.514651,0.530329,0.545776,0.560924,0.575806,0.590356,0.604619,0.618532,0.632145,0.645403,0.658360,0.670964,0.683273,0.695241,0.706927,0.718289,0.729387,0.740183,0.750737,0.761019,0.771083,0.780909,0.790554,0.800000,1.000000,0.986256,0.972659,0.959184,0.945896,0.932767,0.919863,0.907154,0.894714,0.882509,0.870618,0.859009,0.847764,0.836850,0.826357,0.816249,0.806623,0.797441,0.788804,0.780672,0.773152,0.766196,0.759915,0.754256,0.749330,0.745077,0.741604,0.738845,0.736900,0.735694,0.735320,0.735694,0.736898,0.738845,0.741601,0.745076,0.749325,0.754255,0.759908,0.766194,0.773143,0.780671,0.788796,0.797441,0.806616,0.816252,0.826350,0.836854,0.847758,0.859014,0.870613,0.882516,0.894709,0.907162,0.919859,0.932777,0.945894,0.959197,0.972658,0.986269,1.000000
44.7000,-0.000000,0.009453,0.019088,0.028916,0.038969,0.049252,0.059791,0.070590,0.081673,0.093039,0.104712,0.116686,0.128985,0.141598,0.154548,0.167818,0.181426,0.195354,0.209613,0.224180,0.239058,0.254221,0.269663,0.285355,0.301280,0.317408,0.333710,0.350158,0.366709,0.383342,0.400003,0.416675,0.433297,0.449860,0.466297,0.482610,0.498728,0.514663,0.530345,0.545797,0.560950,0.575837,0.590394,0.604662,0.618580,0.632197,0.645458,0.658415,0.671019,0.683327,0.695292,0.706974,0.718330,0.729421,0.740211,0.750758,0.761033,0.771091,0.780912,0.790554,0.800000,1.000000,0.986256,0.972656,0.959178,0.945885,0.932750,0.919839,0.907125,0.894678,0.882469,0.870574,0.858961,0.847714,0.836801,0.826310,0.816206,0.806585,0.797410,0.788783,0.780662,0.773153,0.766210,0.759942,0.754296,0.749383,0.745141,0.741678,0.738927,0.736988,0.735785,0.735412,0.735785,0.736986,0.738926,0.741674,0.745139,0.749376,0.754294,0.759934,0.766208,0.773145,0.780661,0.788775,0.797411,0.806579,0.816209,0.826305,0.836807,0.847711,0.858969,0.870570,0.882478,0.894676,0.907135,0.919837,0.932761,0.945883,0.959191,0.972656,0.986269,1.000000
44.8000,-0.000000,0.009453,0.019091,0.028925,0.038984,0.049275,0.059823,0.070629,0.081720,0.093092,0.104770,0.116747,0.129048,0.141661,0.154608,0.167875,0.181479,0.195401,0.209653,0.224213,0.239084,0.254240,0.269676,0.285363,0.301283,0.317408,0.333707,0.350154,0.366705,0.383338,0.399999,0.416671,0.433292,0.449854,0.466289,0.482599,0.498713,0.514643,0.530320,0.545766,0.560912,0.575793,0.590343,0.604605,0.618518,0.632131,0.645389,0.658345,0.670950,0.683259,0.695228,0.706914,0.718277,0.729376,0.740174,0.750730,0.761014,0.771081,0.780908,0.790554,0.800000,1.000000,0.986256,0.972659,0.959184,0.945896,0.932768,0.919864,0.907156,0.894716,0.882513,0.870622,0.859013,0.847768,0.836854,0.826360,0.816252,0.806624,0.797441,0.788803,0.780669,0.773146,0.766188,0.759906,0.754245,0.749318,0.745063,0.741590,0.738828,0.736883,0.735677,0.735303,0.735678,0.736884,0.738832,0.741591,0.745069,0.749321,0.754254,0.759910,0.766199,0.773150,0.780680,0.788806,0.797452,0.806627,0.816263,0.826362,0.836866,0.847770,0.859026,0.870624,0.882526,0.894718,0.907171,0.919866,0.932782,0.945897,0.959199,0.972659,0.986269,1.000000
44.9000,-0.000000,0.009453,0.019088,0.028916,0.038968,0.049250,0.059790,0.070588,0.081671,0.093036,0.104709,0.116683,0.128982,0.141595,0.154543,0.167813,0.181421,0.195348,0.209606,0.224172,0.239050,0.254213,0.269654,0.285347,0.301271,0.317400,0.333702,0.350150,0.366702,0.383335,0.399996,0.416668,0.433289,0.449852,0.466289,0.482601,0.498718,0.514653,0.530334,0.545786,0.560939,0.575826,0.590383,0.604651,0.618569,0.632187,0.645448,0.658406,0.671011,0.683319,0.695285,0.706967,0.718324,0.729416,0.740207,0.750754,0.761031,0.771090,0.780912,0.790554,0.800000,1.000000,0.986256,0.972656,0.959178,0.945884,0.932749,0.919838,0.907124,0.894677,0.882467,0.870572,0.858959,0.847712,0.836798,0.826306,0.816201,0.806579,0.797403,0.788775,0.780652,0.773143,0.766199,0.759931,0.754285,0.749372,0.745131,0.741670,0.738919,0.736981,0.735779,0.735407,0.735781,0.736983,0.738925,0.741675,0.745142,0.749381,0.754300,0.759942,0.766217,0.773155,0.780672,0.788786,0.797422,0.806589,0.816219,0.826314,0.836815,0.847718,0.858976,0.870577,0.882484,0.894681,0.907139,0.919841,0.932764,0.945885,0.959192,0.972657,0.986269,1.000000
45.0000,-0.000000,0.009453,0.019091,0.028923,0.038981,0.049270,0.059816,0.070621,0.081710,0.093080,0.104757,0.116734,0.129034,0.141647,0.154595,0.167862,0.181468,0.195391,0.209645,0.224206,0.239079,0.254237,0.269674,0.285362,0.301283,0.317409,0.333708,0.350155,0.366706,0.383339,0.400000,0.416672,0.433294,0.449856,0.466292,0.482603,0.498717,0.514649,0.530327,0.545774,0.560921,0.575803,0.590355,0.604618,0.618532,0.632147,0.645405,0.658362,0.670966,0.683275,0.695243,0.706929,0.718290,0.729388,0.740184,0.750737,0.761019,0.771084,0.780909,0.790554,0.800000,1.000000,0.986256,0.972658,0.959183,0.945894,0.932764,0.919859,0.907150,0.894708,0.882503,0.870612,0.859002,0.847757,0.836843,0.826350,0.816242,0.806617,0.797435,0.788799,0.780668,0.773148,0.766194,0.759914,0.754257,0.749333,0.745081,0.741610,0.738851,0.736907,0.735701,0.735327,0.735702,0.736906,0.738852,0.741608,0.745083,0.749332,0.754261,0.759913,0.766199,0.773148,0.780675,0.788799,0.797443,0.806617,0.816252,0.826350,0.836853,0.847757,0.859013,0.870611,0.882514,0.894708,0.907161,0.919858,0.932776,0.945894,0.959196,0.972658,0.986269,1.000000
45.1000,-0.000000,0.009453,0.019090,0.028921,0.038976,0.049263,0.059806,0.070607,0.081694,0.093062,0.104737,0.116713,0.129013,0.141626,0.154575,0.167844,0.181451,0.195377,0.209633,0.224197,0.239072,0.254233,0.269672,0.285362,0.301285,0.317411,0.333712,0.350159,0.366711,0.383343,0.400004,0.416676,0.433298,0.449861,0.466297,0.482609,0.498724,0.514658,0.530338,0.545788,0.560938,0.575823,0.590378,0.604643,0.618559,0.632174,0.645433,0.658391,0.670994,0.683303,0.695269,0.706952,0.718310,0.729404,0.740198,0.750747,0.761026,0.771087,0.780911,0.790554,0.800000,1.000000,0.986256,0.972658,0.959181,0.945890,0.932758,0.919850,0.907139,0.894695,0.882488,0.870595,0.858984,0.847738,0.836825,0.826333,0.816227,0.806605,0.797427,0.788795,0.780669,0.773154,0.766205,0.759931,0.754279,0.749359,0.745112,0.741644,0.738888,0.736946,0.735742,0.735368,0.735741,0.736944,0.738886,0.741639,0.745108,0.749351,0.754274,0.759920,0.766200,0.773143,0.780665,0.788784,0.797424,0.806595,0.816228,0.826324,0.836827,0.847732,0.858989,0.870590,0.882495,0.894691,0.907148,0.919848,0.932769,0.945889,0.959194,0.972657,0.986269,1.000000
45.2000,-0.000000,0.009453,0.019089,0.028920,0.038975,0.049261,0.059804,0.070605,0.081691,0.093058,0.104733,0.116708,0.129008,0.141621,0.154569,0.167838,0.181445,0.195371,0.209628,0.224192,0.239068,0.254228,0.269668,0.285358,0.301281,0.317408,0.333709,0.350156,0.366708,0.383341,0.400001,0.416674,0.433295,0.449858,0.466294,0.482606,0.498722,0.514656,0.530335,0.545785,0.560936,0.575823,0.590377,0.604643,0.618560,0.632175,0.645435,0.658392,0.670996,0.683304,0.695270,0.706953,0.718312,0.729406,0.740198,0.750748,0.761027,0.771088,0.780911,0.790554,0.800000,1.000000,0.986256,0.972657,0.959181,0.945889,0.932757,0.919849,0.907137,0.894693,0.882485,0.870591,0.858980,0.847734,0.836820,0.826328,0.816223,0.806600,0.797422,0.788791,0.780665,0.773151,0.766203,0.759929,0.754278,0.749359,0.745113,0.741646,0.738891,0.736949,0.735746,0.735373,0.735747,0.736951,0.738894,0.741647,0.745116,0.749359,0.754282,0.759927,0.766205,0.773146,0.780667,0.788785,0.797425,0.806595,0.816227,0.826323,0.836826,0.847730,0.858988,0.870589,0.882495,0.894691,0.907147,0.919847,0.932768,0.945888,0.959193,0.972657,0.986269,1.000000
45.3000,-0.000000,0.009453,0.019091,0.028924,0.038982,0.049271,0.059817,0.070622,0.081711,0.093080,0.104757,0.116733,0.129033,0.141646,0.154594,0.167861,0.181466,0.195389,0.209642,0.224203,0.239076,0.254234,0.269671,0.285359,0.301280,0.317406,0.333705,0.350152,0.366703,0.383336,0.399997,0.416669,0.433291,0.449853,0.466288,0.482599,0.498713,0.514644,0.530322,0.545769,0.560916,0.575799,0.590350,0.604613,0.618527,0.632140,0.645399,0.658356,0.670960,0.683270,0.695238,0.706924,0.718286,0.729384,0.740181,0.750735,0.761018,0.771083,0.780909,0.790554,0.800000,1.000000,0.986256,0.972658,0.959183,0.945894,0.932764,0.919859,0.907150,0.894708,0.882503,0.870611,0.859001,0.847755,0.836841,0.826348,0.816240,0.806614,0.797432,0.788796,0.780665,0.773145,0.766190,0.759911,0.754253,0.749329,0.745077,0.741605,0.738846,0.736902,0.735697,0.735323,0.735698,0.736904,0.738851,0.741609,0.745084,0.749333,0.754263,0.759916,0.766203,0.773152,0.780679,0.788803,0.797447,0.806621,0.816257,0.826355,0.836858,0.847761,0.859017,0.870616,0.882518,0.894711,0.907164,0.919861,0.932778,0.945895,0.959197,0.972659,0.986269,1.000000
45.4000,-0.000000,0.009453,0.019088,0.028916,0.038968,0.049251,0.059790,0.070588,0.081671,0.093035,0.104708,0.116682,0.128981,0.141594,0.154543,0.167813,0.181421,0.195348,0.209607,0.224173,0.239051,0.254214,0.269656,0.285348,0.301273,0.317401,0.333703,0.350151,0.366703,0.383335,0.399996,0.416668,0.433290,0.449853,0.466290,0.482602,0.498720,0.514655,0.530336,0.545788,0.560940,0.575827,0.590384,0.604651,0.618569,0.632187,0.645448,0.658406,0.671011,0.683319,0.695285,0.706967,0.718325,0.729417,0.740207,0.750755,0.761031,0.771090,0.780912,0.790554,0.800000,1.000000,0.986256,0.972656,0.959178,0.945884,0.932749,0.919838,0.907124,0.894676,0.882467,0.870571,0.858959,0.847712,0.836797,0.826306,0.816201,0.806580,0.797405,0.788777,0.780654,0.773145,0.766201,0.759934,0.754288,0.749375,0.745134,0.741672,0.738921,0.736983,0.735781,0.735409,0.735782,0.736984,0.738925,0.741674,0.745141,0.749379,0.754298,0.759940,0.766215,0.773153,0.780670,0.788785,0.797422,0.806589,0.816219,0.826314,0.836815,0.847718,0.858976,0.870576,0.882483,0.894680,0.907139,0.919840,0.932763,0.945885,0.959192,0.972656,0.986269,1.000000
45.5000,-0.000000,0.009453,0.019091,0.028926,0.038985,0.049276,0.059824,0.070630,0.081721,0.093093,0.104771,0.116749,0.129050,0.141663,0.154611,0.167878,0.181482,0.195404,0.209657,0.224216,0.239087,0.254244,0.269680,0.285367,0.301287,0.317412,0.333711,0.350157,0.366708,0.383341,0.400002,0.416674,0.433296,0.449858,0.466293,0.482603,0.498717,0.514648,0.530325,0.545771,0.560918,0.575799,0.590349,0.604612,0.618525,0.632138,0.645396,0.658352,0.670956,0.683265,0.695233,0.706919,0.718282,0.729380,0.740177,0.750733,0.761016,0.771082,0.780909,0.790554,0.800000,1.000000,0.986256,0.972659,0.959185,0.945896,0.932768,0.919864,0.907157,0.894717,0.882514,0.870623,0.859015,0.847770,0.836856,0.826363,0.816255,0.806628,0.797445,0.788807,0.780673,0.773150,0.766192,0.759909,0.754249,0.749321,0.745066,0.741593,0.738832,0.736886,0.735680,0.735306,0.735680,0.736886,0.738834,0.741592,0.745069,0.749320,0.754251,0.759906,0.766195,0.773146,0.780675,0.788801,0.797447,0.806621,0.816257,0.826356,0.836860,0.847764,0.859020,0.870619,0.882522,0.894714,0.907167,0.919863,0.932780,0.945896,0.959198,0.972659,0.986269,1.000000
45.6000,-0.000000,0.009453,0.019088,0.028917,0.038970,0.049253,0.059793,0.070592,0.081676,0.093042,0.104716,0.116691,0.128990,0.141604,0.154553,0.167823,0.181431,0.195359,0.209617,0.224183,0.239061,0.254224,0.269665,0.285357,0.301282,0.317410,0.333711,0.350159,0.366710,0.383343,0.400004,0.416676,0.433298,0.449861,0.466298,0.482610,0.498728,0.514662,0.530344,0.545795,0.560949,0.575836,0.590392,0.604660,0.618579,0.632196,0.645456,0.658414,0.671018,0.683325,0.695290,0.706971,0.718328,0.729419,0.740209,0.750756,0.761032,0.771091,0.780912,0.790554,0.800000,1.000000,0.986256,0.972657,0.959179,0.945885,0.932751,0.919841,0.907127,0.894681,0.882472,0.870577,0.858966,0.847719,0.836806,0.826314,0.816210,0.806589,0.797414,0.788786,0.780664,0.773154,0.766209,0.759941,0.754294,0.749380,0.745137,0.741674,0.738921,0.736982,0.735779,0.735405,0.735778,0.736979,0.738919,0.741668,0.745134,0.749373,0.754291,0.759933,0.766207,0.773145,0.780662,0.788776,0.797413,0.806580,0.816210,0.826306,0.836808,0.847712,0.858970,0.870572,0.882480,0.894678,0.907137,0.919839,0.932762,0.945884,0.959191,0.972656,0.986269,1.000000
45.7000,-0.000000,0.009453,0.019091,0.028924,0.038981,0.049270,0.059816,0.070621,0.081710,0.093080,0.104757,0.116734,0.129034,0.141647,0.154595,0.167863,0.181468,0.195391,0.209645,0.224206,0.239079,0.254237,0.269674,0.285362,0.301284,0.317409,0.333709,0.350156,0.366707,0.383340,0.400001,0.416673,0.433294,0.449856,0.466292,0.482603,0.498717,0.514649,0.530326,0.545773,0.560921,0.575803,0.590355,0.604618,0.618532,0.632146,0.645404,0.658361,0.670965,0.683274,0.695242,0.706928,0.718289,0.729387,0.740183,0.750737,0.761019,0.771083,0.780909,0.790554,0.800000,1.000000,0.986256,0.972658,0.959183,0.945893,0.932764,0.919858,0.907149,0.894707,0.882503,0.870611,0.859002,0.847756,0.836842,0.826349,0.816242,0.806616,0.797434,0.788798,0.780667,0.773148,0.766193,0.759914,0.754257,0.749333,0.745081,0.741610,0.738851,0.736907,0.735701,0.735326,0.735700,0.736905,0.738851,0.741608,0.745083,0.749331,0.754261,0.759914,0.766200,0.773148,0.780676,0.788800,0.797444,0.806617,0.816252,0.826350,0.836853,0.847757,0.859013,0.870612,0.882515,0.894708,0.907162,0.919858,0.932777,0.945894,0.959197,0.972658,0.986269,1.000000
45.8000,-0.000000,0.009453,0.019089,0.028919,0.038974,0.049259,0.059801,0.070602,0.081688,0.093055,0.104730,0.116705,0.129004,0.141617,0.154565,0.167834,0.181440,0.195366,0.209622,0.224186,0.239061,0.254222,0.269661,0.285351,0.301274,0.317402,0.333703,0.350150,0.366702,0.383335,0.399996,0.416668,0.433289,0.449852,0.466288,0.482600,0.498715,0.514649,0.530329,0.545778,0.560929,0.575814,0.590368,0.604633,0.618550,0.632165,0.645426,0.658384,0.670988,0.683297,0.695265,0.706948,0.718308,0.729403,0.740196,0.750747,0.761025,0.771087,0.780911,0.790554,0.800000,1.000000,0.986256,0.972657,0.959180,0.945888,0.932755,0.919847,0.907135,0.894690,0.882482,0.870588,0.858977,0.847731,0.836817,0.826324,0.816218,0.806595,0.797416,0.788784,0.780657,0.773143,0.766194,0.759921,0.754269,0.749351,0.745105,0.741639,0.738885,0.736945,0.735742,0.735370,0.735745,0.736949,0.738893,0.741646,0.745117,0.749360,0.754284,0.759931,0.766211,0.773153,0.780675,0.788794,0.797434,0.806604,0.816236,0.826332,0.836834,0.847737,0.858994,0.870593,0.882498,0.894693,0.907149,0.919849,0.932769,0.945889,0.959194,0.972657,0.986269,1.000000
45.9000,-0.000000,0.009453,0.019089,0.028920,0.038975,0.049261,0.059803,0.070604,0.081690,0.093057,0.104731,0.116706,0.129006,0.141619,0.154567,0.167836,0.181443,0.195368,0.209625,0.224189,0.239064,0.254225,0.269664,0.285354,0.301277,0.317404,0.333705,0.350152,0.366704,0.383337,0.399998,0.416670,0.433291,0.449854,0.466290,0.482602,0.498718,0.514652,0.530331,0.545781,0.560931,0.575816,0.590371,0.604636,0.618553,0.632169,0.645429,0.658386,0.670990,0.683298,0.695265,0.706949,0.718308,0.729402,0.740196,0.750746,0.761025,0.771087,0.780910,0.790554,0.800000,1.000000,0.986256,0.972657,0.959181,0.945889,0.932757,0.919848,0.907136,0.894692,0.882484,0.870590,0.858979,0.847732,0.836818,0.826326,0.816220,0.806597,0.797419,0.788788,0.780661,0.773147,0.766198,0.759924,0.754273,0.749354,0.745108,0.741641,0.738886,0.736946,0.735742,0.735370,0.735744,0.736948,0.738893,0.741646,0.745116,0.749359,0.754283,0.759929,0.766209,0.773151,0.780672,0.788791,0.797431,0.806601,0.816233,0.826330,0.836832,0.847736,0.858993,0.870593,0.882498,0.894694,0.907150,0.919849,0.932770,0.945889,0.959194,0.972658,0.986269,1.000000
46.0000,-0.000000,0.009453,0.019091,0.028924,0.038982,0.049272,0.059818,0.070623,0.081712,0.093083,0.104760,0.116736,0.129037,0.141650,0.154598,0.167866,0.181471,0.195395,0.209649,0.224210,0.239083,0.254242,0.269679,0.285367,0.301288,0.317413,0.333713,0.350159,0.366710,0.383343,0.400004,0.416676,0.433297,0.449860,0.466296,0.482606,0.498721,0.514653,0.530331,0.545778,0.560926,0.575809,0.590360,0.604623,0.618537,0.632150,0.645408,0.658365,0.670969,0.683278,0.695246,0.706930,0.718292,0.729389,0.740185,0.750738,0.761020,0.771084,0.780910,0.790554,0.800000,1.000000,0.986256,0.972659,0.959184,0.945894,0.932765,0.919860,0.907151,0.894710,0.882505,0.870613,0.859004,0.847758,0.836845,0.826352,0.816245,0.806619,0.797438,0.788803,0.780673,0.773153,0.766199,0.759920,0.754262,0.749337,0.745085,0.741613,0.738853,0.736908,0.735702,0.735327,0.735701,0.736905,0.738851,0.741607,0.745081,0.749329,0.754258,0.759909,0.766195,0.773143,0.780670,0.788794,0.797438,0.806612,0.816248,0.826346,0.836850,0.847754,0.859011,0.870610,0.882513,0.894706,0.907160,0.919857,0.932776,0.945893,0.959196,0.972658,0.986269,1.000000
46.1000,-0.000000,0.009453,0.019088,0.028917,0.038970,0.049253,0.059794,0.070593,0.081677,0.093043,0.104717,0.116691,0.128991,0.141604,0.154553,0.167823,0.181431,0.195358,0.209617,0.224183,0.239060,0.254223,0.269664,0.285356,0.301280,0.317408,0.333710,0.350158,0.366710,0.383343,0.400003,0.416676,0.433297,0.449861,0.466297,0.482610,0.498727,0.514662,0.530343,0.545795,0.560947,0.575834,0.590391,0.604658,0.618576,0.632193,0.645454,0.658412,0.671016,0.683324,0.695289,0.706971,0.718328,0.729419,0.740210,0.750757,0.761032,0.771091,0.780912,0.790554,0.800000,1.000000,0.986256,0.972656,0.959179,0.945885,0.932751,0.919841,0.907128,0.894681,0.882473,0.870578,0.858966,0.847720,0.836806,0.826315,0.816210,0.806589,0.797413,0.788785,0.780662,0.773152,0.766208,0.759939,0.754292,0.749378,0.745135,0.741672,0.738920,0.736981,0.735778,0.735405,0.735777,0.736978,0.738919,0.741668,0.745134,0.749372,0.754291,0.759932,0.766207,0.773146,0.780663,0.788778,0.797415,0.806583,0.816213,0.826308,0.836810,0.847714,0.858972,0.870573,0.882480,0.894678,0.907137,0.919839,0.932762,0.945884,0.959191,0.972656,0.986269,1.000000
46.2000,-0.000000,0.009453,0.019091,0.028924,0.038983,0.049273,0.059820,0.070626,0.081717,0.093088,0.104766,0.116743,0.129044,0.141657,0.154605,0.167872,0.181476,0.195398,0.209650,0.224210,0.239082,0.254238,0.269675,0.285362,0.301282,0.317407,0.333707,0.350153,0.366705,0.383337,0.399998,0.416671,0.433292,0.449854,0.466289,0.482599,0.498713,0.514644,0.530321,0.545767,0.560914,0.575795,0.590346,0.604608,0.618521,0.632135,0.645393,0.658349,0.670954,0.683263,0.695232,0.706918,0.718280,0.729379,0.740177,0.750732,0.761015,0.771081,0.780908,0.790554,0.800000,1.000000,0.986256,0.972659,0.959184,0.945895,0.932766,0.919861,0.907154,0.894713,0.882509,0.870619,0.859010,0.847765,0.836851,0.826357,0.816249,0.806622,0.797439,0.788801,0.780667,0.773145,0.766188,0.759906,0.754246,0.749320,0.745066,0.741593,0.738833,0.736888,0.735682,0.735309,0.735684,0.736890,0.738838,0.741596,0.745073,0.749324,0.754256,0.759911,0.766200,0.773151,0.780680,0.788805,0.797451,0.806625,0.816260,0.826359,0.836863,0.847766,0.859022,0.870620,0.882523,0.894715,0.907168,0.919864,0.932780,0.945896,0.959198,0.972659,0.986269,1.000000
46.3000,-0.000000,0.009453,0.019088,0.028916,0.038968,0.049251,0.059791,0.070589,0.081672,0.093037,0.104710,0.116684,0.128983,0.141595,0.154544,0.167813,0.181422,0.195349,0.209607,0.224173,0.239051,0.254214,0.269655,0.285348,0.301272,0.317400,0.333702,0.350150,0.366702,0.383335,0.399995,0.416668,0.433289,0.449852,0.466289,0.482601,0.498718,0.514652,0.530334,0.545785,0.560937,0.575825,0.590381,0.604649,0.618567,0.632185,0.645446,0.658404,0.671008,0.683316,0.695281,0.706963,0.718321,0.729414,0.740205,0.750753,0.761029,0.771089,0.780912,0.790554,0.800000,1.000000,0.986256,0.972656,0.959178,0.945884,0.932749,0.919839,0.907124,0.894678,0.882468,0.870572,0.858960,0.847712,0.836798,0.826306,0.816201,0.806580,0.797404,0.788776,0.780654,0.773144,0.766200,0.759932,0.754285,0.749372,0.745130,0.741668,0.738916,0.736978,0.735776,0.735404,0.735778,0.736980,0.738922,0.741672,0.745139,0.749379,0.754299,0.759941,0.766217,0.773155,0.780673,0.788788,0.797424,0.806591,0.816221,0.826316,0.836817,0.847721,0.858978,0.870579,0.882486,0.894683,0.907141,0.919842,0.932765,0.945886,0.959192,0.972657,0.986269,1.000000
46.4000,-0.000000,0.009453,0.019091,0.028924,0.038981,0.049271,0.059817,0.070621,0.081711,0.093081,0.104758,0.116734,0.129034,0.141647,0.154595,0.167862,0.181467,0.195391,0.209645,0.224206,0.239079,0.254237,0.269674,0.285362,0.301283,0.317409,0.333709,0.350155,0.366707,0.383339,0.400000,0.416673,0.433294,0.449857,0.466292,0.482603,0.498717,0.514649,0.530327,0.545774,0.560922,0.575804,0.590355,0.604619,0.618533,0.632147,0.645405,0.658362,0.670966,0.683275,0.695243,0.706929,0.718290,0.729388,0.740184,0.750738,0.761019,0.771084,0.780909,0.790554,0.800000,1.000000,0.986256,0.972658,0.959183,0.945894,0.932764,0.919859,0.907150,0.894708,0.882503,0.870612,0.859002,0.847756,0.836842,0.826349,0.816242,0.806616,0.797434,0.788799,0.780668,0.773149,0.766194,0.759915,0.754257,0.749333,0.745081,0.741610,0.738851,0.736907,0.735701,0.735327,0.735701,0.736906,0.738852,0.741609,0.745084,0.749332,0.754262,0.759914,0.766200,0.773148,0.780675,0.788799,0.797443,0.806616,0.816251,0.826349,0.836853,0.847756,0.859013,0.870611,0.882514,0.894708,0.907161,0.919858,0.932776,0.945893,0.959196,0.972658,0.986269,1.000000
46.5000,-0.000000,0.009453,0.019089,0.028920,0.038975,0.049262,0.059805,0.070606,0.081693,0.093061,0.104736,0.116712,0.129012,0.141625,0.154574,0.167843,0.181450,0.195376,0.209632,0.224196,0.239072,0.254232,0.269671,0.285362,0.301284,0.317411,0.333712,0.350159,0.366711,0.383343,0.400004,0.416677,0.433298,0.449861,0.466297,0.482609,0.498725,0.514659,0.530339,0.545789,0.560940,0.575825,0.590379,0.604645,0.618561,0.632177,0.645436,0.658393,0.670997,0.683305,0.695271,0.706954,0.718313,0.729407,0.740199,0.750749,0.761027,0.771088,0.780911,0.790554,0.800000,1.000000,0.986256,0.972658,0.959181,0.945889,0.932757,0.919850,0.907138,0.894694,0.882487,0.870594,0.858983,0.847738,0.836824,0.826332,0.816227,0.806604,0.797426,0.788794,0.780668,0.773154,0.766205,0.759931,0.754279,0.749360,0.745113,0.741646,0.738890,0.736949,0.735745,0.735371,0.735745,0.736948,0.738891,0.741643,0.745112,0.749354,0.754277,0.759922,0.766201,0.773143,0.780665,0.788784,0.797423,0.806594,0.816226,0.826323,0.836826,0.847730,0.858987,0.870588,0.882494,0.894690,0.907146,0.919847,0.932768,0.945888,0.959193,0.972657,0.986269,1.000000
46.6000,-0.000000,0.009453,0.019089,0.028920,0.038975,0.049262,0.059805,0.070606,0.081692,0.093060,0.104735,0.116710,0.129010,0.141624,0.154572,0.167841,0.181448,0.195374,0.209630,0.224194,0.239070,0.254230,0.269669,0.285359,0.301282,0.317409,0.333709,0.350156,0.366708,0.383341,0.400002,0.416674,0.433295,0.449858,0.466294,0.482606,0.498722,0.514656,0.530336,0.545785,0.560936,0.575821,0.590375,0.604641,0.618557,0.632172,0.645431,0.658388,0.670992,0.683300,0.695266,0.706949,0.718309,0.729403,0.740196,0.750746,0.761025,0.771087,0.780911,0.790554,0.800000,1.000000,0.986256,0.972658,0.959181,0.945889,0.932757,0.919850,0.907138,0.894694,0.882487,0.870593,0.858982,0.847736,0.836823,0.826330,0.816225,0.806602,0.797424,0.788792,0.780666,0.773152,0.766202,0.759928,0.754276,0.749357,0.745109,0.741642,0.738886,0.736945,0.735740,0.735367,0.735742,0.736945,0.738888,0.741641,0.745111,0.749354,0.754277,0.759923,0.766203,0.773145,0.780667,0.788786,0.797426,0.806597,0.816230,0.826327,0.836830,0.847734,0.858992,0.870592,0.882497,0.894693,0.907149,0.919849,0.932770,0.945889,0.959194,0.972657,0.986269,1.000000
46.7000,-0.000000,0.009453,0.019091,0.028924,0.038981,0.049270,0.059815,0.070619,0.081707,0.093077,0.104753,0.116729,0.129028,0.141641,0.154589,0.167856,0.181461,0.195385,0.209639,0.224200,0.239074,0.254232,0.269670,0.285358,0.301279,0.317406,0.333705,0.350152,0.366703,0.383336,0.399997,0.416669,0.433291,0.449853,0.466289,0.482599,0.498714,0.514646,0.530323,0.545770,0.560918,0.575801,0.590353,0.604616,0.618531,0.632145,0.645403,0.658360,0.670965,0.683274,0.695242,0.706928,0.718289,0.729387,0.740183,0.750737,0.761018,0.771083,0.780909,0.790554,0.800000,1.000000,0.986256,0.972658,0.959183,0.945893,0.932763,0.919857,0.907148,0.894705,0.882500,0.870607,0.858997,0.847751,0.836836,0.826343,0.816235,0.806610,0.797428,0.788793,0.780663,0.773144,0.766190,0.759912,0.754255,0.749332,0.745081,0.741611,0.738852,0.736909,0.735703,0.735330,0.735705,0.736910,0.738857,0.741614,0.745089,0.749337,0.754267,0.759918,0.766204,0.773152,0.780678,0.788802,0.797445,0.806619,0.816253,0.826351,0.836854,0.847758,0.859014,0.870612,0.882516,0.894709,0.907162,0.919859,0.932777,0.945894,0.959197,0.972659,0.986269,1.000000
46.8000,-0.000000,0.009453,0.019088,0.028917,0.038969,0.049253,0.059793,0.070591,0.081675,0.093040,0.104713,0.116687,0.128986,0.141599,0.154548,0.167817,0.181424,0.195351,0.209609,0.224175,0.239052,0.254215,0.269656,0.285348,0.301273,0.317401,0.333702,0.350150,0.366702,0.383335,0.399996,0.416668,0.433290,0.449853,0.466289,0.482602,0.498719,0.514653,0.530335,0.545786,0.560938,0.575825,0.590381,0.604648,0.618566,0.632184,0.645444,0.658403,0.671007,0.683316,0.695282,0.706964,0.718322,0.729415,0.740206,0.750754,0.761030,0.771090,0.780912,0.790554,0.800000,1.000000,0.986256,0.972657,0.959179,0.945885,0.932751,0.919840,0.907126,0.894679,0.882470,0.870575,0.858963,0.847716,0.836801,0.826309,0.816204,0.806582,0.797406,0.788777,0.780654,0.773143,0.766198,0.759930,0.754283,0.749369,0.745127,0.741665,0.738914,0.736975,0.735773,0.735401,0.735775,0.736978,0.738920,0.741670,0.745137,0.749377,0.754297,0.759939,0.766215,0.773154,0.780672,0.788787,0.797424,0.806592,0.816222,0.826317,0.836818,0.847722,0.858979,0.870579,0.882485,0.894682,0.907140,0.919842,0.932764,0.945886,0.959192,0.972657,0.986269,1.000000
46.9000,-0.000000,0.009453,0.019091,0.028925,0.038984,0.049274,0.059821,0.070627,0.081718,0.093089,0.104768,0.116745,0.129046,0.141660,0.154608,0.167875,0.181479,0.195402,0.209655,0.224215,0.239086,0.254243,0.269680,0.285367,0.301287,0.317412,0.333711,0.350158,0.366709,0.383342,0.400002,0.416675,0.433296,0.449858,0.466294,0.482604,0.498718,0.514650,0.530327,0.545773,0.560920,0.575801,0.590352,0.604614,0.618528,0.632141,0.645399,0.658355,0.670959,0.683268,0.695236,0.706921,0.718283,0.729381,0.740179,0.750733,0.761016,0.771082,0.780909,0.790554,0.800000,1.000000,0.986256,0.972659,0.959184,0.945895,0.932767,0.919862,0.907155,0.894714,0.882511,0.870620,0.859012,0.847767,0.836854,0.826361,0.816253,0.806626,0.797443,0.788806,0.780673,0.773151,0.766194,0.759912,0.754253,0.749326,0.745072,0.741599,0.738838,0.736893,0.735687,0.735312,0.735687,0.736892,0.738839,0.741596,0.745072,0.749322,0.754253,0.759907,0.766195,0.773145,0.780674,0.788799,0.797444,0.806619,0.816255,0.826354,0.836857,0.847762,0.859018,0.870617,0.882520,0.894713,0.907166,0.919862,0.932779,0.945896,0.959198,0.972659,0.986269,1.000000
47.0000,-0.000000,0.009453,0.019088,0.028917,0.038970,0.049254,0.059794,0.070594,0.081678,0.093045,0.104719,0.116693,0.128993,0.141606,0.154555,0.167825,0.181433,0.195360,0.209619,0.224185,0.239062,0.254225,0.269666,0.285358,0.301282,0.317410,0.333711,0.350159,0.366711,0.383343,0.400004,0.416676,0.433298,0.449862,0.466298,0.482611,0.498727,0.514662,0.530344,0.545795,0.560948,0.575835,0.590391,0.604659,0.618577,0.632194,0.645454,0.658412,0.671016,0.683323,0.695288,0.706969,0.718326,0.729418,0.740208,0.750755,0.761031,0.771090,0.780912,0.790554,0.800000,1.000000,0.986256,0.972657,0.959179,0.945885,0.932751,0.919842,0.907128,0.894683,0.882474,0.870579,0.858968,0.847721,0.836808,0.826316,0.816212,0.806591,0.797415,0.788787,0.780664,0.773154,0.766209,0.759940,0.754293,0.749378,0.745135,0.741671,0.738918,0.736979,0.735775,0.735401,0.735774,0.736975,0.738915,0.741665,0.745131,0.749370,0.754289,0.759931,0.766206,0.773144,0.780662,0.788777,0.797414,0.806581,0.816212,0.826308,0.836810,0.847714,0.858972,0.870574,0.882481,0.894679,0.907138,0.919840,0.932763,0.945885,0.959192,0.972657,0.986269,1.000000
47.1000,-0.000000,0.009453,0.019091,0.028924,0.038982,0.049271,0.059818,0.070622,0.081711,0.093081,0.104758,0.116734,0.129034,0.141647,0.154594,0.167862,0.181467,0.195390,0.209644,0.224206,0.239079,0.254237,0.269674,0.285362,0.301283,0.317409,0.333709,0.350155,0.366707,0.383339,0.400000,0.416672,0.433294,0.449856,0.466292,0.482602,0.498717,0.514649,0.530326,0.545773,0.560921,0.575803,0.590355,0.604618,0.618533,0.632147,0.645405,0.658362,0.670967,0.683275,0.695243,0.706929,0.718291,0.729388,0.740184,0.750738,0.761019,0.771083,0.780909,0.790554,0.800000,1.000000,0.986256,0.972659,0.959184,0.945894,0.932765,0.919859,0.907151,0.894709,0.882504,0.870612,0.859002,0.847756,0.836842,0.826348,0.816241,0.806615,0.797434,0.788798,0.780667,0.773148,0.766194,0.759914,0.754257,0.749333,0.745081,0.741610,0.738851,0.736908,0.735702,0.735328,0.735702,0.736907,0.738853,0.741610,0.745085,0.749333,0.754263,0.759916,0.766201,0.773150,0.780676,0.788800,0.797444,0.806617,0.816251,0.826349,0.836852,0.847756,0.859012,0.870611,0.882515,0.894708,0.907162,0.919858,0.932776,0.945894,0.959196,0.972658,0.986269,1.000000
47.2000,-0.000000,0.009453,0.019089,0.028919,0.038973,0.049259,0.059800,0.070601,0.081686,0.093053,0.104728,0.116703,0.129002,0.141615,0.154563,0.167832,0.181438,0.195364,0.209620,0.224184,0.239060,0.254221,0.269660,0.285351,0.301274,0.317401,0.333702,0.350149,0.366701,0.383334,0.399995,0.416667,0.433288,0.449851,0.466287,0.482599,0.498714,0.514649,0.530328,0.545778,0.560929,0.575814,0.590368,0.604634,0.618550,0.632166,0.645426,0.658384,0.670988,0.683297,0.695264,0.706948,0.718307,0.729402,0.740196,0.750746,0.761025,0.771087,0.780911,0.790554,0.800000,1.000000,0.986256,0.972657,0.959180,0.945888,0.932755,0.919846,0.907134,0.894689,0.882481,0.870587,0.858976,0.847729,0.836815,0.826322,0.816217,0.806593,0.797415,0.788783,0.780657,0.773143,0.766194,0.759921,0.754270,0.749352,0.745106,0.741640,0.738886,0.736946,0.735744,0.735372,0.735747,0.736951,0.738895,0.741648,0.745119,0.749362,0.754285,0.759931,0.766211,0.773154,0.780675,0.788794,0.797433,0.806603,0.816236,0.826332,0.836834,0.847737,0.858994,0.870594,0.882498,0.894694,0.907150,0.919849,0.932770,0.945889,0.959194,0.972658,0.986269,1.000000
47.3000,-0.000000,0.009453,0.019089,0.028920,0.038975,0.049261,0.059804,0.070605,0.081691,0.093059,0.104734,0.116709,0.129009,0.141622,0.154570,0.167838,0.181445,0.195371,0.209627,0.224191,0.239066,0.254226,0.269665,0.285356,0.301278,0.317405,0.333706,0.350153,0.366705,0.383338,0.399998,0.416671,0.433292,0.449855,0.466291,0.482602,0.498718,0.514652,0.530332,0.545780,0.560931,0.575815,0.590369,0.604635,0.618551,0.632166,0.645426,0.658383,0.670987,0.683296,0.695262,0.706946,0.718306,0.729401,0.740195,0.750745,0.761025,0.771087,0.780910,0.790554,0.800000,1.000000,0.986256,0.972657,0.959181,0.945889,0.932757,0.919849,0.907137,0.894693,0.882486,0.870592,0.858981,0.847735,0.836821,0.826328,0.816222,0.806599,0.797420,0.788789,0.780662,0.773147,0.766198,0.759924,0.754272,0.749353,0.745106,0.741639,0.738884,0.736943,0.735739,0.735367,0.735741,0.736945,0.738888,0.741642,0.745112,0.749356,0.754280,0.759927,0.766207,0.773150,0.780672,0.788792,0.797432,0.806603,0.816235,0.826332,0.836835,0.847738,0.858995,0.870595,0.882500,0.894695,0.907151,0.919850,0.932770,0.945890,0.959194,0.972658,0.986269,1.000000
47.4000,-0.000000,0.009453,0.019091,0.028924,0.038982,0.049271,0.059817,0.070622,0.081711,0.093081,0.104758,0.116735,0.129035,0.141648,0.154596,0.167864,0.181469,0.195393,0.209647,0.224209,0.239082,0.254240,0.269678,0.285366,0.301288,0.317413,0.333713,0.350159,0.366711,0.383344,0.400004,0.416677,0.433298,0.449861,0.466297,0.482608,0.498722,0.514654,0.530332,0.545780,0.560928,0.575811,0.590363,0.604626,0.618541,0.632155,0.645413,0.658369,0.670973,0.683283,0.695250,0.706935,0.718295,0.729392,0.740187,0.750740,0.761021,0.771084,0.780910,0.790554,0.800000,1.000000,0.986256,0.972658,0.959184,0.945894,0.932765,0.919859,0.907150,0.894709,0.882504,0.870612,0.859002,0.847757,0.836843,0.826350,0.816243,0.806618,0.797437,0.788802,0.780672,0.773153,0.766199,0.759920,0.754264,0.749340,0.745088,0.741617,0.738858,0.736914,0.735708,0.735333,0.735707,0.736911,0.738856,0.741611,0.745085,0.749331,0.754259,0.759911,0.766195,0.773143,0.780669,0.788792,0.797436,0.806609,0.816244,0.826342,0.836845,0.847750,0.859006,0.870606,0.882510,0.894704,0.907158,0.919856,0.932775,0.945892,0.959196,0.972658,0.986269,1.000000
47.5000,-0.000000,0.009453,0.019088,0.028918,0.038971,0.049255,0.059796,0.070595,0.081680,0.093046,0.104720,0.116695,0.128994,0.141608,0.154557,0.167826,0.181434,0.195361,0.209619,0.224184,0.239061,0.254224,0.269665,0.285357,0.301281,0.317409,0.333710,0.350158,0.366709,0.383342,0.400003,0.416675,0.433297,0.449860,0.466297,0.482609,0.498726,0.514661,0.530342,0.545793,0.560946,0.575832,0.590388,0.604656,0.618573,0.632190,0.645451,0.658408,0.671012,0.683320,0.695286,0.706967,0.718324,0.729416,0.740207,0.750755,0.761030,0.771090,0.780912,0.790554,0.800000,1.000000,0.986256,0.972657,0.959179,0.945886,0.932753,0.919843,0.907130,0.894684,0.882475,0.870581,0.858969,0.847723,0.836809,0.826318,0.816213,0.806591,0.797415,0.788786,0.780662,0.773152,0.766206,0.759937,0.754289,0.749374,0.745131,0.741668,0.738915,0.736975,0.735772,0.735398,0.735771,0.736973,0.738913,0.741663,0.745130,0.749369,0.754289,0.759931,0.766206,0.773145,0.780663,0.788779,0.797416,0.806584,0.816215,0.826310,0.836813,0.847717,0.858974,0.870576,0.882482,0.894680,0.907139,0.919840,0.932764,0.945885,0.959192,0.972657,0.986269,1.000000
47.6000,-0.000000,0.009453,0.019091,0.028924,0.038982,0.049272,0.059818,0.070624,0.081714,0.093085,0.104762,0.116739,0.129040,0.141653,0.154601,0.167868,0.181472,0.195394,0.209647,0.224208,0.239080,0.254237,0.269673,0.285361,0.301282,0.317407,0.333706,0.350153,0.366704,0.383337,0.399998,0.416670,0.433291,0.449854,0.466289,0.482599,0.498713,0.514644,0.530321,0.545768,0.560915,0.575797,0.590348,0.604610,0.618524,0.632137,0.645395,0.658351,0.670956,0.683265,0.695233,0.706919,0.718282,0.729380,0.740178,0.750733,0.761016,0.771082,0.780909,0.790554,0.800000,1.000000,0.986256,0.972658,0.959184,0.945894,0.932765,0.919860,0.907152,0.894711,0.882507,0.870616,0.859007,0.847761,0.836848,0.826354,0.816246,0.806619,0.797436,0.788799,0.780667,0.773145,0.766189,0.759908,0.754249,0.749323,0.745070,0.741598,0.738838,0.736894,0.735688,0.735314,0.735689,0.736895,0.738842,0.741600,0.745077,0.749327,0.754258,0.759913,0.766200,0.773150,0.780678,0.788804,0.797449,0.806623,0.816259,0.826357,0.836861,0.847765,0.859021,0.870619,0.882522,0.894714,0.907167,0.919863,0.932780,0.945896,0.959198,0.972659,0.986269,1.000000
47.7000,-0.000000,0.009453,0.019088,0.028917,0.038969,0.049252,0.059792,0.070590,0.081674,0.093039,0.104713,0.116686,0.128985,0.141598,0.154546,0.167816,0.181424,0.195350,0.209608,0.224174,0.239052,0.254214,0.269656,0.285348,0.301272,0.317400,0.333701,0.350149,0.366701,0.383334,0.399995,0.416667,0.433289,0.449852,0.466288,0.482600,0.498717,0.514652,0.530332,0.545783,0.560936,0.575823,0.590379,0.604647,0.618564,0.632182,0.645443,0.658400,0.671005,0.683313,0.695279,0.706961,0.718319,0.729412,0.740204,0.750752,0.761029,0.771089,0.780911,0.790554,0.800000,1.000000,0.986256,0.972656,0.959178,0.945885,0.932750,0.919840,0.907126,0.894679,0.882470,0.870574,0.858962,0.847715,0.836800,0.826308,0.816203,0.806582,0.797405,0.788777,0.780654,0.773143,0.766199,0.759930,0.754283,0.749369,0.745126,0.741664,0.738912,0.736974,0.735772,0.735401,0.735775,0.736977,0.738919,0.741670,0.745138,0.749377,0.754298,0.759940,0.766216,0.773155,0.780673,0.788788,0.797425,0.806593,0.816223,0.826318,0.836820,0.847724,0.858981,0.870581,0.882488,0.894684,0.907142,0.919843,0.932766,0.945886,0.959193,0.972657,0.986269,1.000000
47.8000,-0.000000,0.009453,0.019091,0.028924,0.038982,0.049271,0.059817,0.070622,0.081711,0.093081,0.104758,0.116734,0.129034,0.141647,0.154595,0.167862,0.181467,0.195391,0.209645,0.224206,0.239079,0.254237,0.269674,0.285363,0.301284,0.317410,0.333709,0.350156,0.366707,0.383340,0.400001,0.416673,0.433295,0.449857,0.466293,0.482603,0.498718,0.514650,0.530328,0.545775,0.560923,0.575805,0.590357,0.604620,0.618534,0.632149,0.645407,0.658364,0.670969,0.683278,0.695246,0.706931,0.718292,0.729389,0.740185,0.750738,0.761020,0.771084,0.780909,0.790554,0.800000,1.000000,0.986256,0.972658,0.959184,0.945894,0.932765,0.919859,0.907151,0.894708,0.882504,0.870612,0.859002,0.847756,0.836842,0.826349,0.816242,0.806616,0.797434,0.788799,0.780668,0.773149,0.766195,0.759915,0.754258,0.749334,0.745082,0.741611,0.738853,0.736908,0.735702,0.735329,0.735703,0.736907,0.738853,0.741610,0.745084,0.749332,0.754261,0.759913,0.766199,0.773147,0.780674,0.788798,0.797442,0.806615,0.816250,0.826348,0.836851,0.847754,0.859011,0.870609,0.882513,0.894707,0.907161,0.919857,0.932776,0.945893,0.959196,0.972658,0.986269,1.000000
47.9000,-0.000000,0.009453,0.019089,0.028920,0.038975,0.049261,0.059804,0.070606,0.081693,0.093060,0.104736,0.116711,0.129011,0.141625,0.154574,0.167843,0.181450,0.195376,0.209632,0.224196,0.239072,0.254232,0.269672,0.285362,0.301285,0.317412,0.333712,0.350160,0.366711,0.383344,0.400005,0.416677,0.433299,0.449861,0.466298,0.482610,0.498725,0.514660,0.530340,0.545790,0.560940,0.575826,0.590380,0.604645,0.618562,0.632177,0.645436,0.658394,0.670997,0.683305,0.695271,0.706954,0.718312,0.729406,0.740199,0.750748,0.761026,0.771087,0.780911,0.790554,0.800000,1.000000,0.986256,0.972657,0.959181,0.945889,0.932757,0.919849,0.907138,0.894694,0.882487,0.870594,0.858983,0.847737,0.836824,0.826332,0.816227,0.806604,0.797427,0.788795,0.780669,0.773155,0.766206,0.759932,0.754280,0.749361,0.745114,0.741647,0.738892,0.736950,0.735746,0.735372,0.735745,0.736947,0.738890,0.741641,0.745111,0.749353,0.754275,0.759921,0.766200,0.773142,0.780663,0.788782,0.797422,0.806592,0.816225,0.826322,0.836825,0.847729,0.858987,0.870588,0.882494,0.894690,0.907147,0.919847,0.932768,0.945888,0.959194,0.972657,0.986269,1.000000
48.0000,-0.000000,0.009453,0.019089,0.028920,0.038976,0.049262,0.059805,0.070607,0.081694,0.093062,0.104737,0.116712,0.129012,0.141625,0.154574,0.167843,0.181450,0.195375,0.209631,0.224195,0.239070,0.254230,0.269669,0.285359,0.301282,0.317408,0.333709,0.350156,0.366707,0.383340,0.400001,0.416673,0.433295,0.449858,0.466294,0.482605,0.498722,0.514655,0.530335,0.545784,0.560934,0.575819,0.590373,0.604638,0.618555,0.632170,0.645429,0.658386,0.670989,0.683297,0.695264,0.706947,0.718307,0.729401,0.740195,0.750746,0.761025,0.771087,0.780911,0.790554,0.800000,1.000000,0.986256,0.972658,0.959181,0.945890,0.932758,0.919850,0.907139,0.894695,0.882488,0.870595,0.858984,0.847738,0.836824,0.826332,0.816226,0.806603,0.797425,0.788793,0.780666,0.773151,0.766201,0.759926,0.754274,0.749354,0.745107,0.741640,0.738884,0.736943,0.735738,0.735365,0.735739,0.736943,0.738886,0.741639,0.745110,0.749353,0.754277,0.759923,0.766203,0.773146,0.780668,0.788787,0.797428,0.806598,0.816231,0.826329,0.836832,0.847736,0.858994,0.870594,0.882499,0.894694,0.907150,0.919850,0.932770,0.945889,0.959194,0.972657,0.986269,1.000000
48.1000,-0.000000,0.009453,0.019090,0.028923,0.038980,0.049269,0.059814,0.070618,0.081706,0.093075,0.104751,0.116726,0.129026,0.141638,0.154586,0.167853,0.181458,0.195382,0.209636,0.224198,0.239071,0.254230,0.269668,0.285357,0.301278,0.317404,0.333704,0.350151,0.366703,0.383335,0.399996,0.416668,0.433290,0.449852,0.466288,0.482599,0.498713,0.514645,0.530323,0.545771,0.560919,0.575802,0.590354,0.604618,0.618532,0.632147,0.645405,0.658363,0.670967,0.683277,0.695245,0.706930,0.718292,0.729389,0.740185,0.750738,0.761020,0.771084,0.780910,0.790554,0.800000,1.000000,0.986256,0.972658,0.959183,0.945893,0.932763,0.919857,0.907147,0.894704,0.882498,0.870606,0.858995,0.847748,0.836834,0.826340,0.816232,0.806607,0.797426,0.788791,0.780661,0.773143,0.766190,0.759912,0.754256,0.749333,0.745083,0.741613,0.738855,0.736912,0.735708,0.735335,0.735710,0.736915,0.738862,0.741618,0.745093,0.749341,0.754269,0.759921,0.766205,0.773153,0.780679,0.788802,0.797445,0.806618,0.816252,0.826349,0.836852,0.847755,0.859011,0.870610,0.882513,0.894706,0.907160,0.919857,0.932776,0.945893,0.959196,0.972658,0.986269,1.000000
48.2000,-0.000000,0.009453,0.019088,0.028917,0.038970,0.049254,0.059794,0.070593,0.081677,0.093043,0.104716,0.116690,0.128989,0.141601,0.154550,0.167819,0.181427,0.195354,0.209612,0.224177,0.239054,0.254216,0.269657,0.285349,0.301273,0.317401,0.333702,0.350150,0.366702,0.383335,0.399996,0.416668,0.433290,0.449853,0.466289,0.482601,0.498718,0.514653,0.530334,0.545785,0.560937,0.575823,0.590379,0.604646,0.618564,0.632181,0.645441,0.658399,0.671004,0.683312,0.695279,0.706961,0.718319,0.729412,0.740203,0.750752,0.761029,0.771089,0.780911,0.790554,0.800000,1.000000,0.986256,0.972657,0.959179,0.945886,0.932752,0.919841,0.907128,0.894681,0.882472,0.870577,0.858965,0.847718,0.836804,0.826311,0.816206,0.806584,0.797408,0.788779,0.780655,0.773144,0.766199,0.759929,0.754281,0.749367,0.745124,0.741661,0.738909,0.736970,0.735768,0.735396,0.735770,0.736972,0.738915,0.741666,0.745133,0.749373,0.754294,0.759937,0.766214,0.773153,0.780672,0.788788,0.797426,0.806593,0.816224,0.826319,0.836821,0.847724,0.858982,0.870582,0.882488,0.894685,0.907143,0.919843,0.932766,0.945886,0.959193,0.972657,0.986269,1.000000
48.3000,-0.000000,0.009453,0.019091,0.028924,0.038983,0.049273,0.059820,0.070626,0.081716,0.093087,0.104765,0.116742,0.129043,0.141657,0.154605,0.167872,0.181477,0.195400,0.209653,0.224214,0.239086,0.254243,0.269680,0.285367,0.301288,0.317413,0.333712,0.350159,0.366710,0.383342,0.400003,0.416675,0.433297,0.449860,0.466295,0.482606,0.498719,0.514651,0.530328,0.545775,0.560922,0.575804,0.590355,0.604618,0.618531,0.632145,0.645403,0.658359,0.670963,0.683271,0.695239,0.706924,0.718286,0.729384,0.740180,0.750734,0.761017,0.771082,0.780909,0.790554,0.800000,1.000000,0.986256,0.972658,0.959184,0.945895,0.932766,0.919861,0.907153,0.894712,0.882508,0.870618,0.859009,0.847764,0.836851,0.826358,0.816250,0.806624,0.797442,0.788806,0.780674,0.773152,0.766196,0.759915,0.754255,0.749329,0.745076,0.741603,0.738843,0.736898,0.735691,0.735317,0.735691,0.736896,0.738842,0.741599,0.745075,0.749324,0.754254,0.759907,0.766194,0.773144,0.780672,0.788797,0.797441,0.806616,0.816251,0.826350,0.836854,0.847759,0.859016,0.870615,0.882518,0.894711,0.907165,0.919861,0.932779,0.945895,0.959197,0.972659,0.986269,1.000000
48.4000,-0.000000,0.009453,0.019088,0.028918,0.038971,0.049255,0.059796,0.070596,0.081681,0.093048,0.104722,0.116696,0.128996,0.141609,0.154558,0.167828,0.181436,0.195362,0.209621,0.224186,0.239063,0.254226,0.269667,0.285358,0.301282,0.317410,0.333711,0.350159,0.366711,0.383344,0.400005,0.416677,0.433298,0.449862,0.466298,0.482611,0.498727,0.514663,0.530343,0.545794,0.560947,0.575834,0.590389,0.604657,0.618575,0.632192,0.645452,0.658410,0.671014,0.683321,0.695286,0.706968,0.718325,0.729417,0.740208,0.750755,0.761031,0.771090,0.780912,0.790554,0.800000,1.000000,0.986256,0.972657,0.959179,0.945886,0.932753,0.919843,0.907130,0.894685,0.882477,0.870582,0.858971,0.847724,0.836811,0.826319,0.816214,0.806592,0.797416,0.788788,0.780664,0.773153,0.766208,0.759939,0.754291,0.749376,0.745132,0.741668,0.738915,0.736975,0.735771,0.735398,0.735770,0.736972,0.738912,0.741662,0.745129,0.749368,0.754287,0.759930,0.766206,0.773145,0.780663,0.788778,0.797415,0.806583,0.816214,0.826310,0.836812,0.847716,0.858974,0.870575,0.882482,0.894680,0.907138,0.919840,0.932763,0.945885,0.959192,0.972657,0.986269,1.000000
48.5000,-0.000000,0.009453,0.019090,0.028923,0.038981,0.049270,0.059816,0.070620,0.081709,0.093079,0.104755,0.116732,0.129032,0.141645,0.154593,0.167860,0.181465,0.195388,0.209643,0.224204,0.239077,0.254235,0.269673,0.285361,0.301282,0.317408,0.333708,0.350155,0.366706,0.383339,0.400000,0.416672,0.433293,0.449856,0.466291,0.482602,0.498716,0.514648,0.530326,0.545773,0.560921,0.575803,0.590355,0.604619,0.618533,0.632147,0.645406,0.658363,0.670967,0.683276,0.695244,0.706929,0.718291,0.729388,0.740185,0.750738,0.761019,0.771084,0.780909,0.790554,0.800000,1.000000,0.986256,0.972658,0.959183,0.945894,0.932764,0.919858,0.907149,0.894707,0.882502,0.870610,0.859000,0.847754,0.836840,0.826347,0.816240,0.806614,0.797432,0.788797,0.780666,0.773147,0.766193,0.759914,0.754257,0.749334,0.745082,0.741611,0.738853,0.736909,0.735704,0.735330,0.735704,0.736909,0.738855,0.741612,0.745086,0.749334,0.754264,0.759916,0.766201,0.773150,0.780676,0.788799,0.797443,0.806616,0.816251,0.826349,0.836852,0.847755,0.859011,0.870610,0.882513,0.894707,0.907161,0.919858,0.932776,0.945893,0.959196,0.972658,0.986269,1.000000
48.6000,-0.000000,0.009453,0.019089,0.028919,0.038973,0.049258,0.059800,0.070601,0.081686,0.093053,0.104727,0.116702,0.129001,0.141614,0.154563,0.167831,0.181438,0.195363,0.209620,0.224184,0.239060,0.254220,0.269660,0.285350,0.301273,0.317401,0.333701,0.350149,0.366701,0.383334,0.399994,0.416667,0.433288,0.449851,0.466287,0.482599,0.498714,0.514648,0.530327,0.545778,0.560928,0.575813,0.590367,0.604633,0.618549,0.632165,0.645425,0.658383,0.670987,0.683296,0.695263,0.706947,0.718306,0.729401,0.740195,0.750746,0.761025,0.771087,0.780911,0.790554,0.800000,1.000000,0.986256,0.972657,0.959180,0.945888,0.932755,0.919846,0.907134,0.894689,0.882481,0.870587,0.858975,0.847729,0.836815,0.826322,0.816216,0.806593,0.797415,0.788784,0.780657,0.773143,0.766195,0.759922,0.754270,0.749352,0.745106,0.741641,0.738887,0.736947,0.735744,0.735372,0.735746,0.736951,0.738895,0.741648,0.745118,0.749361,0.754285,0.759931,0.766211,0.773154,0.780675,0.788794,0.797434,0.806604,0.816236,0.826332,0.836835,0.847738,0.858995,0.870595,0.882499,0.894695,0.907151,0.919850,0.932770,0.945889,0.959194,0.972658,0.986269,1.000000
48.7000,-0.000000,0.009453,0.019089,0.028921,0.038976,0.049262,0.059805,0.070607,0.081693,0.093061,0.104736,0.116711,0.129010,0.141623,0.154571,0.167840,0.181446,0.195372,0.209628,0.224191,0.239066,0.254227,0.269666,0.285356,0.301278,0.317405,0.333706,0.350153,0.366705,0.383338,0.399998,0.416670,0.433292,0.449855,0.466291,0.482602,0.498718,0.514652,0.530331,0.545780,0.560930,0.575815,0.590369,0.604635,0.618551,0.632166,0.645425,0.658383,0.670987,0.683295,0.695262,0.706946,0.718306,0.729401,0.740195,0.750745,0.761024,0.771086,0.780910,0.790554,0.800000,1.000000,0.986256,0.972658,0.959181,0.945890,0.932758,0.919850,0.907139,0.894695,0.882487,0.870593,0.858982,0.847736,0.836822,0.826329,0.816223,0.806600,0.797421,0.788789,0.780662,0.773147,0.766197,0.759923,0.754271,0.749352,0.745105,0.741637,0.738882,0.736941,0.735737,0.735364,0.735739,0.736942,0.738886,0.741640,0.745111,0.749354,0.754279,0.759926,0.766207,0.773150,0.780672,0.788792,0.797432,0.806602,0.816235,0.826332,0.836835,0.847738,0.858995,0.870595,0.882500,0.894695,0.907151,0.919850,0.932770,0.945889,0.959194,0.972657,0.986269,1.000000
48.8000,-0.000000,0.009453,0.019090,0.028923,0.038981,0.049270,0.059816,0.070620,0.081710,0.093080,0.104756,0.116733,0.129033,0.141646,0.154595,0.167862,0.181468,0.195392,0.209646,0.224208,0.239082,0.254240,0.269677,0.285366,0.301287,0.317413,0.333713,0.350160,0.366711,0.383344,0.400005,0.416677,0.433298,0.449861,0.466297,0.482608,0.498722,0.514655,0.530333,0.545781,0.560930,0.575813,0.590365,0.604629,0.618543,0.632157,0.645416,0.658372,0.670976,0.683285,0.695252,0.706937,0.718297,0.729393,0.740188,0.750741,0.761021,0.771085,0.780910,0.790554,0.800000,1.000000,0.986256,0.972658,0.959183,0.945894,0.932764,0.919858,0.907149,0.894708,0.882503,0.870611,0.859001,0.847756,0.836842,0.826349,0.816242,0.806617,0.797437,0.788802,0.780672,0.773153,0.766200,0.759922,0.754265,0.749342,0.745090,0.741620,0.738861,0.736918,0.735712,0.735338,0.735711,0.736915,0.738859,0.741614,0.745087,0.749334,0.754262,0.759912,0.766196,0.773143,0.780668,0.788791,0.797434,0.806607,0.816242,0.826340,0.836843,0.847747,0.859004,0.870604,0.882508,0.894702,0.907157,0.919855,0.932774,0.945892,0.959196,0.972658,0.986269,1.000000
48.9000,-0.000000,0.009453,0.019088,0.028918,0.038971,0.049256,0.059797,0.070597,0.081682,0.093048,0.104722,0.116697,0.128997,0.141610,0.154559,0.167829,0.181436,0.195363,0.209621,0.224186,0.239063,0.254225,0.269666,0.285357,0.301281,0.317409,0.333710,0.350158,0.366710,0.383343,0.400003,0.416675,0.433297,0.449860,0.466297,0.482609,0.498726,0.514661,0.530342,0.545792,0.560944,0.575831,0.590386,0.604653,0.618570,0.632187,0.645447,0.658405,0.671009,0.683317,0.695282,0.706964,0.718321,0.729414,0.740205,0.750753,0.761030,0.771089,0.780912,0.790554,0.800000,1.000000,0.986256,0.972657,0.959179,0.945886,0.932753,0.919843,0.907131,0.894685,0.882477,0.870583,0.858971,0.847725,0.836812,0.826320,0.816215,0.806593,0.797417,0.788787,0.780664,0.773152,0.766206,0.759936,0.754288,0.749372,0.745128,0.741664,0.738911,0.736971,0.735768,0.735394,0.735767,0.736968,0.738909,0.741659,0.745126,0.749366,0.754286,0.759929,0.766206,0.773145,0.780664,0.788781,0.797418,0.806587,0.816218,0.826314,0.836816,0.847720,0.858978,0.870579,0.882486,0.894683,0.907141,0.919842,0.932765,0.945886,0.959192,0.972657,0.986269,1.000000
49.0000,-0.000000,0.009453,0.019091,0.028924,0.038982,0.049271,0.059818,0.070622,0.081712,0.093082,0.104759,0.116736,0.129036,0.141649,0.154597,0.167864,0.181469,0.195391,0.209645,0.224205,0.239077,0.254235,0.269672,0.285360,0.301281,0.317406,0.333706,0.350153,0.366704,0.383337,0.399998,0.416670,0.433291,0.449854,0.466289,0.482599,0.498714,0.514645,0.530322,0.545769,0.560916,0.575798,0.590349,0.604612,0.618526,0.632139,0.645397,0.658354,0.670959,0.683268,0.695236,0.706922,0.718284,0.729382,0.740179,0.750734,0.761017,0.771082,0.780909,0.790554,0.800000,1.000000,0.986256,0.972658,0.959184,0.945894,0.932765,0.919859,0.907150,0.894709,0.882505,0.870613,0.859004,0.847758,0.836844,0.826351,0.816243,0.806616,0.797434,0.788797,0.780665,0.773144,0.766189,0.759908,0.754250,0.749325,0.745073,0.741602,0.738843,0.736899,0.735693,0.735320,0.735694,0.736900,0.738847,0.741604,0.745080,0.749330,0.754260,0.759914,0.766201,0.773150,0.780678,0.788803,0.797448,0.806622,0.816257,0.826355,0.836859,0.847762,0.859018,0.870617,0.882520,0.894712,0.907166,0.919862,0.932779,0.945895,0.959198,0.972659,0.986269,1.000000
49.1000,-0.000000,0.009453,0.019088,0.028917,0.038970,0.049253,0.059793,0.070592,0.081676,0.093042,0.104716,0.116690,0.128988,0.141601,0.154550,0.167818,0.181426,0.195353,0.209610,0.224176,0.239053,0.254215,0.269656,0.285348,0.301272,0.317400,0.333701,0.350149,0.366701,0.383334,0.399995,0.416667,0.433289,0.449852,0.466288,0.482600,0.498717,0.514651,0.530332,0.545783,0.560935,0.575822,0.590378,0.604646,0.618563,0.632180,0.645441,0.658398,0.671003,0.683311,0.695277,0.706960,0.718318,0.729411,0.740203,0.750751,0.761029,0.771089,0.780911,0.790554,0.800000,1.000000,0.986256,0.972657,0.959179,0.945885,0.932751,0.919841,0.907127,0.894681,0.882472,0.870577,0.858964,0.847717,0.836803,0.826311,0.816205,0.806583,0.797407,0.788777,0.780654,0.773143,0.766198,0.759928,0.754280,0.749366,0.745122,0.741659,0.738908,0.736969,0.735767,0.735395,0.735770,0.736973,0.738915,0.741667,0.745135,0.749375,0.754296,0.759939,0.766215,0.773154,0.780672,0.788788,0.797425,0.806593,0.816224,0.826320,0.836821,0.847725,0.858982,0.870583,0.882489,0.894685,0.907143,0.919844,0.932766,0.945887,0.959192,0.972657,0.986269,1.000000
49.2000,-0.000000,0.009453,0.019091,0.028924,0.038981,0.049271,0.059817,0.070621,0.081709,0.093079,0.104756,0.116732,0.129032,0.141645,0.154593,0.167861,0.181466,0.195390,0.209644,0.224206,0.239079,0.254237,0.269675,0.285363,0.301284,0.317410,0.333709,0.350156,0.366708,0.383340,0.400001,0.416673,0.433295,0.449857,0.466293,0.482604,0.498718,0.514650,0.530328,0.545776,0.560924,0.575806,0.590358,0.604621,0.618535,0.632150,0.645408,0.658365,0.670969,0.683278,0.695246,0.706931,0.718292,0.729389,0.740185,0.750738,0.761020,0.771084,0.780909,0.790554,0.800000,1.000000,0.986256,0.972659,0.959183,0.945894,0.932764,0.919859,0.907150,0.894708,0.882502,0.870610,0.859000,0.847755,0.836841,0.826348,0.816241,0.806615,0.797434,0.788799,0.780668,0.773149,0.766196,0.759917,0.754260,0.749337,0.745085,0.741614,0.738855,0.736912,0.735706,0.735332,0.735706,0.736910,0.738856,0.741612,0.745086,0.749334,0.754262,0.759914,0.766199,0.773147,0.780674,0.788797,0.797441,0.806614,0.816249,0.826346,0.836850,0.847753,0.859010,0.870609,0.882512,0.894706,0.907160,0.919857,0.932776,0.945893,0.959196,0.972658,0.986269,1.000000
49.3000,-0.000000,0.009453,0.019089,0.028920,0.038975,0.049262,0.059804,0.070606,0.081693,0.093060,0.104736,0.116711,0.129011,0.141625,0.154574,0.167843,0.181450,0.195375,0.209632,0.224196,0.239072,0.254232,0.269672,0.285362,0.301285,0.317412,0.333712,0.350160,0.366711,0.383344,0.400005,0.416677,0.433299,0.449861,0.466298,0.482610,0.498726,0.514659,0.530339,0.545790,0.560940,0.575825,0.590379,0.604645,0.618561,0.632176,0.645436,0.658393,0.670997,0.683304,0.695270,0.706954,0.718312,0.729406,0.740198,0.750748,0.761026,0.771088,0.780911,0.790554,0.800000,1.000000,0.986256,0.972657,0.959181,0.945889,0.932757,0.919849,0.907138,0.894694,0.882487,0.870594,0.858983,0.847737,0.836824,0.826332,0.816227,0.806604,0.797426,0.788795,0.780668,0.773154,0.766206,0.759932,0.754280,0.749361,0.745114,0.741647,0.738892,0.736950,0.735745,0.735372,0.735745,0.736947,0.738889,0.741641,0.745110,0.749352,0.754275,0.759921,0.766200,0.773142,0.780664,0.788783,0.797423,0.806593,0.816226,0.826323,0.836826,0.847730,0.858987,0.870588,0.882494,0.894690,0.907147,0.919847,0.932769,0.945888,0.959194,0.972657,0.986269,1.000000
49.4000,-0.000000,0.009453,0.019089,0.028920,0.038976,0.049263,0.059806,0.070608,0.081695,0.093063,0.104738,0.116714,0.129014,0.141627,0.154576,0.167844,0.181451,0.195376,0.209632,0.224195,0.239070,0.254230,0.269669,0.285359,0.301281,0.317408,0.333709,0.350156,0.366707,0.383340,0.400001,0.416673,0.433295,0.449858,0.466294,0.482605,0.498721,0.514654,0.530334,0.545783,0.560933,0.575818,0.590372,0.604638,0.618553,0.632169,0.645428,0.658385,0.670989,0.683297,0.695263,0.706947,0.718307,0.729401,0.740195,0.750745,0.761024,0.771087,0.780910,0.790554,0.800000,1.000000,0.986256,0.972657,0.959181,0.945890,0.932758,0.919850,0.907140,0.894695,0.882489,0.870596,0.858985,0.847739,0.836826,0.826333,0.816227,0.806604,0.797425,0.788793,0.780666,0.773150,0.766200,0.759925,0.754273,0.749353,0.745105,0.741638,0.738883,0.736941,0.735737,0.735364,0.735738,0.736941,0.738885,0.741638,0.745109,0.749353,0.754277,0.759923,0.766203,0.773147,0.780669,0.788788,0.797429,0.806600,0.816233,0.826330,0.836833,0.847737,0.858994,0.870594,0.882499,0.894695,0.907151,0.919850,0.932771,0.945890,0.959194,0.972658,0.986269,1.000000
49.5000,-0.000000,0.009453,0.019090,0.028923,0.038980,0.049268,0.059813,0.070616,0.081704,0.093073,0.104748,0.116724,0.129023,0.141636,0.154584,0.167851,0.181456,0.195380,0.209635,0.224197,0.239071,0.254230,0.269668,0.285356,0.301278,0.317404,0.333704,0.350151,0.366703,0.383336,0.399997,0.416669,0.433290,0.449852,0.466288,0.482599,0.498714,0.514646,0.530324,0.545772,0.560920,0.575803,0.590356,0.604619,0.618534,0.632149,0.645408,0.658365,0.670969,0.683278,0.695246,0.706932,0.718293,0.729390,0.740186,0.750739,0.761020,0.771084,0.780910,0.790554,0.800000,1.000000,0.986256,0.972658,0.959183,0.945893,0.932762,0.919856,0.907145,0.894703,0.882497,0.870604,0.858993,0.847747,0.836832,0.826339,0.816231,0.806606,0.797425,0.788791,0.780661,0.773143,0.766190,0.759913,0.754258,0.749336,0.745086,0.741616,0.738859,0.736916,0.735711,0.735339,0.735714,0.736919,0.738865,0.741621,0.745095,0.749342,0.754270,0.759921,0.766206,0.773153,0.780678,0.788801,0.797444,0.806616,0.816250,0.826347,0.836850,0.847753,0.859010,0.870608,0.882512,0.894705,0.907160,0.919857,0.932776,0.945893,0.959196,0.972658,0.986269,1.000000
49.6000,-0.000000,0.009453,0.019088,0.028918,0.038971,0.049255,0.059796,0.070595,0.081679,0.093045,0.104719,0.116693,0.128992,0.141604,0.154553,0.167822,0.181430,0.195356,0.209614,0.224179,0.239056,0.254218,0.269659,0.285350,0.301274,0.317402,0.333703,0.350151,0.366702,0.383335,0.399996,0.416669,0.433290,0.449853,0.466289,0.482601,0.498718,0.514653,0.530333,0.545784,0.560936,0.575822,0.590377,0.604644,0.618561,0.632178,0.645438,0.658396,0.671000,0.683309,0.695275,0.706958,0.718317,0.729410,0.740202,0.750751,0.761028,0.771089,0.780911,0.790554,0.800000,1.000000,0.986256,0.972657,0.959179,0.945886,0.932753,0.919843,0.907130,0.894684,0.882475,0.870580,0.858967,0.847720,0.836806,0.826314,0.816209,0.806586,0.797410,0.788780,0.780656,0.773145,0.766199,0.759928,0.754280,0.749365,0.745121,0.741658,0.738905,0.736966,0.735764,0.735391,0.735765,0.736968,0.738910,0.741661,0.745129,0.749370,0.754291,0.759935,0.766213,0.773153,0.780672,0.788789,0.797426,0.806594,0.816226,0.826321,0.836823,0.847727,0.858984,0.870584,0.882490,0.894687,0.907144,0.919844,0.932766,0.945887,0.959193,0.972657,0.986269,1.000000
49.7000,-0.000000,0.009453,0.019091,0.028924,0.038982,0.049272,0.059819,0.070624,0.081714,0.093085,0.104763,0.116740,0.129041,0.141654,0.154602,0.167869,0.181474,0.195397,0.209651,0.224212,0.239084,0.254241,0.269678,0.285366,0.301287,0.317412,0.333711,0.350158,0.366709,0.383342,0.400003,0.416675,0.433297,0.449859,0.466295,0.482605,0.498720,0.514651,0.530329,0.545776,0.560924,0.575806,0.590357,0.604620,0.618534,0.632148,0.645406,0.658362,0.670966,0.683274,0.695242,0.706927,0.718288,0.729386,0.740182,0.750736,0.761018,0.771083,0.780909,0.790554,0.800000,1.000000,0.986256,0.972658,0.959184,0.945894,0.932765,0.919860,0.907152,0.894711,0.882507,0.870616,0.859007,0.847762,0.836849,0.826355,0.816248,0.806622,0.797440,0.788803,0.780672,0.773151,0.766196,0.759915,0.754257,0.749331,0.745078,0.741606,0.738847,0.736902,0.735696,0.735322,0.735696,0.736901,0.738847,0.741604,0.745079,0.749327,0.754257,0.759910,0.766196,0.773145,0.780672,0.788796,0.797440,0.806614,0.816249,0.826348,0.836852,0.847756,0.859013,0.870612,0.882515,0.894709,0.907163,0.919860,0.932777,0.945894,0.959197,0.972659,0.986269,1.000000
49.8000,-0.000000,0.009453,0.019088,0.028918,0.038972,0.049256,0.059798,0.070598,0.081683,0.093049,0.104724,0.116698,0.128998,0.141611,0.154560,0.167829,0.181438,0.195364,0.209622,0.224188,0.239065,0.254227,0.269667,0.285359,0.301283,0.317410,0.333711,0.350159,0.366710,0.383344,0.400004,0.416676,0.433298,0.449861,0.466298,0.482610,0.498727,0.514662,0.530342,0.545793,0.560945,0.575832,0.590388,0.604655,0.618572,0.632189,0.645449,0.658406,0.671011,0.683318,0.695284,0.706965,0.718323,0.729415,0.740206,0.750754,0.761030,0.771089,0.780912,0.790554,0.800000,1.000000,0.986256,0.972657,0.959179,0.945887,0.932753,0.919844,0.907131,0.894686,0.882478,0.870584,0.858972,0.847726,0.836812,0.826320,0.816215,0.806594,0.797417,0.788788,0.780665,0.773153,0.766208,0.759937,0.754289,0.749373,0.745129,0.741665,0.738911,0.736971,0.735768,0.735394,0.735767,0.736968,0.738909,0.741659,0.745126,0.749366,0.754286,0.759929,0.766205,0.773145,0.780663,0.788779,0.797417,0.806585,0.816217,0.826313,0.836815,0.847719,0.858977,0.870578,0.882484,0.894682,0.907141,0.919842,0.932764,0.945886,0.959192,0.972657,0.986269,1.000000
49.9000,-0.000000,0.009453,0.019090,0.028923,0.038981,0.049270,0.059815,0.070619,0.081708,0.093077,0.104754,0.116730,0.129030,0.141643,0.154591,0.167858,0.181464,0.195387,0.209642,0.224203,0.239076,0.254235,0.269672,0.285361,0.301282,0.317408,0.333708,0.350155,0.366706,0.383339,0.400000,0.416672,0.433293,0.449856,0.466291,0.482602,0.498717,0.514649,0.530326,0.545774,0.560922,0.575804,0.590356,0.604620,0.618534,0.632148,0.645407,0.658364,0.670968,0.683277,0.695245,0.706931,0.718292,0.729389,0.740185,0.750738,0.761020,0.771084,0.780910,0.790554,0.800000,1.000000,0.986256,0.972658,0.959183,0.945893,0.932763,0.919857,0.907148,0.894706,0.882501,0.870609,0.858999,0.847753,0.836839,0.826345,0.816238,0.806613,0.797432,0.788797,0.780666,0.773148,0.766194,0.759915,0.754259,0.749335,0.745084,0.741614,0.738855,0.736912,0.735706,0.735332,0.735707,0.736911,0.738857,0.741613,0.745087,0.749335,0.754264,0.759915,0.766200,0.773148,0.780675,0.788798,0.797442,0.806615,0.816250,0.826348,0.836851,0.847754,0.859010,0.870609,0.882512,0.894706,0.907160,0.919857,0.932776,0.945893,0.959196,0.972658,0.986269,1.000000
50.0000,-0.000000,0.009453,0.019089,0.028919,0.038973,0.049259,0.059801,0.070601,0.081687,0.093054,0.104728,0.116703,0.129003,0.141616,0.154564,0.167832,0.181439,0.195364,0.209621,0.224185,0.239060,0.254221,0.269661,0.285351,0.301274,0.317401,0.333702,0.350150,0.366701,0.383334,0.399995,0.416667,0.433289,0.449851,0.466287,0.482599,0.498715,0.514648,0.530328,0.545778,0.560928,0.575814,0.590368,0.604634,0.618550,0.632166,0.645426,0.658384,0.670988,0.683297,0.695264,0.706947,0.718307,0.729402,0.740196,0.750746,0.761025,0.771087,0.780911,0.790554,0.800000,1.000000,0.986256,0.972657,0.959180,0.945888,0.932755,0.919846,0.907134,0.894690,0.882482,0.870588,0.858976,0.847730,0.836816,0.826323,0.816217,0.806594,0.797415,0.788783,0.780657,0.773143,0.766194,0.759921,0.754270,0.749352,0.745106,0.741640,0.738886,0.736946,0.735743,0.735371,0.735746,0.736950,0.738895,0.741648,0.745118,0.749361,0.754285,0.759931,0.766211,0.773153,0.780675,0.788794,0.797433,0.806603,0.816235,0.826331,0.836834,0.847737,0.858994,0.870594,0.882499,0.894694,0.907150,0.919849,0.932770,0.945889,0.959194,0.972657,0.986269,1.000000
50.1000,-0.000000,0.009453,0.019089,0.028920,0.038976,0.049262,0.059806,0.070607,0.081694,0.093061,0.104737,0.116712,0.129012,0.141624,0.154573,0.167841,0.181448,0.195373,0.209629,0.224192,0.239067,0.254227,0.269666,0.285356,0.301279,0.317405,0.333706,0.350153,0.366705,0.383338,0.399998,0.416671,0.433292,0.449855,0.466291,0.482602,0.498718,0.514651,0.530331,0.545780,0.560930,0.575814,0.590368,0.604633,0.618549,0.632165,0.645424,0.658381,0.670986,0.683294,0.695261,0.706945,0.718305,0.729400,0.740194,0.750745,0.761024,0.771086,0.780910,0.790554,0.800000,1.000000,0.986256,0.972657,0.959181,0.945890,0.932758,0.919850,0.907139,0.894695,0.882488,0.870594,0.858983,0.847737,0.836823,0.826330,0.816224,0.806600,0.797422,0.788789,0.780662,0.773147,0.766197,0.759922,0.754270,0.749350,0.745103,0.741636,0.738881,0.736940,0.735735,0.735362,0.735736,0.736940,0.738884,0.741638,0.745109,0.749354,0.754279,0.759926,0.766207,0.773151,0.780673,0.788793,0.797433,0.806604,0.816237,0.826333,0.836836,0.847740,0.858997,0.870596,0.882501,0.894696,0.907152,0.919851,0.932771,0.945890,0.959194,0.972658,0.986269,1.000000
50.2000,-0.000000,0.009453,0.019090,0.028923,0.038980,0.049269,0.059814,0.070618,0.081707,0.093077,0.104753,0.116730,0.129030,0.141643,0.154592,0.167859,0.181465,0.195389,0.209644,0.224206,0.239080,0.254239,0.269677,0.285365,0.301287,0.317413,0.333712,0.350159,0.366711,0.383343,0.400004,0.416677,0.433298,0.449861,0.466297,0.482608,0.498723,0.514655,0.530333,0.545782,0.560930,0.575813,0.590365,0.604630,0.618544,0.632158,0.645417,0.658374,0.670978,0.683286,0.695254,0.706938,0.718298,0.729395,0.740189,0.750741,0.761022,0.771085,0.780910,0.790554,0.800000,1.000000,0.986256,0.972658,0.959183,0.945893,0.932763,0.919857,0.907147,0.894705,0.882500,0.870608,0.858998,0.847753,0.836839,0.826346,0.816240,0.806615,0.797434,0.788800,0.780670,0.773153,0.766200,0.759922,0.754267,0.749344,0.745093,0.741623,0.738865,0.736921,0.735715,0.735341,0.735714,0.736917,0.738862,0.741617,0.745089,0.749335,0.754263,0.759913,0.766197,0.773143,0.780668,0.788791,0.797434,0.806606,0.816241,0.826339,0.836842,0.847746,0.859003,0.870603,0.882507,0.894701,0.907156,0.919854,0.932774,0.945892,0.959196,0.972658,0.986269,1.000000
50.3000,-0.000000,0.009453,0.019089,0.028918,0.038972,0.049257,0.059798,0.070599,0.081684,0.093051,0.104725,0.116700,0.129000,0.141613,0.154562,0.167831,0.181439,0.195365,0.209623,0.224188,0.239064,0.254226,0.269666,0.285357,0.301281,0.317409,0.333710,0.350157,0.366709,0.383342,0.400003,0.416675,0.433297,0.449860,0.466296,0.482608,0.498725,0.514660,0.530341,0.545791,0.560943,0.575829,0.590384,0.604651,0.618568,0.632185,0.645445,0.658402,0.671006,0.683314,0.695280,0.706962,0.718320,0.729412,0.740204,0.750752,0.761029,0.771089,0.780911,0.790554,0.800000,1.000000,0.986256,0.972657,0.959180,0.945887,0.932754,0.919845,0.907132,0.894687,0.882479,0.870585,0.858974,0.847728,0.836814,0.826322,0.816217,0.806595,0.797418,0.788788,0.780664,0.773152,0.766205,0.759934,0.754285,0.749369,0.745124,0.741659,0.738906,0.736966,0.735763,0.735390,0.735763,0.736965,0.738906,0.741656,0.745124,0.749364,0.754285,0.759928,0.766205,0.773145,0.780664,0.788781,0.797419,0.806588,0.816220,0.826316,0.836818,0.847722,0.858980,0.870581,0.882487,0.894684,0.907142,0.919843,0.932765,0.945886,0.959192,0.972657,0.986269,1.000000
50.4000,-0.000000,0.009453,0.019091,0.028924,0.038982,0.049271,0.059817,0.070621,0.081711,0.093081,0.104758,0.116734,0.129035,0.141648,0.154595,0.167862,0.181467,0.195390,0.209644,0.224205,0.239077,0.254235,0.269672,0.285360,0.301281,0.317407,0.333706,0.350153,0.366705,0.383338,0.399998,0.416671,0.433292,0.449854,0.466290,0.482600,0.498715,0.514646,0.530324,0.545771,0.560918,0.575801,0.590352,0.604615,0.618529,0.632143,0.645402,0.658358,0.670962,0.683271,0.695239,0.706925,0.718287,0.729384,0.740181,0.750735,0.761018,0.771083,0.780909,0.790554,0.800000,1.000000,0.986256,0.972659,0.959184,0.945894,0.932764,0.919859,0.907150,0.894708,0.882504,0.870612,0.859002,0.847757,0.836843,0.826349,0.816242,0.806615,0.797433,0.788797,0.780666,0.773146,0.766190,0.759911,0.754253,0.749328,0.745076,0.741605,0.738847,0.736903,0.735697,0.735324,0.735699,0.736904,0.738851,0.741608,0.745083,0.749332,0.754262,0.759915,0.766201,0.773150,0.780677,0.788801,0.797445,0.806619,0.816254,0.826352,0.836855,0.847759,0.859015,0.870614,0.882517,0.894710,0.907164,0.919860,0.932778,0.945895,0.959197,0.972659,0.986269,1.000000
50.5000,-0.000000,0.009453,0.019088,0.028917,0.038970,0.049254,0.059795,0.070594,0.081678,0.093044,0.104717,0.116691,0.128990,0.141603,0.154551,0.167820,0.181428,0.195354,0.209612,0.224177,0.239054,0.254217,0.269658,0.285349,0.301273,0.317401,0.333702,0.350150,0.366702,0.383335,0.399996,0.416668,0.433290,0.449853,0.466289,0.482601,0.498717,0.514652,0.530332,0.545783,0.560935,0.575821,0.590377,0.604644,0.618561,0.632178,0.645439,0.658396,0.671001,0.683309,0.695275,0.706958,0.718317,0.729410,0.740202,0.750751,0.761028,0.771089,0.780911,0.790554,0.800000,1.000000,0.986256,0.972657,0.959179,0.945886,0.932752,0.919842,0.907128,0.894682,0.882473,0.870578,0.858966,0.847719,0.836804,0.826312,0.816207,0.806585,0.797408,0.788779,0.780655,0.773144,0.766198,0.759928,0.754280,0.749365,0.745122,0.741658,0.738906,0.736967,0.735765,0.735392,0.735766,0.736969,0.738912,0.741663,0.745131,0.749372,0.754293,0.759937,0.766214,0.773154,0.780673,0.788790,0.797427,0.806595,0.816226,0.826322,0.836824,0.847727,0.858984,0.870585,0.882490,0.894687,0.907144,0.919845,0.932767,0.945887,0.959193,0.972657,0.986269,1.000000
50.6000,-0.000000,0.009453,0.019090,0.028923,0.038980,0.049269,0.059815,0.070619,0.081708,0.093078,0.104754,0.116731,0.129031,0.141644,0.154592,0.167860,0.181465,0.195389,0.209643,0.224204,0.239077,0.254236,0.269673,0.285361,0.301283,0.317409,0.333708,0.350155,0.366707,0.383339,0.400000,0.416672,0.433294,0.449856,0.466292,0.482603,0.498718,0.514650,0.530328,0.545775,0.560924,0.575806,0.590358,0.604621,0.618535,0.632150,0.645408,0.658365,0.670970,0.683279,0.695246,0.706931,0.718293,0.729390,0.740186,0.750739,0.761020,0.771084,0.780910,0.790554,0.800000,1.000000,0.986256,0.972658,0.959183,0.945893,0.932763,0.919857,0.907148,0.894706,0.882501,0.870609,0.858999,0.847754,0.836840,0.826347,0.816240,0.806614,0.797433,0.788798,0.780668,0.773149,0.766195,0.759916,0.754259,0.749336,0.745085,0.741614,0.738856,0.736913,0.735707,0.735333,0.735708,0.736912,0.738858,0.741614,0.745088,0.749335,0.754264,0.759916,0.766200,0.773148,0.780674,0.788798,0.797441,0.806614,0.816249,0.826346,0.836850,0.847753,0.859009,0.870608,0.882512,0.894706,0.907160,0.919857,0.932776,0.945893,0.959196,0.972658,0.986269,1.000000
50.7000,-0.000000,0.009453,0.019089,0.028920,0.038975,0.049261,0.059804,0.070605,0.081692,0.093060,0.104735,0.116711,0.129011,0.141624,0.154573,0.167842,0.181449,0.195375,0.209632,0.224196,0.239071,0.254232,0.269671,0.285361,0.301284,0.317411,0.333712,0.350159,0.366710,0.383343,0.400004,0.416676,0.433298,0.449861,0.466297,0.482609,0.498725,0.514659,0.530339,0.545789,0.560939,0.575824,0.590379,0.604645,0.618561,0.632176,0.645436,0.658393,0.670997,0.683304,0.695270,0.706953,0.718312,0.729406,0.740198,0.750748,0.761026,0.771087,0.780911,0.790554,0.800000,1.000000,0.986256,0.972657,0.959181,0.945889,0.932757,0.919849,0.907138,0.894694,0.882487,0.870593,0.858983,0.847737,0.836823,0.826331,0.816226,0.806603,0.797426,0.788794,0.780668,0.773154,0.766205,0.759931,0.754280,0.749361,0.745114,0.741647,0.738891,0.736950,0.735745,0.735372,0.735745,0.736947,0.738890,0.741642,0.745111,0.749353,0.754276,0.759922,0.766201,0.773144,0.780665,0.788784,0.797424,0.806594,0.816226,0.826323,0.836826,0.847730,0.858988,0.870588,0.882495,0.894690,0.907148,0.919847,0.932769,0.945889,0.959194,0.972657,0.986269,1.000000
50.8000,-0.000000,0.009453,0.019090,0.028921,0.038977,0.049264,0.059807,0.070609,0.081696,0.093064,0.104740,0.116715,0.129015,0.141628,0.154577,0.167845,0.181452,0.195377,0.209633,0.224197,0.239072,0.254232,0.269670,0.285360,0.301283,0.317409,0.333710,0.350157,0.366708,0.383341,0.400002,0.416674,0.433296,0.449858,0.466295,0.482606,0.498722,0.514655,0.530334,0.545783,0.560933,0.575818,0.590372,0.604637,0.618553,0.632168,0.645427,0.658384,0.670988,0.683296,0.695263,0.706946,0.718306,0.729400,0.740194,0.750745,0.761024,0.771086,0.780910,0.790554,0.800000,1.000000,0.986256,0.972658,0.959181,0.945890,0.932759,0.919852,0.907141,0.894697,0.882490,0.870597,0.858986,0.847740,0.836826,0.826334,0.816228,0.806605,0.797426,0.788794,0.780667,0.773152,0.766201,0.759926,0.754274,0.749353,0.745105,0.741638,0.738882,0.736940,0.735735,0.735361,0.735735,0.736938,0.738882,0.741635,0.745106,0.749350,0.754275,0.759922,0.766203,0.773147,0.780669,0.788789,0.797429,0.806600,0.816233,0.826330,0.836833,0.847737,0.858994,0.870595,0.882500,0.894695,0.907152,0.919850,0.932771,0.945890,0.959195,0.972658,0.986269,1.000000
50.9000,-0.000000,0.009453,0.019090,0.028922,0.038979,0.049267,0.059811,0.070614,0.081702,0.093071,0.104747,0.116722,0.129022,0.141635,0.154583,0.167850,0.181456,0.195380,0.209635,0.224197,0.239071,0.254230,0.269668,0.285357,0.301279,0.317405,0.333705,0.350152,0.366704,0.383336,0.399997,0.416669,0.433291,0.449853,0.466289,0.482600,0.498714,0.514647,0.530325,0.545773,0.560922,0.575805,0.590358,0.604622,0.618537,0.632152,0.645411,0.658368,0.670973,0.683281,0.695249,0.706934,0.718295,0.729392,0.740187,0.750740,0.761021,0.771085,0.780910,0.790554,0.800000,1.000000,0.986256,0.972658,0.959182,0.945892,0.932761,0.919854,0.907144,0.894701,0.882495,0.870602,0.858992,0.847746,0.836832,0.826338,0.816231,0.806606,0.797426,0.788791,0.780662,0.773144,0.766192,0.759915,0.754260,0.749338,0.745088,0.741619,0.738862,0.736920,0.735715,0.735343,0.735717,0.736922,0.738868,0.741624,0.745097,0.749344,0.754271,0.759922,0.766206,0.773153,0.780678,0.788800,0.797442,0.806614,0.816248,0.826345,0.836848,0.847751,0.859007,0.870606,0.882510,0.894704,0.907158,0.919856,0.932775,0.945892,0.959196,0.972658,0.986269,1.000000
51.0000,-0.000000,0.009453,0.019088,0.028918,0.038971,0.049255,0.059796,0.070596,0.081681,0.093047,0.104721,0.116695,0.128994,0.141607,0.154556,0.167824,0.181432,0.195358,0.209615,0.224180,0.239057,0.254218,0.269659,0.285350,0.301274,0.317401,0.333703,0.350150,0.366702,0.383335,0.399996,0.416668,0.433290,0.449853,0.466289,0.482601,0.498717,0.514651,0.530332,0.545783,0.560934,0.575820,0.590375,0.604642,0.618559,0.632175,0.645435,0.658394,0.670998,0.683307,0.695273,0.706956,0.718315,0.729408,0.740200,0.750750,0.761027,0.771088,0.780911,0.790554,0.800000,1.000000,0.986256,0.972657,0.959179,0.945886,0.932753,0.919843,0.907130,0.894684,0.882476,0.870581,0.858970,0.847723,0.836808,0.826316,0.816211,0.806588,0.797411,0.788781,0.780656,0.773144,0.766198,0.759927,0.754278,0.749362,0.745118,0.741654,0.738901,0.736962,0.735759,0.735387,0.735762,0.736965,0.738907,0.741659,0.745127,0.749369,0.754290,0.759935,0.766212,0.773153,0.780673,0.788790,0.797429,0.806597,0.816228,0.826324,0.836826,0.847729,0.858986,0.870587,0.882492,0.894688,0.907145,0.919845,0.932767,0.945888,0.959193,0.972657,0.986269,1.000000
51.1000,-0.000000,0.009453,0.019091,0.028924,0.038982,0.049272,0.059818,0.070623,0.081712,0.093083,0.104760,0.116737,0.129037,0.141650,0.154598,0.167866,0.181471,0.195394,0.209648,0.224209,0.239082,0.254239,0.269677,0.285365,0.301286,0.317411,0.333710,0.350157,0.366708,0.383341,0.400002,0.416674,0.433296,0.449858,0.466294,0.482604,0.498719,0.514651,0.530328,0.545775,0.560923,0.575806,0.590357,0.604621,0.618535,0.632149,0.645407,0.658364,0.670968,0.683276,0.695244,0.706929,0.718290,0.729387,0.740183,0.750737,0.761019,0.771083,0.780909,0.790554,0.800000,1.000000,0.986256,0.972658,0.959184,0.945894,0.932765,0.919860,0.907151,0.894710,0.882505,0.870613,0.859004,0.847759,0.836845,0.826352,0.816245,0.806619,0.797437,0.788802,0.780670,0.773151,0.766196,0.759916,0.754259,0.749334,0.745082,0.741610,0.738850,0.736906,0.735700,0.735326,0.735700,0.736905,0.738851,0.741607,0.745082,0.749330,0.754260,0.759912,0.766198,0.773146,0.780673,0.788797,0.797441,0.806614,0.816249,0.826347,0.836851,0.847755,0.859011,0.870610,0.882514,0.894707,0.907162,0.919859,0.932777,0.945894,0.959197,0.972658,0.986269,1.000000
51.2000,-0.000000,0.009453,0.019089,0.028918,0.038972,0.049257,0.059798,0.070598,0.081683,0.093050,0.104725,0.116700,0.128999,0.141613,0.154562,0.167831,0.181439,0.195366,0.209623,0.224189,0.239065,0.254227,0.269668,0.285359,0.301283,0.317410,0.333711,0.350159,0.366710,0.383343,0.400004,0.416676,0.433298,0.449861,0.466297,0.482609,0.498726,0.514660,0.530341,0.545793,0.560944,0.575831,0.590386,0.604653,0.618571,0.632188,0.645448,0.658405,0.671009,0.683316,0.695282,0.706964,0.718321,0.729414,0.740205,0.750753,0.761030,0.771089,0.780912,0.790554,0.800000,1.000000,0.986256,0.972657,0.959179,0.945887,0.932754,0.919844,0.907132,0.894687,0.882479,0.870584,0.858973,0.847727,0.836814,0.826322,0.816217,0.806595,0.797419,0.788789,0.780665,0.773154,0.766207,0.759937,0.754288,0.749371,0.745127,0.741662,0.738908,0.736967,0.735764,0.735390,0.735763,0.736965,0.738907,0.741657,0.745125,0.749365,0.754285,0.759928,0.766205,0.773144,0.780663,0.788780,0.797417,0.806586,0.816217,0.826313,0.836815,0.847720,0.858978,0.870579,0.882485,0.894682,0.907141,0.919842,0.932765,0.945886,0.959192,0.972657,0.986269,1.000000
51.3000,-0.000000,0.009453,0.019090,0.028923,0.038980,0.049269,0.059814,0.070619,0.081707,0.093077,0.104754,0.116730,0.129030,0.141643,0.154592,0.167859,0.181465,0.195388,0.209643,0.224204,0.239078,0.254236,0.269674,0.285362,0.301283,0.317409,0.333709,0.350156,0.366707,0.383340,0.400001,0.416673,0.433294,0.449857,0.466293,0.482603,0.498718,0.514650,0.530328,0.545776,0.560924,0.575806,0.590358,0.604621,0.618536,0.632150,0.645409,0.658365,0.670970,0.683279,0.695247,0.706932,0.718294,0.729390,0.740186,0.750739,0.761020,0.771084,0.780910,0.790554,0.800000,1.000000,0.986256,0.972658,0.959183,0.945893,0.932763,0.919857,0.907148,0.894706,0.882500,0.870608,0.858998,0.847753,0.836839,0.826346,0.816239,0.806614,0.797433,0.788798,0.780668,0.773149,0.766195,0.759917,0.754260,0.749337,0.745085,0.741615,0.738856,0.736913,0.735707,0.735334,0.735708,0.736913,0.738858,0.741614,0.745088,0.749335,0.754264,0.759915,0.766200,0.773148,0.780674,0.788798,0.797441,0.806614,0.816249,0.826347,0.836850,0.847753,0.859010,0.870608,0.882511,0.894705,0.907159,0.919857,0.932775,0.945893,0.959196,0.972658,0.986269,1.000000
51.4000,-0.000000,0.009453,0.019089,0.028919,0.038974,0.049259,0.059801,0.070601,0.081687,0.093054,0.104728,0.116703,0.129002,0.141615,0.154564,0.167832,0.181439,0.195365,0.209621,0.224185,0.239061,0.254221,0.269661,0.285352,0.301275,0.317402,0.333703,0.350150,0.366702,0.383335,0.399996,0.416668,0.433289,0.449852,0.466288,0.482600,0.498715,0.514649,0.530328,0.545778,0.560929,0.575814,0.590368,0.604634,0.618551,0.632167,0.645427,0.658384,0.670989,0.683297,0.695264,0.706948,0.718308,0.729403,0.740196,0.750747,0.761025,0.771087,0.780911,0.790554,0.800000,1.000000,0.986256,0.972657,0.959180,0.945888,0.932755,0.919847,0.907134,0.894689,0.882481,0.870587,0.858976,0.847729,0.836815,0.826323,0.816217,0.806594,0.797415,0.788784,0.780658,0.773144,0.766195,0.759922,0.754271,0.749353,0.745107,0.741642,0.738888,0.736948,0.735745,0.735372,0.735747,0.736951,0.738895,0.741648,0.745119,0.749362,0.754285,0.759932,0.766211,0.773154,0.780675,0.788794,0.797434,0.806603,0.816236,0.826332,0.836834,0.847738,0.858994,0.870594,0.882499,0.894694,0.907150,0.919849,0.932770,0.945889,0.959194,0.972657,0.986269,1.000000
51.5000,-0.000000,0.009453,0.019090,0.028921,0.038976,0.049263,0.059806,0.070608,0.081694,0.093062,0.104737,0.116712,0.129012,0.141625,0.154573,0.167841,0.181447,0.195372,0.209628,0.224192,0.239066,0.254226,0.269665,0.285355,0.301278,0.317404,0.333705,0.350152,0.366704,0.383337,0.399997,0.416670,0.433291,0.449854,0.466290,0.482601,0.498717,0.514650,0.530329,0.545778,0.560927,0.575812,0.590366,0.604631,0.618547,0.632162,0.645422,0.658379,0.670983,0.683292,0.695259,0.706943,0.718303,0.729398,0.740192,0.750744,0.761023,0.771086,0.780910,0.790554,0.800000,1.000000,0.986256,0.972658,0.959181,0.945890,0.932758,0.919851,0.907140,0.894696,0.882489,0.870595,0.858984,0.847738,0.836823,0.826331,0.816224,0.806600,0.797421,0.788789,0.780661,0.773146,0.766196,0.759921,0.754268,0.749348,0.745100,0.741633,0.738877,0.736936,0.735732,0.735359,0.735734,0.736938,0.738883,0.741637,0.745109,0.749353,0.754278,0.759926,0.766208,0.773152,0.780674,0.788794,0.797435,0.806606,0.816239,0.826335,0.836838,0.847742,0.858998,0.870598,0.882503,0.894698,0.907153,0.919852,0.932772,0.945891,0.959195,0.972658,0.986269,1.000000
51.6000,-0.000000,0.009453,0.019090,0.028923,0.038979,0.049268,0.059813,0.070616,0.081704,0.093074,0.104751,0.116727,0.129027,0.141640,0.154589,0.167857,0.181462,0.195387,0.209642,0.224204,0.239078,0.254237,0.269675,0.285364,0.301286,0.317412,0.333712,0.350159,0.366710,0.383343,0.400004,0.416676,0.433297,0.449860,0.466296,0.482607,0.498722,0.514655,0.530333,0.545782,0.560931,0.575815,0.590367,0.604631,0.618546,0.632160,0.645419,0.658376,0.670980,0.683288,0.695255,0.706939,0.718299,0.729395,0.740190,0.750742,0.761022,0.771085,0.780910,0.790554,0.800000,1.000000,0.986256,0.972658,0.959182,0.945892,0.932761,0.919855,0.907146,0.894703,0.882498,0.870605,0.858996,0.847750,0.836836,0.826344,0.816237,0.806612,0.797432,0.788798,0.780669,0.773152,0.766199,0.759922,0.754267,0.749345,0.745095,0.741626,0.738868,0.736924,0.735719,0.735345,0.735718,0.736921,0.738866,0.741620,0.745093,0.749338,0.754265,0.759915,0.766198,0.773144,0.780669,0.788791,0.797433,0.806606,0.816240,0.826337,0.836841,0.847745,0.859002,0.870601,0.882506,0.894700,0.907156,0.919854,0.932773,0.945891,0.959195,0.972658,0.986269,1.000000
51.7000,-0.000000,0.009453,0.019089,0.028919,0.038973,0.049258,0.059800,0.070601,0.081686,0.093054,0.104728,0.116703,0.129003,0.141617,0.154565,0.167835,0.181442,0.195368,0.209625,0.224190,0.239066,0.254228,0.269668,0.285358,0.301282,0.317410,0.333711,0.350158,0.366710,0.383343,0.400004,0.416676,0.433298,0.449861,0.466297,0.482609,0.498726,0.514660,0.530341,0.545791,0.560943,0.575828,0.590383,0.604650,0.618567,0.632183,0.645443,0.658400,0.671004,0.683312,0.695278,0.706960,0.718318,0.729411,0.740203,0.750752,0.761029,0.771089,0.780911,0.790554,0.800000,1.000000,0.986256,0.972657,0.959180,0.945888,0.932755,0.919846,0.907134,0.894689,0.882482,0.870588,0.858977,0.847730,0.836817,0.826325,0.816220,0.806597,0.797420,0.788790,0.780665,0.773152,0.766205,0.759933,0.754283,0.749366,0.745122,0.741657,0.738903,0.736963,0.735759,0.735385,0.735758,0.736960,0.738901,0.741652,0.745120,0.749360,0.754282,0.759926,0.766204,0.773144,0.780664,0.788781,0.797420,0.806589,0.816221,0.826317,0.836819,0.847723,0.858981,0.870582,0.882488,0.894685,0.907143,0.919844,0.932766,0.945886,0.959192,0.972657,0.986269,1.000000
51.8000,-0.000000,0.009453,0.019091,0.028923,0.038981,0.049270,0.059816,0.070621,0.081710,0.093080,0.104757,0.116733,0.129033,0.141646,0.154594,0.167861,0.181466,0.195389,0.209643,0.224204,0.239077,0.254235,0.269672,0.285361,0.301282,0.317407,0.333707,0.350154,0.366705,0.383338,0.399999,0.416671,0.433293,0.449855,0.466291,0.482601,0.498716,0.514648,0.530325,0.545773,0.560921,0.575803,0.590355,0.604618,0.618532,0.632146,0.645405,0.658361,0.670965,0.683274,0.695242,0.706927,0.718289,0.729386,0.740182,0.750736,0.761018,0.771083,0.780909,0.790554,0.800000,1.000000,0.986256,0.972658,0.959183,0.945894,0.932764,0.919858,0.907149,0.894708,0.882503,0.870611,0.859001,0.847756,0.836842,0.826348,0.816241,0.806615,0.797433,0.788798,0.780666,0.773147,0.766192,0.759913,0.754256,0.749331,0.745080,0.741609,0.738851,0.736907,0.735702,0.735328,0.735703,0.736908,0.738854,0.741611,0.745086,0.749334,0.754263,0.759915,0.766201,0.773149,0.780675,0.788799,0.797443,0.806616,0.816251,0.826349,0.836852,0.847756,0.859013,0.870612,0.882515,0.894709,0.907162,0.919859,0.932777,0.945894,0.959197,0.972658,0.986269,1.000000
51.9000,-0.000000,0.009453,0.019088,0.028918,0.038971,0.049255,0.059796,0.070595,0.081679,0.093045,0.104718,0.116692,0.128991,0.141604,0.154552,0.167821,0.181429,0.195355,0.209613,0.224178,0.239055,0.254217,0.269657,0.285349,0.301273,0.317401,0.333702,0.350149,0.366701,0.383334,0.399995,0.416667,0.433289,0.449852,0.466288,0.482600,0.498716,0.514650,0.530331,0.545782,0.560933,0.575820,0.590375,0.604642,0.618559,0.632176,0.645436,0.658394,0.670999,0.683307,0.695273,0.706956,0.718315,0.729408,0.740200,0.750750,0.761027,0.771088,0.780911,0.790554,0.800000,1.000000,0.986256,0.972657,0.959179,0.945886,0.932752,0.919843,0.907129,0.894683,0.882474,0.870579,0.858967,0.847720,0.836805,0.826313,0.816208,0.806586,0.797409,0.788779,0.780655,0.773143,0.766197,0.759927,0.754279,0.749363,0.745119,0.741656,0.738903,0.736964,0.735762,0.735390,0.735764,0.736967,0.738909,0.741661,0.745129,0.749371,0.754292,0.759936,0.766213,0.773154,0.780673,0.788790,0.797428,0.806596,0.816228,0.826323,0.836825,0.847728,0.858986,0.870586,0.882492,0.894688,0.907145,0.919846,0.932767,0.945888,0.959193,0.972657,0.986269,1.000000
52.0000,-0.000000,0.009453,0.019090,0.028923,0.038980,0.049269,0.059815,0.070619,0.081707,0.093077,0.104754,0.116730,0.129030,0.141643,0.154591,0.167858,0.181463,0.195387,0.209641,0.224203,0.239076,0.254235,0.269672,0.285360,0.301282,0.317408,0.333708,0.350155,0.366706,0.383339,0.399999,0.416672,0.433293,0.449856,0.466291,0.482602,0.498717,0.514649,0.530327,0.545775,0.560923,0.575806,0.590357,0.604621,0.618535,0.632149,0.645408,0.658365,0.670969,0.683279,0.695246,0.706932,0.718293,0.729390,0.740186,0.750739,0.761020,0.771084,0.780910,0.790554,0.800000,1.000000,0.986256,0.972658,0.959183,0.945893,0.932763,0.919857,0.907147,0.894705,0.882500,0.870608,0.858998,0.847753,0.836838,0.826345,0.816238,0.806612,0.797431,0.788796,0.780666,0.773148,0.766194,0.759915,0.754259,0.749335,0.745084,0.741614,0.738857,0.736914,0.735708,0.735335,0.735709,0.736914,0.738859,0.741615,0.745089,0.749336,0.754265,0.759917,0.766201,0.773149,0.780675,0.788798,0.797442,0.806614,0.816249,0.826347,0.836850,0.847753,0.859010,0.870609,0.882512,0.894705,0.907160,0.919857,0.932776,0.945893,0.959196,0.972658,0.986269,1.000000
52.1000,-0.000000,0.009453,0.019089,0.028920,0.038975,0.049261,0.059804,0.070605,0.081691,0.093059,0.104735,0.116710,0.129010,0.141624,0.154572,0.167841,0.181448,0.195374,0.209630,0.224195,0.239070,0.254231,0.269670,0.285361,0.301284,0.317411,0.333711,0.350158,0.366710,0.383343,0.400004,0.416676,0.433298,0.449861,0.466297,0.482609,0.498725,0.514658,0.530338,0.545789,0.560939,0.575825,0.590379,0.604645,0.618561,0.632177,0.645436,0.658393,0.670997,0.683304,0.695270,0.706953,0.718312,0.729406,0.740199,0.750748,0.761027,0.771088,0.780911,0.790554,0.800000,1.000000,0.986256,0.972657,0.959181,0.945889,0.932757,0.919848,0.907137,0.894693,0.882486,0.870593,0.858982,0.847736,0.836823,0.826330,0.816225,0.806602,0.797424,0.788793,0.780667,0.773153,0.766204,0.759931,0.754280,0.749361,0.745114,0.741648,0.738892,0.736951,0.735746,0.735373,0.735746,0.736948,0.738891,0.741642,0.745112,0.749354,0.754276,0.759922,0.766201,0.773143,0.780665,0.788783,0.797423,0.806593,0.816226,0.826322,0.836825,0.847730,0.858987,0.870588,0.882494,0.894690,0.907147,0.919847,0.932768,0.945888,0.959193,0.972657,0.986269,1.000000
52.2000,-0.000000,0.009453,0.019090,0.028921,0.038977,0.049264,0.059808,0.070610,0.081698,0.093066,0.104742,0.116718,0.129018,0.141631,0.154579,0.167848,0.181454,0.195379,0.209635,0.224198,0.239073,0.254233,0.269672,0.285361,0.301284,0.317410,0.333710,0.350157,0.366709,0.383342,0.400003,0.416675,0.433296,0.449859,0.466295,0.482607,0.498723,0.514656,0.530335,0.545784,0.560934,0.575818,0.590372,0.604637,0.618552,0.632168,0.645426,0.658383,0.670987,0.683295,0.695261,0.706945,0.718304,0.729399,0.740193,0.750744,0.761023,0.771086,0.780910,0.790554,0.800000,1.000000,0.986256,0.972658,0.959181,0.945891,0.932759,0.919852,0.907142,0.894698,0.882492,0.870599,0.858988,0.847742,0.836828,0.826336,0.816230,0.806606,0.797427,0.788795,0.780668,0.773152,0.766201,0.759926,0.754273,0.749352,0.745104,0.741635,0.738879,0.736937,0.735732,0.735358,0.735732,0.736935,0.738879,0.741632,0.745103,0.749347,0.754272,0.759920,0.766201,0.773145,0.780668,0.788788,0.797429,0.806600,0.816233,0.826330,0.836834,0.847738,0.858996,0.870596,0.882501,0.894697,0.907153,0.919851,0.932772,0.945891,0.959195,0.972658,0.986269,1.000000
52.3000,-0.000000,0.009453,0.019090,0.028922,0.038978,0.049266,0.059810,0.070613,0.081701,0.093069,0.104745,0.116721,0.129021,0.141633,0.154581,0.167849,0.181454,0.195378,0.209633,0.224196,0.239070,0.254229,0.269667,0.285356,0.301278,0.317405,0.333705,0.350152,0.366704,0.383337,0.399998,0.416670,0.433291,0.449854,0.466290,0.482600,0.498716,0.514648,0.530326,0.545775,0.560924,0.575808,0.590361,0.604625,0.618540,0.632155,0.645414,0.658371,0.670975,0.683284,0.695252,0.706937,0.718297,0.729394,0.740189,0.750741,0.761022,0.771085,0.780910,0.790554,0.800000,1.000000,0.986256,0.972658,0.959182,0.945891,0.932761,0.919854,0.907143,0.894701,0.882494,0.870601,0.858991,0.847745,0.836831,0.826337,0.816230,0.806605,0.797425,0.788791,0.780662,0.773145,0.766193,0.759916,0.754262,0.749340,0.745091,0.741623,0.738866,0.736924,0.735720,0.735347,0.735721,0.736926,0.738871,0.741626,0.745099,0.749345,0.754272,0.759922,0.766205,0.773151,0.780675,0.788797,0.797439,0.806611,0.816245,0.826342,0.836845,0.847748,0.859005,0.870604,0.882508,0.894702,0.907157,0.919854,0.932774,0.945892,0.959195,0.972658,0.986269,1.000000
52.4000,-0.000000,0.009453,0.019089,0.028918,0.038972,0.049257,0.059798,0.070598,0.081683,0.093050,0.104724,0.116698,0.128997,0.141610,0.154558,0.167827,0.181434,0.195360,0.209617,0.224181,0.239057,0.254219,0.269659,0.285350,0.301274,0.317401,0.333702,0.350150,0.366702,0.383335,0.399996,0.416668,0.433289,0.449852,0.466289,0.482600,0.498717,0.514651,0.530331,0.545782,0.560932,0.575818,0.590373,0.604639,0.618556,0.632172,0.645432,0.658390,0.670994,0.683303,0.695269,0.706953,0.718312,0.729406,0.740199,0.750749,0.761027,0.771088,0.780911,0.790554,0.800000,1.000000,0.986256,0.972657,0.959179,0.945887,0.932754,0.919845,0.907132,0.894686,0.882478,0.870584,0.858972,0.847725,0.836811,0.826318,0.816212,0.806589,0.797412,0.788781,0.780656,0.773143,0.766196,0.759925,0.754276,0.749359,0.745115,0.741650,0.738897,0.736958,0.735756,0.735383,0.735758,0.736961,0.738903,0.741655,0.745124,0.749366,0.754288,0.759934,0.766212,0.773153,0.780673,0.788791,0.797430,0.806599,0.816231,0.826327,0.836829,0.847732,0.858989,0.870589,0.882494,0.894690,0.907147,0.919847,0.932768,0.945888,0.959193,0.972657,0.986269,1.000000
52.5000,-0.000000,0.009453,0.019090,0.028923,0.038981,0.049271,0.059817,0.070621,0.081710,0.093080,0.104757,0.116733,0.129034,0.141647,0.154594,0.167862,0.181467,0.195390,0.209645,0.224206,0.239079,0.254237,0.269674,0.285363,0.301284,0.317410,0.333709,0.350156,0.366707,0.383340,0.400001,0.416673,0.433294,0.449857,0.466293,0.482604,0.498718,0.514650,0.530327,0.545776,0.560924,0.575806,0.590358,0.604622,0.618536,0.632150,0.645409,0.658365,0.670969,0.683278,0.695245,0.706930,0.718291,0.729388,0.740184,0.750737,0.761019,0.771083,0.780909,0.790554,0.800000,1.000000,0.986256,0.972658,0.959183,0.945894,0.932764,0.919859,0.907150,0.894708,0.882503,0.870611,0.859001,0.847756,0.836842,0.826349,0.816241,0.806616,0.797434,0.788799,0.780668,0.773149,0.766195,0.759916,0.754259,0.749335,0.745083,0.741612,0.738853,0.736909,0.735704,0.735330,0.735705,0.736909,0.738855,0.741611,0.745085,0.749333,0.754262,0.759913,0.766198,0.773146,0.780672,0.788796,0.797439,0.806612,0.816247,0.826345,0.836849,0.847753,0.859010,0.870609,0.882513,0.894706,0.907161,0.919858,0.932776,0.945893,0.959196,0.972658,0.986269,1.000000
52.6000,-0.000000,0.009453,0.019089,0.028919,0.038973,0.049258,0.059800,0.070601,0.081686,0.093053,0.104727,0.116702,0.129001,0.141615,0.154564,0.167833,0.181441,0.195367,0.209625,0.224189,0.239066,0.254228,0.269668,0.285359,0.301283,0.317410,0.333711,0.350159,0.366710,0.383343,0.400004,0.416676,0.433298,0.449861,0.466297,0.482609,0.498726,0.514660,0.530341,0.545792,0.560943,0.575830,0.590385,0.604652,0.618569,0.632186,0.645446,0.658403,0.671007,0.683315,0.695280,0.706962,0.718320,0.729412,0.740204,0.750752,0.761029,0.771089,0.780912,0.790554,0.800000,1.000000,0.986256,0.972657,0.959180,0.945888,0.932755,0.919846,0.907133,0.894688,0.882480,0.870586,0.858975,0.847728,0.836815,0.826323,0.816218,0.806596,0.797420,0.788790,0.780665,0.773153,0.766207,0.759935,0.754286,0.749369,0.745124,0.741659,0.738905,0.736965,0.735761,0.735388,0.735761,0.736963,0.738904,0.741655,0.745122,0.749363,0.754284,0.759928,0.766205,0.773145,0.780664,0.788781,0.797419,0.806587,0.816219,0.826315,0.836817,0.847721,0.858979,0.870580,0.882487,0.894684,0.907142,0.919843,0.932765,0.945886,0.959192,0.972657,0.986269,1.000000
52.7000,-0.000000,0.009453,0.019090,0.028923,0.038980,0.049269,0.059814,0.070619,0.081707,0.093077,0.104754,0.116730,0.129031,0.141644,0.154592,0.167860,0.181465,0.195389,0.209643,0.224205,0.239078,0.254236,0.269674,0.285362,0.301284,0.317410,0.333710,0.350157,0.366708,0.383341,0.400002,0.416674,0.433295,0.449858,0.466294,0.482604,0.498720,0.514651,0.530329,0.545777,0.560925,0.575808,0.590360,0.604623,0.618537,0.632152,0.645410,0.658367,0.670971,0.683280,0.695248,0.706933,0.718294,0.729391,0.740187,0.750740,0.761020,0.771084,0.780910,0.790554,0.800000,1.000000,0.986256,0.972658,0.959183,0.945893,0.932763,0.919857,0.907148,0.894706,0.882501,0.870609,0.858999,0.847753,0.836840,0.826347,0.816240,0.806615,0.797434,0.788799,0.780669,0.773150,0.766196,0.759918,0.754262,0.749338,0.745088,0.741617,0.738859,0.736915,0.735710,0.735336,0.735710,0.736914,0.738859,0.741614,0.745088,0.749335,0.754263,0.759914,0.766199,0.773146,0.780672,0.788796,0.797439,0.806612,0.816247,0.826345,0.836848,0.847752,0.859008,0.870607,0.882510,0.894704,0.907159,0.919856,0.932774,0.945892,0.959196,0.972658,0.986269,1.000000
52.8000,-0.000000,0.009453,0.019089,0.028919,0.038973,0.049258,0.059800,0.070601,0.081686,0.093054,0.104728,0.116703,0.129002,0.141615,0.154564,0.167832,0.181439,0.195365,0.209621,0.224185,0.239061,0.254222,0.269661,0.285352,0.301275,0.317402,0.333703,0.350151,0.366703,0.383335,0.399996,0.416668,0.433290,0.449853,0.466289,0.482600,0.498716,0.514650,0.530329,0.545779,0.560930,0.575815,0.590369,0.604635,0.618552,0.632168,0.645428,0.658385,0.670990,0.683298,0.695265,0.706949,0.718308,0.729403,0.740196,0.750747,0.761025,0.771087,0.780911,0.790554,0.800000,1.000000,0.986256,0.972657,0.959180,0.945888,0.932755,0.919846,0.907134,0.894689,0.882481,0.870587,0.858976,0.847729,0.836815,0.826323,0.816217,0.806594,0.797416,0.788784,0.780658,0.773144,0.766196,0.759923,0.754272,0.749354,0.745108,0.741642,0.738888,0.736948,0.735745,0.735373,0.735747,0.736951,0.738895,0.741648,0.745118,0.749361,0.754285,0.759931,0.766210,0.773153,0.780674,0.788793,0.797432,0.806602,0.816235,0.826331,0.836833,0.847736,0.858993,0.870593,0.882498,0.894693,0.907150,0.919849,0.932770,0.945889,0.959194,0.972657,0.986269,1.000000
52.9000,-0.000000,0.009453,0.019090,0.028921,0.038977,0.049263,0.059807,0.070609,0.081695,0.093063,0.104738,0.116713,0.129013,0.141625,0.154573,0.167842,0.181448,0.195373,0.209628,0.224192,0.239066,0.254226,0.269665,0.285355,0.301277,0.317404,0.333704,0.350151,0.366703,0.383336,0.399997,0.416669,0.433290,0.449853,0.466289,0.482600,0.498716,0.514649,0.530327,0.545777,0.560926,0.575810,0.590364,0.604629,0.618545,0.632160,0.645420,0.658377,0.670982,0.683290,0.695257,0.706941,0.718302,0.729397,0.740191,0.750743,0.761023,0.771086,0.780910,0.790554,0.800000,1.000000,0.986256,0.972658,0.959181,0.945890,0.932758,0.919851,0.907140,0.894696,0.882489,0.870595,0.858984,0.847738,0.836823,0.826330,0.816224,0.806600,0.797421,0.788788,0.780660,0.773145,0.766194,0.759919,0.754266,0.749346,0.745098,0.741630,0.738874,0.736933,0.735729,0.735356,0.735731,0.736935,0.738880,0.741635,0.745107,0.749352,0.754278,0.759926,0.766208,0.773153,0.780676,0.788796,0.797437,0.806607,0.816240,0.826337,0.836839,0.847743,0.858999,0.870599,0.882503,0.894699,0.907154,0.919852,0.932772,0.945891,0.959195,0.972658,0.986269,1.000000
53.0000,-0.000000,0.009453,0.019090,0.028922,0.038978,0.049266,0.059811,0.070614,0.081702,0.093071,0.104748,0.116724,0.129024,0.141637,0.154585,0.167853,0.181459,0.195384,0.209639,0.224202,0.239076,0.254235,0.269673,0.285362,0.301284,0.317410,0.333711,0.350158,0.366709,0.383342,0.400002,0.416675,0.433296,0.449859,0.466295,0.482606,0.498721,0.514654,0.530333,0.545781,0.560930,0.575814,0.590367,0.604631,0.618546,0.632161,0.645420,0.658377,0.670981,0.683289,0.695256,0.706940,0.718300,0.729396,0.740191,0.750742,0.761022,0.771085,0.780910,0.790554,0.800000,1.000000,0.986256,0.972658,0.959182,0.945892,0.932761,0.919854,0.907144,0.894702,0.882496,0.870603,0.858993,0.847748,0.836834,0.826341,0.816235,0.806610,0.797430,0.788797,0.780669,0.773152,0.766200,0.759923,0.754269,0.749347,0.745097,0.741628,0.738871,0.736928,0.735723,0.735349,0.735722,0.736926,0.738870,0.741624,0.745096,0.749342,0.754268,0.759918,0.766200,0.773146,0.780670,0.788791,0.797433,0.806605,0.816239,0.826337,0.836840,0.847744,0.859001,0.870601,0.882505,0.894700,0.907155,0.919854,0.932773,0.945891,0.959195,0.972658,0.986269,1.000000
53.1000,-0.000000,0.009453,0.019089,0.028919,0.038973,0.049259,0.059801,0.070602,0.081688,0.093056,0.104731,0.116706,0.129006,0.141620,0.154569,0.167838,0.181445,0.195371,0.209628,0.224192,0.239068,0.254229,0.269669,0.285360,0.301283,0.317410,0.333711,0.350159,0.366710,0.383343,0.400004,0.416676,0.433298,0.449861,0.466297,0.482609,0.498726,0.514660,0.530341,0.545791,0.560942,0.575828,0.590382,0.604649,0.618565,0.632181,0.645441,0.658398,0.671002,0.683310,0.695276,0.706958,0.718317,0.729410,0.740202,0.750751,0.761028,0.771088,0.780911,0.790554,0.800000,1.000000,0.986256,0.972657,0.959180,0.945888,0.932755,0.919847,0.907135,0.894690,0.882483,0.870590,0.858979,0.847733,0.836819,0.826328,0.816222,0.806600,0.797422,0.788791,0.780666,0.773152,0.766205,0.759932,0.754282,0.749365,0.745119,0.741653,0.738899,0.736958,0.735754,0.735380,0.735753,0.736955,0.738897,0.741648,0.745117,0.749358,0.754279,0.759924,0.766202,0.773143,0.780663,0.788781,0.797421,0.806590,0.816222,0.826319,0.836821,0.847725,0.858983,0.870584,0.882490,0.894686,0.907144,0.919844,0.932766,0.945887,0.959193,0.972657,0.986269,1.000000
53.2000,-0.000000,0.009453,0.019091,0.028923,0.038981,0.049270,0.059816,0.070620,0.081709,0.093079,0.104755,0.116732,0.129032,0.141645,0.154593,0.167860,0.181465,0.195389,0.209643,0.224204,0.239077,0.254236,0.269673,0.285362,0.301283,0.317409,0.333708,0.350155,0.366707,0.383339,0.400000,0.416672,0.433294,0.449857,0.466292,0.482603,0.498717,0.514649,0.530327,0.545775,0.560923,0.575806,0.590358,0.604621,0.618536,0.632150,0.645408,0.658365,0.670969,0.683278,0.695246,0.706931,0.718292,0.729389,0.740184,0.750738,0.761019,0.771083,0.780909,0.790554,0.800000,1.000000,0.986256,0.972658,0.959183,0.945894,0.932764,0.919858,0.907149,0.894707,0.882502,0.870610,0.859000,0.847754,0.836840,0.826347,0.816240,0.806614,0.797433,0.788797,0.780667,0.773148,0.766194,0.759915,0.754259,0.749335,0.745084,0.741613,0.738855,0.736911,0.735706,0.735332,0.735707,0.736912,0.738857,0.741614,0.745088,0.749335,0.754264,0.759916,0.766201,0.773148,0.780674,0.788797,0.797440,0.806613,0.816248,0.826346,0.836849,0.847753,0.859010,0.870609,0.882513,0.894706,0.907161,0.919858,0.932776,0.945894,0.959196,0.972658,0.986269,1.000000
53.3000,-0.000000,0.009453,0.019088,0.028918,0.038971,0.049256,0.059797,0.070596,0.081681,0.093047,0.104720,0.116694,0.128993,0.141606,0.154554,0.167823,0.181431,0.195357,0.209614,0.224179,0.239056,0.254218,0.269658,0.285350,0.301273,0.317401,0.333702,0.350150,0.366702,0.383335,0.399995,0.416668,0.433289,0.449852,0.466288,0.482600,0.498717,0.514651,0.530331,0.545781,0.560932,0.575819,0.590374,0.604641,0.618558,0.632174,0.645435,0.658392,0.670997,0.683305,0.695272,0.706955,0.718313,0.729407,0.740199,0.750749,0.761027,0.771088,0.780911,0.790554,0.800000,1.000000,0.986256,0.972657,0.959179,0.945887,0.932753,0.919843,0.907130,0.894684,0.882475,0.870581,0.858968,0.847721,0.836807,0.826315,0.816209,0.806587,0.797410,0.788780,0.780656,0.773144,0.766197,0.759927,0.754278,0.749362,0.745118,0.741654,0.738901,0.736961,0.735759,0.735387,0.735761,0.736964,0.738907,0.741659,0.745128,0.749369,0.754291,0.759936,0.766213,0.773154,0.780674,0.788791,0.797429,0.806598,0.816229,0.826325,0.836827,0.847730,0.858987,0.870588,0.882493,0.894689,0.907146,0.919846,0.932768,0.945888,0.959193,0.972657,0.986269,1.000000
53.4000,-0.000000,0.009453,0.019090,0.028923,0.038980,0.049268,0.059813,0.070617,0.081705,0.093075,0.104751,0.116728,0.129028,0.141641,0.154589,0.167856,0.181462,0.195385,0.209640,0.224201,0.239074,0.254233,0.269670,0.285359,0.301280,0.317406,0.333706,0.350153,0.366704,0.383337,0.399998,0.416670,0.433292,0.449854,0.466290,0.482601,0.498715,0.514648,0.530326,0.545773,0.560922,0.575805,0.590357,0.604620,0.618535,0.632149,0.645408,0.658365,0.670969,0.683278,0.695246,0.706931,0.718292,0.729389,0.740185,0.750738,0.761020,0.771084,0.780909,0.790554,0.800000,1.000000,0.986256,0.972658,0.959183,0.945892,0.932762,0.919856,0.907147,0.894704,0.882498,0.870606,0.858996,0.847751,0.836837,0.826344,0.816237,0.806611,0.797430,0.788795,0.780665,0.773146,0.766192,0.759914,0.754258,0.749335,0.745084,0.741614,0.738857,0.736914,0.735709,0.735336,0.735711,0.736916,0.738861,0.741617,0.745091,0.749339,0.754267,0.759918,0.766203,0.773150,0.780676,0.788799,0.797442,0.806615,0.816249,0.826347,0.836850,0.847754,0.859010,0.870609,0.882512,0.894706,0.907160,0.919857,0.932776,0.945893,0.959196,0.972658,0.986269,1.000000
53.5000,-0.000000,0.009453,0.019089,0.028920,0.038974,0.049260,0.059803,0.070605,0.081691,0.093059,0.104734,0.116710,0.129010,0.141623,0.154572,0.167841,0.181447,0.195373,0.209629,0.224193,0.239069,0.254230,0.269670,0.285360,0.301283,0.317410,0.333711,0.350158,0.366710,0.383343,0.400003,0.416676,0.433297,0.449860,0.466296,0.482608,0.498724,0.514658,0.530338,0.545788,0.560938,0.575824,0.590379,0.604644,0.618561,0.632176,0.645436,0.658393,0.670997,0.683305,0.695271,0.706954,0.718313,0.729407,0.740199,0.750749,0.761027,0.771088,0.780911,0.790554,0.800000,1.000000,0.986256,0.972657,0.959180,0.945889,0.932756,0.919848,0.907137,0.894693,0.882486,0.870592,0.858982,0.847736,0.836822,0.826330,0.816225,0.806602,0.797423,0.788792,0.780666,0.773152,0.766203,0.759931,0.754280,0.749362,0.745115,0.741648,0.738893,0.736951,0.735747,0.735373,0.735746,0.736949,0.738891,0.741643,0.745112,0.749354,0.754277,0.759923,0.766202,0.773144,0.780665,0.788784,0.797424,0.806594,0.816226,0.826323,0.836826,0.847730,0.858987,0.870588,0.882494,0.894689,0.907147,0.919846,0.932768,0.945888,0.959193,0.972657,0.986269,1.000000
53.6000,-0.000000,0.009453,0.019090,0.028921,0.038978,0.049265,0.059809,0.070612,0.081699,0.093068,0.104744,0.116719,0.129019,0.141633,0.154581,0.167850,0.181456,0.195381,0.209637,0.224200,0.239075,0.254234,0.269673,0.285363,0.301285,0.317411,0.333711,0.350158,0.366710,0.383343,0.400003,0.416676,0.433297,0.449860,0.466296,0.482607,0.498723,0.514656,0.530335,0.545784,0.560934,0.575818,0.590371,0.604636,0.618552,0.632167,0.645426,0.658382,0.670986,0.683294,0.695261,0.706944,0.718304,0.729399,0.740193,0.750744,0.761023,0.771086,0.780910,0.790554,0.800000,1.000000,0.986256,0.972658,0.959182,0.945891,0.932760,0.919853,0.907143,0.894699,0.882493,0.870600,0.858990,0.847744,0.836830,0.826338,0.816232,0.806608,0.797429,0.788797,0.780669,0.773153,0.766202,0.759927,0.754273,0.749352,0.745103,0.741634,0.738878,0.736935,0.735729,0.735355,0.735729,0.736932,0.738876,0.741629,0.745100,0.749345,0.754270,0.759918,0.766200,0.773144,0.780667,0.788788,0.797429,0.806600,0.816234,0.826331,0.836835,0.847739,0.858996,0.870596,0.882501,0.894697,0.907153,0.919851,0.932772,0.945891,0.959195,0.972658,0.986269,1.000000
53.7000,-0.000000,0.009453,0.019090,0.028922,0.038978,0.049265,0.059809,0.070612,0.081699,0.093068,0.104744,0.116719,0.129019,0.141632,0.154580,0.167848,0.181454,0.195379,0.209634,0.224196,0.239070,0.254230,0.269668,0.285357,0.301279,0.317406,0.333706,0.350154,0.366705,0.383338,0.399999,0.416671,0.433292,0.449855,0.466291,0.482602,0.498717,0.514649,0.530328,0.545777,0.560926,0.575810,0.590363,0.604628,0.618543,0.632158,0.645417,0.658375,0.670979,0.683288,0.695255,0.706939,0.718300,0.729395,0.740190,0.750742,0.761022,0.771085,0.780910,0.790554,0.800000,1.000000,0.986256,0.972658,0.959182,0.945891,0.932760,0.919853,0.907142,0.894699,0.882493,0.870600,0.858990,0.847743,0.836829,0.826336,0.816230,0.806605,0.797425,0.788791,0.780663,0.773146,0.766194,0.759918,0.754264,0.749343,0.745094,0.741626,0.738870,0.736928,0.735723,0.735351,0.735725,0.736929,0.738874,0.741629,0.745102,0.749347,0.754274,0.759923,0.766205,0.773151,0.780674,0.788795,0.797437,0.806608,0.816242,0.826339,0.836842,0.847745,0.859002,0.870601,0.882505,0.894700,0.907155,0.919853,0.932773,0.945891,0.959195,0.972658,0.986269,1.000000
53.8000,-0.000000,0.009453,0.019089,0.028919,0.038973,0.049258,0.059799,0.070599,0.081685,0.093052,0.104726,0.116700,0.128999,0.141612,0.154560,0.167829,0.181436,0.195361,0.209618,0.224182,0.239058,0.254220,0.269660,0.285350,0.301274,0.317401,0.333702,0.350150,0.366702,0.383335,0.399996,0.416668,0.433289,0.449852,0.466288,0.482600,0.498717,0.514650,0.530330,0.545780,0.560931,0.575816,0.590370,0.604637,0.618553,0.632169,0.645429,0.658387,0.670992,0.683301,0.695267,0.706951,0.718310,0.729405,0.740198,0.750748,0.761026,0.771088,0.780911,0.790554,0.800000,1.000000,0.986256,0.972657,0.959180,0.945887,0.932754,0.919845,0.907133,0.894688,0.882480,0.870585,0.858974,0.847727,0.836813,0.826320,0.816214,0.806591,0.797413,0.788781,0.780656,0.773143,0.766195,0.759923,0.754274,0.749357,0.745112,0.741647,0.738894,0.736954,0.735751,0.735379,0.735753,0.736956,0.738899,0.741652,0.745121,0.749364,0.754286,0.759932,0.766211,0.773153,0.780674,0.788793,0.797432,0.806601,0.816233,0.826329,0.836831,0.847734,0.858991,0.870591,0.882496,0.894691,0.907148,0.919848,0.932768,0.945888,0.959193,0.972657,0.986269,1.000000
53.9000,-0.000000,0.009453,0.019090,0.028923,0.038980,0.049269,0.059815,0.070619,0.081707,0.093077,0.104753,0.116730,0.129030,0.141643,0.154591,0.167858,0.181464,0.195387,0.209641,0.224203,0.239076,0.254235,0.269672,0.285361,0.301282,0.317408,0.333708,0.350155,0.366706,0.383339,0.400000,0.416672,0.433293,0.449856,0.466292,0.482602,0.498717,0.514649,0.530327,0.545775,0.560923,0.575807,0.590358,0.604622,0.618536,0.632150,0.645409,0.658365,0.670970,0.683279,0.695246,0.706931,0.718292,0.729389,0.740185,0.750738,0.761019,0.771084,0.780910,0.790554,0.800000,1.000000,0.986256,0.972658,0.959183,0.945893,0.932763,0.919857,0.907148,0.894706,0.882501,0.870608,0.858998,0.847753,0.836839,0.826346,0.816238,0.806613,0.797432,0.788797,0.780666,0.773148,0.766194,0.759916,0.754259,0.749336,0.745085,0.741615,0.738857,0.736913,0.735708,0.735334,0.735708,0.736913,0.738859,0.741615,0.745089,0.749336,0.754265,0.759916,0.766200,0.773147,0.780673,0.788796,0.797440,0.806613,0.816248,0.826346,0.836849,0.847753,0.859009,0.870608,0.882512,0.894705,0.907160,0.919857,0.932776,0.945893,0.959196,0.972658,0.986269,1.000000
54.0000,-0.000000,0.009453,0.019089,0.028919,0.038974,0.049259,0.059801,0.070601,0.081687,0.093054,0.104728,0.116703,0.129003,0.141616,0.154565,0.167835,0.181442,0.195368,0.209626,0.224190,0.239067,0.254228,0.269668,0.285359,0.301283,0.317410,0.333711,0.350158,0.366710,0.383343,0.400004,0.416676,0.433298,0.449860,0.466297,0.482609,0.498726,0.514660,0.530340,0.545791,0.560943,0.575829,0.590384,0.604650,0.618568,0.632184,0.645444,0.658401,0.671005,0.683313,0.695279,0.706960,0.718318,0.729411,0.740203,0.750751,0.761029,0.771089,0.780912,0.790554,0.800000,1.000000,0.986256,0.972657,0.959180,0.945888,0.932756,0.919847,0.907134,0.894689,0.882482,0.870587,0.858976,0.847730,0.836817,0.826325,0.816220,0.806598,0.797421,0.788791,0.780666,0.773153,0.766206,0.759934,0.754285,0.749368,0.745122,0.741657,0.738903,0.736963,0.735759,0.735385,0.735759,0.736961,0.738903,0.741654,0.745122,0.749363,0.754284,0.759928,0.766205,0.773145,0.780665,0.788782,0.797420,0.806589,0.816220,0.826316,0.836818,0.847723,0.858980,0.870582,0.882488,0.894685,0.907143,0.919844,0.932766,0.945887,0.959193,0.972657,0.986269,1.000000
54.1000,-0.000000,0.009453,0.019090,0.028923,0.038980,0.049269,0.059815,0.070619,0.081707,0.093077,0.104754,0.116730,0.129031,0.141644,0.154592,0.167860,0.181466,0.195389,0.209644,0.224206,0.239079,0.254238,0.269675,0.285364,0.301285,0.317411,0.333711,0.350158,0.366709,0.383342,0.400002,0.416674,0.433296,0.449859,0.466294,0.482605,0.498720,0.514653,0.530331,0.545778,0.560926,0.575809,0.590361,0.604625,0.618539,0.632153,0.645412,0.658369,0.670973,0.683282,0.695249,0.706934,0.718295,0.729391,0.740187,0.750739,0.761020,0.771084,0.780910,0.790554,0.800000,1.000000,0.986256,0.972658,0.959183,0.945893,0.932763,0.919857,0.907148,0.894706,0.882501,0.870609,0.858999,0.847754,0.836840,0.826347,0.816241,0.806615,0.797435,0.788800,0.780670,0.773151,0.766198,0.759920,0.754263,0.749340,0.745089,0.741618,0.738860,0.736916,0.735710,0.735336,0.735710,0.736914,0.738859,0.741614,0.745088,0.749334,0.754262,0.759913,0.766198,0.773145,0.780671,0.788794,0.797438,0.806611,0.816246,0.826343,0.836847,0.847750,0.859007,0.870606,0.882510,0.894704,0.907158,0.919856,0.932775,0.945893,0.959196,0.972658,0.986269,1.000000
54.2000,-0.000000,0.009453,0.019089,0.028919,0.038973,0.049259,0.059801,0.070601,0.081687,0.093054,0.104728,0.116703,0.129003,0.141616,0.154564,0.167833,0.181440,0.195365,0.209622,0.224186,0.239062,0.254223,0.269662,0.285353,0.301276,0.317403,0.333704,0.350152,0.366704,0.383337,0.399997,0.416670,0.433291,0.449854,0.466290,0.482601,0.498717,0.514651,0.530331,0.545781,0.560931,0.575816,0.590371,0.604637,0.618553,0.632169,0.645429,0.658387,0.670991,0.683299,0.695266,0.706950,0.718309,0.729404,0.740197,0.750747,0.761025,0.771087,0.780911,0.790554,0.800000,1.000000,0.986256,0.972657,0.959180,0.945888,0.932755,0.919846,0.907134,0.894689,0.882481,0.870587,0.858976,0.847730,0.836816,0.826323,0.816218,0.806594,0.797416,0.788785,0.780659,0.773145,0.766197,0.759925,0.754274,0.749356,0.745111,0.741645,0.738891,0.736950,0.735746,0.735374,0.735748,0.736951,0.738895,0.741647,0.745117,0.749360,0.754284,0.759930,0.766209,0.773151,0.780672,0.788791,0.797431,0.806601,0.816233,0.826330,0.836832,0.847735,0.858992,0.870592,0.882497,0.894692,0.907149,0.919849,0.932769,0.945889,0.959194,0.972657,0.986269,1.000000
54.3000,-0.000000,0.009453,0.019090,0.028921,0.038977,0.049264,0.059808,0.070610,0.081696,0.093064,0.104740,0.116715,0.129015,0.141627,0.154576,0.167844,0.181450,0.195374,0.209630,0.224193,0.239067,0.254227,0.269665,0.285354,0.301277,0.317403,0.333704,0.350151,0.366702,0.383335,0.399996,0.416668,0.433290,0.449853,0.466288,0.482599,0.498715,0.514648,0.530326,0.545776,0.560925,0.575809,0.590362,0.604627,0.618543,0.632158,0.645418,0.658375,0.670979,0.683288,0.695256,0.706940,0.718300,0.729396,0.740190,0.750742,0.761022,0.771085,0.780910,0.790554,0.800000,1.000000,0.986256,0.972658,0.959182,0.945891,0.932759,0.919852,0.907141,0.894697,0.882490,0.870597,0.858986,0.847740,0.836825,0.826333,0.816226,0.806602,0.797422,0.788789,0.780661,0.773144,0.766193,0.759918,0.754264,0.749343,0.745095,0.741627,0.738871,0.736930,0.735726,0.735354,0.735729,0.736934,0.738879,0.741634,0.745106,0.749352,0.754278,0.759927,0.766209,0.773153,0.780676,0.788797,0.797438,0.806609,0.816242,0.826338,0.836841,0.847745,0.859001,0.870601,0.882505,0.894700,0.907155,0.919853,0.932773,0.945891,0.959195,0.972658,0.986269,1.000000
54.4000,-0.000000,0.009453,0.019090,0.028921,0.038977,0.049265,0.059809,0.070612,0.081699,0.093068,0.104744,0.116719,0.129019,0.141632,0.154581,0.167849,0.181455,0.195380,0.209635,0.224198,0.239072,0.254232,0.269671,0.285360,0.301282,0.317408,0.333709,0.350156,0.366707,0.383340,0.400001,0.416673,0.433295,0.449857,0.466293,0.482604,0.498720,0.514653,0.530331,0.545780,0.560930,0.575814,0.590367,0.604631,0.618547,0.632162,0.645420,0.658377,0.670982,0.683290,0.695257,0.706941,0.718301,0.729397,0.740191,0.750742,0.761022,0.771085,0.780910,0.790554,0.800000,1.000000,0.986256,0.972658,0.959182,0.945891,0.932760,0.919853,0.907142,0.894699,0.882493,0.870600,0.858990,0.847744,0.836830,0.826337,0.816231,0.806606,0.797427,0.788794,0.780665,0.773149,0.766198,0.759922,0.754269,0.749348,0.745099,0.741630,0.738873,0.736931,0.735726,0.735352,0.735726,0.736929,0.738874,0.741628,0.745100,0.749345,0.754271,0.759920,0.766202,0.773147,0.780671,0.788792,0.797433,0.806605,0.816239,0.826336,0.836839,0.847743,0.859000,0.870600,0.882504,0.894699,0.907154,0.919853,0.932773,0.945891,0.959195,0.972658,0.986269,1.000000
54.5000,-0.000000,0.009453,0.019089,0.028920,0.038974,0.049260,0.059803,0.070604,0.081690,0.093058,0.104733,0.116709,0.129009,0.141622,0.154571,0.167840,0.181447,0.195372,0.209629,0.224193,0.239069,0.254230,0.269670,0.285360,0.301283,0.317410,0.333711,0.350158,0.366710,0.383343,0.400004,0.416676,0.433297,0.449860,0.466297,0.482609,0.498725,0.514659,0.530339,0.545789,0.560940,0.575825,0.590380,0.604646,0.618562,0.632178,0.645437,0.658394,0.670998,0.683306,0.695272,0.706955,0.718314,0.729407,0.740200,0.750749,0.761027,0.771088,0.780911,0.790554,0.800000,1.000000,0.986256,0.972657,0.959180,0.945888,0.932756,0.919848,0.907136,0.894692,0.882485,0.870592,0.858981,0.847735,0.836822,0.826329,0.816224,0.806601,0.797423,0.788792,0.780666,0.773152,0.766204,0.759931,0.754281,0.749363,0.745116,0.741651,0.738896,0.736955,0.735750,0.735377,0.735750,0.736952,0.738894,0.741645,0.745114,0.749356,0.754278,0.759923,0.766202,0.773144,0.780665,0.788783,0.797423,0.806593,0.816225,0.826322,0.836825,0.847729,0.858986,0.870587,0.882493,0.894689,0.907146,0.919846,0.932768,0.945888,0.959193,0.972657,0.986269,1.000000
54.6000,-0.000000,0.009453,0.019090,0.028923,0.038981,0.049270,0.059815,0.070619,0.081708,0.093078,0.104755,0.116731,0.129031,0.141644,0.154593,0.167860,0.181465,0.195389,0.209643,0.224205,0.239078,0.254237,0.269674,0.285363,0.301284,0.317410,0.333710,0.350157,0.366708,0.383341,0.400002,0.416674,0.433296,0.449858,0.466294,0.482605,0.498720,0.514652,0.530330,0.545778,0.560926,0.575810,0.590362,0.604626,0.618540,0.632155,0.645413,0.658370,0.670974,0.683282,0.695250,0.706934,0.718295,0.729391,0.740187,0.750739,0.761020,0.771084,0.780910,0.790554,0.800000,1.000000,0.986256,0.972658,0.959183,0.945893,0.932763,0.919857,0.907148,0.894706,0.882501,0.870609,0.859000,0.847754,0.836840,0.826347,0.816240,0.806615,0.797433,0.788799,0.780668,0.773150,0.766196,0.759917,0.754261,0.749338,0.745087,0.741617,0.738859,0.736915,0.735710,0.735337,0.735711,0.736915,0.738861,0.741616,0.745090,0.749337,0.754265,0.759915,0.766199,0.773146,0.780672,0.788794,0.797437,0.806610,0.816244,0.826342,0.836845,0.847749,0.859006,0.870605,0.882510,0.894704,0.907158,0.919856,0.932775,0.945892,0.959196,0.972658,0.986269,1.000000
54.7000,-0.000000,0.009453,0.019089,0.028919,0.038972,0.049257,0.059798,0.070598,0.081683,0.093049,0.104723,0.116697,0.128995,0.141608,0.154557,0.167825,0.181433,0.195359,0.209617,0.224182,0.239058,0.254220,0.269660,0.285351,0.301275,0.317403,0.333704,0.350151,0.366703,0.383336,0.399997,0.416669,0.433291,0.449854,0.466290,0.482602,0.498718,0.514652,0.530332,0.545782,0.560934,0.575820,0.590375,0.604641,0.618558,0.632174,0.645434,0.658392,0.670997,0.683305,0.695271,0.706954,0.718313,0.729407,0.740199,0.750749,0.761027,0.771088,0.780911,0.790554,0.800000,1.000000,0.986256,0.972657,0.959180,0.945887,0.932754,0.919844,0.907131,0.894686,0.882477,0.870582,0.858970,0.847723,0.836809,0.826316,0.816211,0.806589,0.797412,0.788782,0.780657,0.773145,0.766199,0.759927,0.754278,0.749362,0.745117,0.741652,0.738899,0.736959,0.735756,0.735384,0.735757,0.736960,0.738903,0.741655,0.745124,0.749366,0.754288,0.759933,0.766211,0.773153,0.780672,0.788790,0.797428,0.806597,0.816229,0.826325,0.836827,0.847731,0.858988,0.870588,0.882494,0.894690,0.907147,0.919847,0.932768,0.945888,0.959193,0.972657,0.986269,1.000000
54.8000,-0.000000,0.009453,0.019090,0.028922,0.038979,0.049267,0.059812,0.070616,0.081704,0.093074,0.104750,0.116726,0.129026,0.141639,0.154587,0.167854,0.181459,0.195383,0.209637,0.224199,0.239073,0.254231,0.269669,0.285357,0.301279,0.317405,0.333705,0.350152,0.366703,0.383336,0.399997,0.416669,0.433291,0.449853,0.466289,0.482600,0.498715,0.514647,0.530324,0.545772,0.560921,0.575804,0.590356,0.604619,0.618534,0.632148,0.645407,0.658364,0.670968,0.683278,0.695246,0.706931,0.718292,0.729389,0.740185,0.750738,0.761020,0.771084,0.780910,0.790554,0.800000,1.000000,0.986256,0.972658,0.959182,0.945892,0.932762,0.919855,0.907146,0.894703,0.882498,0.870605,0.858995,0.847749,0.836835,0.826342,0.816235,0.806609,0.797428,0.788793,0.780663,0.773145,0.766191,0.759913,0.754257,0.749334,0.745084,0.741615,0.738857,0.736915,0.735710,0.735337,0.735712,0.736917,0.738863,0.741619,0.745093,0.749340,0.754268,0.759920,0.766204,0.773151,0.780677,0.788800,0.797443,0.806616,0.816250,0.826348,0.836851,0.847754,0.859011,0.870609,0.882513,0.894707,0.907160,0.919857,0.932776,0.945893,0.959196,0.972658,0.986269,1.000000
54.9000,-0.000000,0.009453,0.019089,0.028919,0.038974,0.049260,0.059802,0.070603,0.081690,0.093057,0.104733,0.116708,0.129008,0.141621,0.154570,0.167838,0.181445,0.195370,0.209627,0.224191,0.239067,0.254227,0.269667,0.285357,0.301280,0.317408,0.333708,0.350156,0.366707,0.383340,0.400001,0.416673,0.433295,0.449858,0.466294,0.482606,0.498722,0.514656,0.530335,0.545785,0.560936,0.575821,0.590376,0.604642,0.618559,0.632175,0.645435,0.658392,0.670996,0.683304,0.695270,0.706953,0.718312,0.729406,0.740199,0.750748,0.761027,0.771088,0.780911,0.790554,0.800000,1.000000,0.986256,0.972657,0.959180,0.945888,0.932756,0.919848,0.907136,0.894692,0.882485,0.870591,0.858980,0.847734,0.836821,0.826328,0.816222,0.806599,0.797421,0.788790,0.780664,0.773150,0.766202,0.759928,0.754277,0.749359,0.745113,0.741647,0.738893,0.736952,0.735748,0.735375,0.735749,0.736951,0.738894,0.741646,0.745115,0.749357,0.754280,0.759926,0.766205,0.773147,0.780668,0.788787,0.797426,0.806596,0.816228,0.826324,0.836827,0.847731,0.858988,0.870588,0.882494,0.894690,0.907147,0.919847,0.932768,0.945888,0.959193,0.972657,0.986269,1.000000
55.0000,-0.000000,0.009453,0.019090,0.028922,0.038978,0.049266,0.059810,0.070613,0.081701,0.093069,0.104745,0.116721,0.129021,0.141634,0.154583,0.167851,0.181457,0.195382,0.209638,0.224201,0.239075,0.254235,0.269674,0.285363,0.301285,0.317412,0.333712,0.350159,0.366710,0.383343,0.400004,0.416676,0.433297,0.449860,0.466296,0.482608,0.498723,0.514656,0.530335,0.545784,0.560934,0.575817,0.590370,0.604635,0.618550,0.632165,0.645424,0.658381,0.670984,0.683293,0.695259,0.706943,0.718303,0.729398,0.740192,0.750743,0.761023,0.771086,0.780910,0.790554,0.800000,1.000000,0.986256,0.972658,0.959182,0.945891,0.932760,0.919854,0.907144,0.894700,0.882494,0.870601,0.858991,0.847745,0.836832,0.826339,0.816233,0.806609,0.797430,0.788797,0.780669,0.773153,0.766202,0.759926,0.754272,0.749351,0.745102,0.741633,0.738876,0.736933,0.735727,0.735353,0.735726,0.736929,0.738873,0.741626,0.745097,0.749342,0.754268,0.759917,0.766199,0.773144,0.780667,0.788789,0.797430,0.806602,0.816235,0.826333,0.836836,0.847740,0.858998,0.870597,0.882502,0.894698,0.907154,0.919852,0.932772,0.945891,0.959195,0.972658,0.986269,1.000000
55.1000,-0.000000,0.009453,0.019090,0.028921,0.038978,0.049265,0.059809,0.070612,0.081699,0.093068,0.104744,0.116719,0.129019,0.141632,0.154580,0.167848,0.181454,0.195379,0.209635,0.224197,0.239072,0.254231,0.269670,0.285359,0.301282,0.317408,0.333708,0.350155,0.366707,0.383340,0.400001,0.416673,0.433295,0.449857,0.466293,0.482604,0.498720,0.514652,0.530332,0.545780,0.560930,0.575814,0.590368,0.604633,0.618548,0.632163,0.645422,0.658379,0.670983,0.683291,0.695258,0.706942,0.718302,0.729398,0.740192,0.750743,0.761023,0.771086,0.780910,0.790554,0.800000,1.000000,0.986256,0.972658,0.959182,0.945891,0.932760,0.919853,0.907142,0.894699,0.882493,0.870600,0.858989,0.847743,0.836829,0.826336,0.816230,0.806606,0.797426,0.788793,0.780665,0.773149,0.766198,0.759922,0.754268,0.749347,0.745099,0.741630,0.738874,0.736932,0.735727,0.735354,0.735728,0.736932,0.738877,0.741631,0.745103,0.749347,0.754273,0.759921,0.766203,0.773148,0.780671,0.788792,0.797433,0.806604,0.816237,0.826335,0.836837,0.847741,0.858999,0.870598,0.882503,0.894698,0.907154,0.919852,0.932772,0.945890,0.959195,0.972658,0.986269,1.000000
55.2000,-0.000000,0.009453,0.019089,0.028919,0.038974,0.049259,0.059801,0.070602,0.081688,0.093055,0.104729,0.116704,0.129003,0.141616,0.154564,0.167833,0.181440,0.195365,0.209621,0.224185,0.239061,0.254222,0.269662,0.285352,0.301275,0.317403,0.333703,0.350151,0.366703,0.383336,0.399997,0.416669,0.433290,0.449853,0.466289,0.482601,0.498717,0.514651,0.530331,0.545780,0.560931,0.575816,0.590371,0.604636,0.618553,0.632169,0.645429,0.658386,0.670991,0.683299,0.695266,0.706950,0.718309,0.729404,0.740197,0.750748,0.761026,0.771088,0.780911,0.790554,0.800000,1.000000,0.986256,0.972657,0.959180,0.945888,0.932756,0.919847,0.907135,0.894690,0.882483,0.870589,0.858977,0.847730,0.836816,0.826324,0.816218,0.806594,0.797416,0.788785,0.780658,0.773145,0.766196,0.759923,0.754272,0.749355,0.745109,0.741644,0.738890,0.736950,0.735747,0.735375,0.735749,0.736953,0.738896,0.741649,0.745119,0.749361,0.754285,0.759931,0.766210,0.773152,0.780673,0.788792,0.797432,0.806602,0.816234,0.826330,0.836832,0.847736,0.858993,0.870593,0.882498,0.894693,0.907149,0.919848,0.932769,0.945889,0.959194,0.972657,0.986269,1.000000
55.3000,-0.000000,0.009453,0.019090,0.028922,0.038979,0.049267,0.059812,0.070616,0.081704,0.093073,0.104749,0.116725,0.129025,0.141638,0.154586,0.167854,0.181459,0.195383,0.209638,0.224200,0.239073,0.254232,0.269670,0.285359,0.301280,0.317406,0.333706,0.350153,0.366704,0.383337,0.399998,0.416670,0.433292,0.449855,0.466290,0.482601,0.498716,0.514648,0.530326,0.545774,0.560922,0.575805,0.590357,0.604621,0.618536,0.632150,0.645409,0.658366,0.670970,0.683279,0.695247,0.706932,0.718293,0.729390,0.740185,0.750738,0.761020,0.771084,0.780910,0.790554,0.800000,1.000000,0.986256,0.972658,0.959182,0.945892,0.932761,0.919855,0.907145,0.894703,0.882497,0.870604,0.858994,0.847748,0.836834,0.826341,0.816234,0.806609,0.797428,0.788793,0.780664,0.773146,0.766193,0.759915,0.754259,0.749337,0.745086,0.741616,0.738859,0.736916,0.735711,0.735338,0.735712,0.736917,0.738862,0.741618,0.745092,0.749339,0.754267,0.759918,0.766202,0.773150,0.780675,0.788798,0.797441,0.806614,0.816248,0.826346,0.836849,0.847753,0.859009,0.870608,0.882512,0.894705,0.907160,0.919857,0.932776,0.945893,0.959196,0.972658,0.986269,1.000000
55.4000,-0.000000,0.009453,0.019089,0.028919,0.038973,0.049259,0.059801,0.070601,0.081687,0.093054,0.104728,0.116703,0.129002,0.141616,0.154565,0.167833,0.181441,0.195367,0.209624,0.224189,0.239065,0.254226,0.269667,0.285357,0.301281,0.317408,0.333709,0.350156,0.366708,0.383341,0.400001,0.416674,0.433295,0.449859,0.466295,0.482607,0.498723,0.514657,0.530337,0.545787,0.560939,0.575825,0.590381,0.604647,0.618564,0.632181,0.645440,0.658398,0.671002,0.683310,0.695276,0.706958,0.718316,0.729409,0.740201,0.750750,0.761028,0.771088,0.780911,0.790554,0.800000,1.000000,0.986256,0.972657,0.959180,0.945888,0.932755,0.919846,0.907134,0.894689,0.882482,0.870587,0.858976,0.847730,0.836816,0.826324,0.816219,0.806596,0.797419,0.788789,0.780664,0.773151,0.766204,0.759932,0.754282,0.749364,0.745119,0.741654,0.738899,0.736959,0.735755,0.735382,0.735756,0.736958,0.738901,0.741652,0.745121,0.749363,0.754285,0.759929,0.766207,0.773148,0.780667,0.788784,0.797423,0.806592,0.816223,0.826319,0.836822,0.847726,0.858983,0.870584,0.882490,0.894687,0.907145,0.919845,0.932767,0.945887,0.959193,0.972657,0.986269,1.000000
55.5000,-0.000000,0.009453,0.019090,0.028923,0.038980,0.049269,0.059814,0.070619,0.081708,0.093077,0.104754,0.116731,0.129032,0.141645,0.154593,0.167861,0.181466,0.195390,0.209645,0.224206,0.239080,0.254238,0.269676,0.285364,0.301286,0.317412,0.333712,0.350159,0.366710,0.383343,0.400003,0.416676,0.433297,0.449860,0.466296,0.482606,0.498721,0.514654,0.530332,0.545780,0.560929,0.575811,0.590363,0.604627,0.618542,0.632156,0.645415,0.658372,0.670975,0.683284,0.695252,0.706936,0.718297,0.729393,0.740188,0.750741,0.761021,0.771085,0.780910,0.790554,0.800000,1.000000,0.986256,0.972658,0.959183,0.945893,0.932763,0.919857,0.907148,0.894706,0.882501,0.870609,0.859000,0.847754,0.836841,0.826348,0.816241,0.806616,0.797435,0.788800,0.780670,0.773152,0.766199,0.759921,0.754264,0.749341,0.745090,0.741620,0.738861,0.736917,0.735711,0.735337,0.735711,0.736915,0.738860,0.741615,0.745088,0.749335,0.754263,0.759914,0.766198,0.773145,0.780671,0.788793,0.797436,0.806609,0.816243,0.826341,0.836844,0.847748,0.859005,0.870604,0.882508,0.894702,0.907157,0.919855,0.932774,0.945892,0.959196,0.972658,0.986269,1.000000
55.6000,-0.000000,0.009453,0.019089,0.028919,0.038973,0.049259,0.059801,0.070601,0.081687,0.093054,0.104729,0.116704,0.129004,0.141617,0.154566,0.167835,0.181442,0.195368,0.209624,0.224189,0.239064,0.254225,0.269665,0.285356,0.301279,0.317406,0.333707,0.350154,0.366706,0.383339,0.400000,0.416672,0.433293,0.449856,0.466292,0.482604,0.498720,0.514654,0.530334,0.545784,0.560934,0.575819,0.590374,0.604639,0.618555,0.632172,0.645431,0.658388,0.670993,0.683301,0.695268,0.706951,0.718310,0.729405,0.740197,0.750747,0.761026,0.771087,0.780911,0.790554,0.800000,1.000000,0.986256,0.972657,0.959180,0.945888,0.932755,0.919847,0.907135,0.894690,0.882482,0.870589,0.858977,0.847731,0.836818,0.826325,0.816220,0.806597,0.797419,0.788788,0.780663,0.773149,0.766201,0.759928,0.754277,0.749359,0.745113,0.741647,0.738893,0.736952,0.735748,0.735375,0.735748,0.736951,0.738894,0.741646,0.745115,0.749357,0.754280,0.759926,0.766206,0.773148,0.780670,0.788789,0.797428,0.806598,0.816231,0.826327,0.836830,0.847733,0.858991,0.870591,0.882496,0.894691,0.907148,0.919848,0.932769,0.945888,0.959194,0.972657,0.986269,1.000000
55.7000,-0.000000,0.009453,0.019090,0.028921,0.038977,0.049264,0.059808,0.070610,0.081697,0.093066,0.104741,0.116717,0.129016,0.141629,0.154577,0.167845,0.181451,0.195376,0.209631,0.224194,0.239068,0.254228,0.269666,0.285355,0.301278,0.317404,0.333704,0.350152,0.366703,0.383336,0.399997,0.416669,0.433290,0.449853,0.466289,0.482600,0.498715,0.514648,0.530327,0.545776,0.560925,0.575809,0.590362,0.604627,0.618543,0.632158,0.645417,0.658374,0.670979,0.683288,0.695255,0.706939,0.718300,0.729396,0.740190,0.750742,0.761022,0.771085,0.780910,0.790554,0.800000,1.000000,0.986256,0.972658,0.959182,0.945891,0.932759,0.919852,0.907141,0.894697,0.882491,0.870598,0.858987,0.847741,0.836827,0.826334,0.816228,0.806603,0.797423,0.788790,0.780661,0.773145,0.766193,0.759917,0.754263,0.749342,0.745094,0.741626,0.738869,0.736928,0.735724,0.735351,0.735726,0.736931,0.738876,0.741632,0.745104,0.749350,0.754276,0.759925,0.766208,0.773153,0.780676,0.788797,0.797438,0.806609,0.816242,0.826339,0.836842,0.847745,0.859002,0.870601,0.882505,0.894700,0.907155,0.919853,0.932773,0.945891,0.959195,0.972658,0.986269,1.000000
55.8000,-0.000000,0.009453,0.019090,0.028921,0.038977,0.049264,0.059808,0.070610,0.081697,0.093065,0.104740,0.116716,0.129015,0.141628,0.154576,0.167844,0.181451,0.195376,0.209631,0.224194,0.239069,0.254229,0.269667,0.285357,0.301279,0.317406,0.333706,0.350153,0.366705,0.383338,0.399998,0.416671,0.433292,0.449855,0.466291,0.482602,0.498717,0.514650,0.530329,0.545778,0.560928,0.575812,0.590365,0.604630,0.618546,0.632161,0.645420,0.658378,0.670982,0.683291,0.695258,0.706942,0.718302,0.729397,0.740191,0.750743,0.761023,0.771086,0.780910,0.790554,0.800000,1.000000,0.986256,0.972658,0.959182,0.945891,0.932759,0.919852,0.907141,0.894697,0.882491,0.870597,0.858986,0.847740,0.836826,0.826333,0.816227,0.806603,0.797423,0.788790,0.780662,0.773147,0.766196,0.759920,0.754267,0.749347,0.745098,0.741631,0.738875,0.736933,0.735728,0.735355,0.735729,0.736934,0.738878,0.741632,0.745104,0.749350,0.754276,0.759924,0.766206,0.773151,0.780674,0.788794,0.797435,0.806606,0.816240,0.826336,0.836839,0.847742,0.858999,0.870599,0.882504,0.894698,0.907154,0.919852,0.932772,0.945891,0.959195,0.972658,0.986269,1.000000
55.9000,-0.000000,0.009453,0.019089,0.028920,0.038974,0.049260,0.059803,0.070604,0.081691,0.093058,0.104733,0.116709,0.129009,0.141622,0.154571,0.167839,0.181446,0.195372,0.209628,0.224192,0.239068,0.254229,0.269669,0.285359,0.301282,0.317409,0.333710,0.350157,0.366708,0.383341,0.400002,0.416674,0.433296,0.449859,0.466295,0.482607,0.498723,0.514657,0.530337,0.545787,0.560937,0.575822,0.590376,0.604642,0.618558,0.632173,0.645432,0.658390,0.670994,0.683302,0.695269,0.706952,0.718311,0.729405,0.740198,0.750748,0.761026,0.771087,0.780911,0.790554,0.800000,1.000000,0.986256,0.972657,0.959181,0.945889,0.932756,0.919848,0.907136,0.894692,0.882485,0.870592,0.858981,0.847735,0.836821,0.826329,0.816223,0.806600,0.797422,0.788790,0.780664,0.773150,0.766202,0.759929,0.754278,0.749360,0.745113,0.741647,0.738892,0.736950,0.735746,0.735372,0.735745,0.736948,0.738891,0.741643,0.745112,0.749354,0.754277,0.759923,0.766203,0.773146,0.780667,0.788786,0.797426,0.806597,0.816230,0.826326,0.836829,0.847733,0.858990,0.870590,0.882496,0.894691,0.907148,0.919848,0.932769,0.945889,0.959194,0.972657,0.986269,1.000000
56.0000,-0.000000,0.009453,0.019090,0.028923,0.038980,0.049269,0.059814,0.070618,0.081707,0.093077,0.104753,0.116730,0.129030,0.141644,0.154592,0.167860,0.181465,0.195389,0.209644,0.224206,0.239079,0.254237,0.269675,0.285364,0.301285,0.317411,0.333711,0.350158,0.366710,0.383342,0.400003,0.416675,0.433297,0.449859,0.466295,0.482606,0.498721,0.514653,0.530332,0.545780,0.560929,0.575812,0.590364,0.604629,0.618543,0.632158,0.645417,0.658373,0.670977,0.683286,0.695253,0.706937,0.718298,0.729394,0.740189,0.750741,0.761021,0.771085,0.780910,0.790554,0.800000,1.000000,0.986256,0.972658,0.959183,0.945893,0.932763,0.919857,0.907148,0.894705,0.882500,0.870608,0.858998,0.847753,0.836840,0.826347,0.816240,0.806615,0.797435,0.788800,0.780670,0.773152,0.766198,0.759920,0.754264,0.749341,0.745090,0.741621,0.738863,0.736920,0.735714,0.735341,0.735715,0.736919,0.738864,0.741619,0.745092,0.749338,0.754265,0.759915,0.766199,0.773145,0.780670,0.788793,0.797435,0.806607,0.816242,0.826339,0.836842,0.847746,0.859004,0.870603,0.882507,0.894701,0.907157,0.919855,0.932774,0.945892,0.959195,0.972658,0.986269,1.000000
56.1000,-0.000000,0.009453,0.019089,0.028919,0.038973,0.049258,0.059800,0.070600,0.081685,0.093052,0.104726,0.116701,0.129000,0.141613,0.154562,0.167831,0.181438,0.195364,0.209621,0.224186,0.239062,0.254223,0.269664,0.285354,0.301278,0.317405,0.333706,0.350154,0.366705,0.383338,0.399999,0.416671,0.433293,0.449856,0.466292,0.482604,0.498720,0.514654,0.530334,0.545785,0.560936,0.575822,0.590377,0.604643,0.618559,0.632175,0.645435,0.658393,0.670998,0.683306,0.695272,0.706955,0.718314,0.729407,0.740200,0.750749,0.761027,0.771088,0.780911,0.790554,0.800000,1.000000,0.986256,0.972657,0.959180,0.945888,0.932755,0.919846,0.907133,0.894688,0.882480,0.870586,0.858974,0.847727,0.836814,0.826321,0.816216,0.806593,0.797416,0.788785,0.780661,0.773148,0.766201,0.759929,0.754279,0.749362,0.745116,0.741651,0.738897,0.736957,0.735753,0.735380,0.735754,0.736957,0.738900,0.741652,0.745121,0.749363,0.754285,0.759931,0.766209,0.773150,0.780670,0.788788,0.797427,0.806596,0.816227,0.826324,0.836826,0.847729,0.858987,0.870587,0.882493,0.894689,0.907146,0.919846,0.932768,0.945888,0.959193,0.972657,0.986269,1.000000
56.2000,-0.000000,0.009453,0.019090,0.028922,0.038979,0.049267,0.059812,0.070615,0.081703,0.093072,0.104748,0.116724,0.129024,0.141637,0.154585,0.167852,0.181458,0.195382,0.209636,0.224198,0.239072,0.254231,0.269669,0.285358,0.301279,0.317405,0.333705,0.350152,0.366704,0.383336,0.399997,0.416669,0.433291,0.449853,0.466289,0.482600,0.498715,0.514647,0.530325,0.545773,0.560921,0.575804,0.590356,0.604620,0.618535,0.632149,0.645408,0.658365,0.670969,0.683278,0.695246,0.706931,0.718292,0.729389,0.740185,0.750738,0.761020,0.771084,0.780910,0.790554,0.800000,1.000000,0.986256,0.972658,0.959182,0.945892,0.932762,0.919855,0.907145,0.894703,0.882497,0.870604,0.858994,0.847748,0.836834,0.826340,0.816233,0.806608,0.797428,0.788793,0.780664,0.773146,0.766193,0.759915,0.754260,0.749337,0.745087,0.741617,0.738860,0.736917,0.735712,0.735338,0.735713,0.736918,0.738863,0.741619,0.745093,0.749340,0.754268,0.759920,0.766204,0.773152,0.780677,0.788800,0.797443,0.806615,0.816249,0.826347,0.836850,0.847754,0.859010,0.870609,0.882513,0.894706,0.907160,0.919858,0.932776,0.945893,0.959196,0.972658,0.986269,1.000000
56.3000,-0.000000,0.009453,0.019089,0.028919,0.038974,0.049259,0.059802,0.070603,0.081689,0.093056,0.104731,0.116706,0.129005,0.141618,0.154567,0.167836,0.181442,0.195368,0.209624,0.224188,0.239064,0.254224,0.269664,0.285355,0.301278,0.317405,0.333706,0.350153,0.366705,0.383338,0.399999,0.416671,0.433292,0.449855,0.466292,0.482603,0.498719,0.514653,0.530333,0.545782,0.560934,0.575819,0.590373,0.604640,0.618556,0.632172,0.645432,0.658389,0.670994,0.683302,0.695268,0.706951,0.718311,0.729405,0.740198,0.750748,0.761026,0.771088,0.780911,0.790554,0.800000,1.000000,0.986256,0.972657,0.959180,0.945888,0.932756,0.919847,0.907135,0.894691,0.882483,0.870590,0.858978,0.847732,0.836818,0.826326,0.816220,0.806597,0.797419,0.788787,0.780661,0.773147,0.766198,0.759925,0.754274,0.749356,0.745110,0.741645,0.738891,0.736950,0.735747,0.735374,0.735748,0.736952,0.738895,0.741648,0.745117,0.749360,0.754283,0.759929,0.766208,0.773150,0.780671,0.788789,0.797428,0.806598,0.816230,0.826327,0.836829,0.847733,0.858990,0.870590,0.882496,0.894691,0.907148,0.919847,0.932769,0.945888,0.959194,0.972657,0.986269,1.000000
56.4000,-0.000000,0.009453,0.019090,0.028922,0.038978,0.049266,0.059810,0.070613,0.081701,0.093070,0.104746,0.116721,0.129021,0.141635,0.154583,0.167851,0.181457,0.195382,0.209637,0.224200,0.239074,0.254234,0.269673,0.285362,0.301284,0.317410,0.333710,0.350157,0.366709,0.383342,0.400002,0.416674,0.433296,0.449859,0.466295,0.482606,0.498722,0.514655,0.530334,0.545782,0.560932,0.575815,0.590368,0.604633,0.618548,0.632163,0.645422,0.658379,0.670983,0.683291,0.695258,0.706942,0.718302,0.729397,0.740192,0.750743,0.761023,0.771086,0.780910,0.790554,0.800000,1.000000,0.986256,0.972658,0.959182,0.945892,0.932761,0.919854,0.907144,0.894701,0.882495,0.870602,0.858992,0.847746,0.836832,0.826339,0.816233,0.806609,0.797429,0.788796,0.780668,0.773151,0.766200,0.759924,0.754270,0.749349,0.745100,0.741631,0.738874,0.736931,0.735726,0.735352,0.735726,0.736929,0.738873,0.741627,0.745099,0.749344,0.754270,0.759918,0.766200,0.773146,0.780669,0.788790,0.797432,0.806603,0.816237,0.826335,0.836838,0.847742,0.858999,0.870598,0.882503,0.894698,0.907154,0.919852,0.932772,0.945891,0.959195,0.972658,0.986269,1.000000
56.5000,-0.000000,0.009453,0.019090,0.028921,0.038977,0.049265,0.059809,0.070611,0.081698,0.093067,0.104742,0.116718,0.129018,0.141631,0.154580,0.167848,0.181454,0.195379,0.209635,0.224198,0.239073,0.254232,0.269671,0.285361,0.301283,0.317410,0.333710,0.350157,0.366709,0.383341,0.400002,0.416674,0.433296,0.449859,0.466295,0.482606,0.498722,0.514655,0.530334,0.545783,0.560932,0.575817,0.590370,0.604635,0.618550,0.632165,0.645424,0.658381,0.670985,0.683293,0.695260,0.706944,0.718304,0.729399,0.740193,0.750744,0.761023,0.771086,0.780910,0.790554,0.800000,1.000000,0.986256,0.972658,0.959182,0.945891,0.932760,0.919853,0.907142,0.894699,0.882492,0.870599,0.858989,0.847743,0.836829,0.826336,0.816230,0.806606,0.797427,0.788794,0.780667,0.773151,0.766200,0.759925,0.754272,0.749351,0.745102,0.741634,0.738878,0.736935,0.735731,0.735357,0.735730,0.736934,0.738877,0.741631,0.745101,0.749346,0.754271,0.759919,0.766200,0.773145,0.780668,0.788789,0.797430,0.806602,0.816235,0.826332,0.836836,0.847740,0.858997,0.870597,0.882502,0.894697,0.907153,0.919851,0.932772,0.945890,0.959195,0.972658,0.986269,1.000000
56.6000,-0.000000,0.009453,0.019089,0.028920,0.038975,0.049260,0.059803,0.070604,0.081690,0.093058,0.104733,0.116708,0.129007,0.141620,0.154569,0.167837,0.181444,0.195369,0.209625,0.224189,0.239064,0.254225,0.269664,0.285354,0.301278,0.317405,0.333705,0.350153,0.366705,0.383337,0.399998,0.416670,0.433292,0.449855,0.466291,0.482603,0.498719,0.514653,0.530332,0.545782,0.560933,0.575818,0.590372,0.604638,0.618554,0.632169,0.645429,0.658387,0.670991,0.683299,0.695266,0.706949,0.718308,0.729403,0.740196,0.750747,0.761025,0.771087,0.780911,0.790554,0.800000,1.000000,0.986256,0.972657,0.959181,0.945889,0.932757,0.919848,0.907137,0.894692,0.882485,0.870591,0.858980,0.847734,0.836820,0.826327,0.816221,0.806598,0.797419,0.788787,0.780660,0.773146,0.766197,0.759923,0.754272,0.749354,0.745108,0.741642,0.738887,0.736947,0.735743,0.735371,0.735745,0.736949,0.738892,0.741645,0.745115,0.749358,0.754282,0.759928,0.766207,0.773149,0.780670,0.788789,0.797429,0.806600,0.816232,0.826329,0.836831,0.847735,0.858992,0.870592,0.882497,0.894693,0.907149,0.919848,0.932769,0.945889,0.959194,0.972657,0.986269,1.000000
56.7000,-0.000000,0.009453,0.019090,0.028922,0.038979,0.049267,0.059812,0.070615,0.081703,0.093072,0.104748,0.116724,0.129023,0.141636,0.154584,0.167852,0.181457,0.195381,0.209636,0.224198,0.239071,0.254230,0.269669,0.285358,0.301279,0.317406,0.333706,0.350153,0.366704,0.383337,0.399998,0.416670,0.433291,0.449854,0.466290,0.482601,0.498715,0.514648,0.530326,0.545774,0.560923,0.575806,0.590358,0.604623,0.618537,0.632152,0.645411,0.658368,0.670972,0.683281,0.695249,0.706934,0.718295,0.729392,0.740187,0.750740,0.761021,0.771084,0.780910,0.790554,0.800000,1.000000,0.986256,0.972658,0.959182,0.945892,0.932761,0.919855,0.907145,0.894702,0.882496,0.870603,0.858993,0.847747,0.836833,0.826340,0.816233,0.806607,0.797427,0.788792,0.780663,0.773145,0.766192,0.759915,0.754260,0.749338,0.745088,0.741619,0.738862,0.736919,0.735715,0.735341,0.735716,0.736921,0.738866,0.741622,0.745095,0.749342,0.754270,0.759921,0.766204,0.773151,0.780676,0.788798,0.797441,0.806613,0.816247,0.826345,0.836847,0.847751,0.859007,0.870606,0.882510,0.894704,0.907158,0.919856,0.932775,0.945892,0.959196,0.972658,0.986269,1.000000
56.8000,-0.000000,0.009453,0.019089,0.028919,0.038973,0.049258,0.059800,0.070600,0.081686,0.093053,0.104727,0.116702,0.129001,0.141614,0.154563,0.167832,0.181439,0.195365,0.209622,0.224187,0.239063,0.254224,0.269665,0.285355,0.301279,0.317406,0.333707,0.350154,0.366706,0.383339,0.399999,0.416672,0.433293,0.449856,0.466293,0.482605,0.498720,0.514654,0.530334,0.545785,0.560936,0.575821,0.590376,0.604643,0.618559,0.632175,0.645435,0.658393,0.670997,0.683305,0.695271,0.706954,0.718313,0.729407,0.740199,0.750749,0.761026,0.771087,0.780911,0.790554,0.800000,1.000000,0.986256,0.972657,0.959180,0.945888,0.932755,0.919846,0.907133,0.894689,0.882481,0.870586,0.858975,0.847728,0.836814,0.826322,0.816217,0.806594,0.797417,0.788786,0.780662,0.773149,0.766201,0.759929,0.754279,0.749362,0.745116,0.741651,0.738896,0.736956,0.735752,0.735379,0.735753,0.736955,0.738898,0.741650,0.745119,0.749361,0.754284,0.759929,0.766207,0.773149,0.780669,0.788787,0.797426,0.806596,0.816227,0.826324,0.836826,0.847730,0.858987,0.870588,0.882493,0.894690,0.907147,0.919847,0.932768,0.945888,0.959194,0.972657,0.986269,1.000000
56.9000,-0.000000,0.009453,0.019090,0.028923,0.038980,0.049269,0.059814,0.070618,0.081706,0.093076,0.104753,0.116729,0.129030,0.141643,0.154592,0.167859,0.181465,0.195389,0.209643,0.224205,0.239079,0.254237,0.269675,0.285364,0.301285,0.317411,0.333711,0.350158,0.366709,0.383342,0.400003,0.416675,0.433296,0.449859,0.466295,0.482606,0.498721,0.514653,0.530332,0.545780,0.560928,0.575812,0.590364,0.604628,0.618542,0.632157,0.645415,0.658373,0.670976,0.683285,0.695252,0.706936,0.718297,0.729393,0.740188,0.750740,0.761021,0.771085,0.780910,0.790554,0.800000,1.000000,0.986256,0.972658,0.959183,0.945893,0.932763,0.919856,0.907147,0.894705,0.882500,0.870608,0.858998,0.847753,0.836839,0.826347,0.816240,0.806615,0.797434,0.788800,0.780670,0.773152,0.766199,0.759920,0.754264,0.749341,0.745090,0.741620,0.738862,0.736919,0.735713,0.735339,0.735713,0.736918,0.738863,0.741618,0.745091,0.749338,0.754265,0.759916,0.766199,0.773146,0.780671,0.788793,0.797436,0.806608,0.816242,0.826340,0.836843,0.847747,0.859004,0.870604,0.882508,0.894702,0.907157,0.919855,0.932774,0.945892,0.959196,0.972658,0.986269,1.000000
57.0000,-0.000000,0.009453,0.019089,0.028920,0.038974,0.049260,0.059803,0.070604,0.081690,0.093057,0.104732,0.116708,0.129007,0.141620,0.154569,0.167838,0.181445,0.195370,0.209627,0.224191,0.239067,0.254228,0.269667,0.285358,0.301281,0.317408,0.333708,0.350156,0.366708,0.383341,0.400001,0.416674,0.433295,0.449858,0.466294,0.482606,0.498722,0.514656,0.530336,0.545786,0.560936,0.575821,0.590376,0.604641,0.618558,0.632173,0.645433,0.658390,0.670995,0.683303,0.695269,0.706952,0.718311,0.729406,0.740199,0.750748,0.761027,0.771087,0.780911,0.790554,0.800000,1.000000,0.986256,0.972657,0.959181,0.945889,0.932756,0.919848,0.907136,0.894692,0.882484,0.870591,0.858980,0.847734,0.836820,0.826327,0.816222,0.806599,0.797421,0.788790,0.780664,0.773150,0.766201,0.759929,0.754277,0.749359,0.745113,0.741647,0.738892,0.736951,0.735747,0.735374,0.735747,0.736950,0.738893,0.741644,0.745114,0.749356,0.754279,0.759925,0.766204,0.773147,0.780668,0.788787,0.797427,0.806597,0.816229,0.826325,0.836828,0.847732,0.858989,0.870589,0.882495,0.894690,0.907147,0.919847,0.932768,0.945888,0.959193,0.972657,0.986269,1.000000
57.1000,-0.000000,0.009453,0.019090,0.028921,0.038977,0.049265,0.059809,0.070611,0.081698,0.093067,0.104742,0.116718,0.129018,0.141631,0.154579,0.167847,0.181453,0.195377,0.209633,0.224196,0.239070,0.254230,0.269668,0.285358,0.301280,0.317406,0.333706,0.350154,0.366705,0.383338,0.399999,0.416671,0.433292,0.449855,0.466291,0.482602,0.498718,0.514650,0.530329,0.545778,0.560927,0.575811,0.590364,0.604628,0.618543,0.632158,0.645417,0.658374,0.670979,0.683288,0.695255,0.706939,0.718300,0.729396,0.740190,0.750742,0.761022,0.771086,0.780910,0.790554,0.800000,1.000000,0.986256,0.972658,0.959181,0.945891,0.932759,0.919852,0.907141,0.894698,0.882492,0.870599,0.858988,0.847742,0.836828,0.826335,0.816228,0.806604,0.797425,0.788792,0.780663,0.773147,0.766196,0.759919,0.754265,0.749345,0.745096,0.741628,0.738871,0.736929,0.735725,0.735352,0.735726,0.736930,0.738875,0.741629,0.745102,0.749347,0.754273,0.759922,0.766205,0.773150,0.780674,0.788795,0.797437,0.806608,0.816242,0.826339,0.836842,0.847745,0.859002,0.870602,0.882506,0.894700,0.907155,0.919853,0.932773,0.945891,0.959195,0.972658,0.986269,1.000000
57.2000,-0.000000,0.009453,0.019089,0.028921,0.038976,0.049263,0.059807,0.070609,0.081696,0.093064,0.104739,0.116714,0.129014,0.141627,0.154575,0.167843,0.181449,0.195374,0.209629,0.224192,0.239067,0.254227,0.269666,0.285356,0.301278,0.317405,0.333705,0.350152,0.366704,0.383337,0.399998,0.416670,0.433291,0.449854,0.466290,0.482601,0.498716,0.514650,0.530328,0.545777,0.560927,0.575811,0.590365,0.604630,0.618546,0.632161,0.645421,0.658378,0.670982,0.683290,0.695257,0.706942,0.718302,0.729397,0.740192,0.750743,0.761023,0.771086,0.780910,0.790554,0.800000,1.000000,0.986256,0.972658,0.959181,0.945890,0.932758,0.919851,0.907140,0.894696,0.882489,0.870596,0.858985,0.847739,0.836825,0.826332,0.816225,0.806601,0.797422,0.788789,0.780661,0.773146,0.766195,0.759920,0.754266,0.749346,0.745098,0.741631,0.738875,0.736934,0.735730,0.735357,0.735732,0.736936,0.738881,0.741635,0.745107,0.749351,0.754277,0.759925,0.766207,0.773151,0.780674,0.788795,0.797436,0.806606,0.816239,0.826336,0.836839,0.847742,0.858999,0.870599,0.882503,0.894698,0.907154,0.919852,0.932772,0.945891,0.959195,0.972658,0.986269,1.000000
57.3000,-0.000000,0.009453,0.019089,0.028920,0.038975,0.049261,0.059804,0.070605,0.081691,0.093059,0.104734,0.116710,0.129009,0.141622,0.154570,0.167839,0.181445,0.195370,0.209626,0.224190,0.239066,0.254226,0.269666,0.285356,0.301279,0.317406,0.333707,0.350154,0.366706,0.383339,0.400000,0.416672,0.433293,0.449856,0.466292,0.482604,0.498720,0.514654,0.530333,0.545783,0.560934,0.575818,0.590373,0.604638,0.618554,0.632170,0.645430,0.658387,0.670991,0.683300,0.695266,0.706949,0.718308,0.729403,0.740196,0.750747,0.761026,0.771087,0.780911,0.790554,0.800000,1.000000,0.986256,0.972657,0.959181,0.945889,0.932757,0.919849,0.907137,0.894693,0.882486,0.870593,0.858982,0.847735,0.836821,0.826329,0.816223,0.806599,0.797420,0.788788,0.780662,0.773148,0.766198,0.759925,0.754274,0.749355,0.745109,0.741642,0.738888,0.736947,0.735743,0.735370,0.735744,0.736947,0.738890,0.741643,0.745113,0.749356,0.754279,0.759926,0.766206,0.773149,0.780671,0.788790,0.797430,0.806599,0.816232,0.826328,0.836831,0.847735,0.858992,0.870592,0.882498,0.894693,0.907150,0.919849,0.932769,0.945889,0.959194,0.972657,0.986269,1.000000
57.4000,-0.000000,0.009453,0.019090,0.028922,0.038979,0.049268,0.059813,0.070616,0.081705,0.093074,0.104751,0.116727,0.129027,0.141641,0.154589,0.167857,0.181462,0.195387,0.209641,0.224204,0.239077,0.254236,0.269674,0.285363,0.301285,0.317411,0.333711,0.350158,0.366709,0.383342,0.400003,0.416675,0.433296,0.449859,0.466295,0.482606,0.498721,0.514653,0.530332,0.545780,0.560929,0.575812,0.590365,0.604629,0.618544,0.632159,0.645417,0.658374,0.670978,0.683286,0.695254,0.706938,0.718298,0.729394,0.740189,0.750741,0.761022,0.771085,0.780910,0.790554,0.800000,1.000000,0.986256,0.972658,0.959183,0.945892,0.932762,0.919856,0.907146,0.894704,0.882498,0.870606,0.858996,0.847751,0.836837,0.826344,0.816238,0.806613,0.797432,0.788798,0.780669,0.773151,0.766198,0.759921,0.754266,0.749343,0.745093,0.741624,0.738866,0.736923,0.735717,0.735343,0.735717,0.736921,0.738865,0.741620,0.745092,0.749339,0.754266,0.759916,0.766199,0.773145,0.780670,0.788792,0.797435,0.806607,0.816241,0.826339,0.836842,0.847746,0.859003,0.870603,0.882507,0.894701,0.907156,0.919854,0.932774,0.945892,0.959196,0.972658,0.986269,1.000000
57.5000,-0.000000,0.009453,0.019089,0.028919,0.038974,0.049260,0.059802,0.070602,0.081688,0.093055,0.104730,0.116705,0.129004,0.141617,0.154566,0.167835,0.181442,0.195368,0.209625,0.224190,0.239066,0.254227,0.269667,0.285357,0.301281,0.317408,0.333709,0.350156,0.366708,0.383341,0.400001,0.416674,0.433295,0.449858,0.466294,0.482606,0.498723,0.514656,0.530336,0.545786,0.560938,0.575823,0.590378,0.604644,0.618560,0.632177,0.645436,0.658394,0.670998,0.683306,0.695272,0.706955,0.718314,0.729407,0.740199,0.750749,0.761027,0.771088,0.780911,0.790554,0.800000,1.000000,0.986256,0.972657,0.959180,0.945888,0.932756,0.919847,0.907135,0.894690,0.882482,0.870588,0.858977,0.847731,0.836817,0.826325,0.816220,0.806597,0.797420,0.788789,0.780664,0.773150,0.766202,0.759930,0.754279,0.749362,0.745116,0.741650,0.738896,0.736955,0.735751,0.735378,0.735751,0.736954,0.738897,0.741649,0.745118,0.749359,0.754282,0.759927,0.766206,0.773147,0.780668,0.788786,0.797425,0.806595,0.816227,0.826323,0.836825,0.847729,0.858986,0.870587,0.882493,0.894689,0.907146,0.919846,0.932768,0.945888,0.959193,0.972657,0.986269,1.000000
57.6000,-0.000000,0.009453,0.019090,0.028922,0.038979,0.049267,0.059812,0.070615,0.081704,0.093073,0.104749,0.116725,0.129025,0.141638,0.154586,0.167853,0.181459,0.195383,0.209638,0.224200,0.239073,0.254232,0.269670,0.285359,0.301281,0.317407,0.333707,0.350154,0.366705,0.383338,0.399999,0.416671,0.433292,0.449855,0.466290,0.482601,0.498716,0.514649,0.530327,0.545775,0.560924,0.575807,0.590359,0.604623,0.618538,0.632153,0.645411,0.658368,0.670972,0.683282,0.695249,0.706934,0.718295,0.729391,0.740187,0.750740,0.761020,0.771084,0.780910,0.790554,0.800000,1.000000,0.986256,0.972658,0.959183,0.945892,0.932762,0.919855,0.907145,0.894703,0.882497,0.870604,0.858994,0.847748,0.836834,0.826341,0.816234,0.806609,0.797429,0.788794,0.780665,0.773147,0.766194,0.759916,0.754261,0.749338,0.745088,0.741618,0.738861,0.736918,0.735713,0.735340,0.735715,0.736920,0.738866,0.741621,0.745095,0.749342,0.754269,0.759920,0.766204,0.773150,0.780675,0.788797,0.797440,0.806612,0.816246,0.826344,0.836847,0.847750,0.859007,0.870606,0.882510,0.894704,0.907158,0.919856,0.932775,0.945892,0.959196,0.972658,0.986269,1.000000
57.7000,-0.000000,0.009453,0.019089,0.028919,0.038973,0.049259,0.059801,0.070602,0.081688,0.093055,0.104730,0.116704,0.129004,0.141617,0.154565,0.167834,0.181441,0.195366,0.209623,0.224187,0.239063,0.254223,0.269663,0.285354,0.301277,0.317404,0.333705,0.350152,0.366704,0.383337,0.399998,0.416670,0.433291,0.449854,0.466290,0.482602,0.498718,0.514651,0.530331,0.545781,0.560932,0.575817,0.590371,0.604637,0.618553,0.632169,0.645429,0.658386,0.670991,0.683299,0.695266,0.706949,0.718309,0.729404,0.740197,0.750747,0.761026,0.771087,0.780911,0.790554,0.800000,1.000000,0.986256,0.972657,0.959180,0.945888,0.932755,0.919847,0.907135,0.894690,0.882482,0.870588,0.858977,0.847730,0.836816,0.826324,0.816218,0.806595,0.797417,0.788785,0.780659,0.773146,0.766197,0.759924,0.754273,0.749356,0.745110,0.741644,0.738889,0.736949,0.735745,0.735372,0.735747,0.736950,0.738894,0.741646,0.745117,0.749359,0.754283,0.759929,0.766208,0.773151,0.780672,0.788791,0.797431,0.806601,0.816233,0.826330,0.836832,0.847736,0.858993,0.870592,0.882497,0.894693,0.907149,0.919848,0.932769,0.945889,0.959194,0.972657,0.986269,1.000000
57.8000,-0.000000,0.009453,0.019090,0.028921,0.038978,0.049265,0.059809,0.070612,0.081699,0.093068,0.104743,0.116719,0.129019,0.141632,0.154580,0.167848,0.181455,0.195379,0.209634,0.224197,0.239072,0.254231,0.269670,0.285359,0.301281,0.317407,0.333708,0.350155,0.366706,0.383339,0.400000,0.416672,0.433294,0.449856,0.466292,0.482604,0.498719,0.514652,0.530331,0.545779,0.560929,0.575812,0.590365,0.604630,0.618545,0.632160,0.645419,0.658376,0.670981,0.683290,0.695257,0.706941,0.718301,0.729397,0.740191,0.750743,0.761023,0.771085,0.780910,0.790554,0.800000,1.000000,0.986256,0.972658,0.959182,0.945891,0.932760,0.919853,0.907143,0.894699,0.882493,0.870600,0.858989,0.847743,0.836829,0.826337,0.816230,0.806606,0.797426,0.788793,0.780665,0.773149,0.766197,0.759921,0.754267,0.749346,0.745097,0.741629,0.738873,0.736930,0.735725,0.735352,0.735726,0.736930,0.738874,0.741628,0.745100,0.749346,0.754272,0.759921,0.766203,0.773148,0.780672,0.788793,0.797435,0.806607,0.816240,0.826337,0.836840,0.847743,0.859000,0.870600,0.882504,0.894699,0.907154,0.919852,0.932772,0.945891,0.959195,0.972658,0.986269,1.000000
57.9000,-0.000000,0.009453,0.019090,0.028921,0.038977,0.049265,0.059809,0.070611,0.081698,0.093067,0.104743,0.116718,0.129018,0.141631,0.154580,0.167848,0.181455,0.195379,0.209635,0.224198,0.239073,0.254233,0.269671,0.285361,0.301283,0.317410,0.333710,0.350157,0.366709,0.383342,0.400002,0.416675,0.433296,0.449859,0.466295,0.482606,0.498721,0.514655,0.530334,0.545783,0.560933,0.575817,0.590371,0.604636,0.618551,0.632167,0.645426,0.658383,0.670987,0.683295,0.695261,0.706945,0.718304,0.729399,0.740193,0.750744,0.761024,0.771086,0.780910,0.790554,0.800000,1.000000,0.986256,0.972658,0.959182,0.945891,0.932759,0.919853,0.907142,0.894699,0.882492,0.870599,0.858989,0.847743,0.836829,0.826337,0.816231,0.806607,0.797428,0.788795,0.780667,0.773151,0.766201,0.759925,0.754272,0.749351,0.745103,0.741635,0.738878,0.736936,0.735731,0.735358,0.735732,0.736935,0.738879,0.741633,0.745104,0.749348,0.754272,0.759920,0.766202,0.773146,0.780669,0.788789,0.797430,0.806601,0.816234,0.826332,0.836834,0.847738,0.858996,0.870596,0.882501,0.894696,0.907153,0.919851,0.932771,0.945890,0.959195,0.972658,0.986269,1.000000
58.0000,-0.000000,0.009453,0.019089,0.028920,0.038975,0.049262,0.059805,0.070606,0.081693,0.093060,0.104736,0.116711,0.129011,0.141624,0.154572,0.167841,0.181447,0.195373,0.209629,0.224193,0.239068,0.254229,0.269668,0.285358,0.301281,0.317408,0.333708,0.350156,0.366707,0.383340,0.400001,0.416674,0.433295,0.449858,0.466294,0.482606,0.498722,0.514655,0.530335,0.545785,0.560935,0.575820,0.590374,0.604639,0.618556,0.632171,0.645430,0.658388,0.670991,0.683300,0.695267,0.706950,0.718309,0.729403,0.740196,0.750747,0.761025,0.771087,0.780911,0.790554,0.800000,1.000000,0.986256,0.972657,0.959181,0.945889,0.932757,0.919850,0.907138,0.894694,0.882487,0.870594,0.858983,0.847737,0.836823,0.826330,0.816224,0.806601,0.797422,0.788791,0.780664,0.773150,0.766200,0.759927,0.754275,0.749356,0.745109,0.741643,0.738888,0.736947,0.735742,0.735369,0.735742,0.736945,0.738888,0.741641,0.745111,0.749353,0.754277,0.759924,0.766203,0.773146,0.780668,0.788787,0.797427,0.806597,0.816230,0.826327,0.836830,0.847734,0.858991,0.870592,0.882497,0.894693,0.907149,0.919849,0.932769,0.945889,0.959194,0.972657,0.986269,1.000000
58.1000,-0.000000,0.009453,0.019090,0.028922,0.038979,0.049267,0.059811,0.070614,0.081702,0.093071,0.104747,0.116723,0.129023,0.141636,0.154584,0.167852,0.181457,0.195381,0.209636,0.224198,0.239072,0.254231,0.269670,0.285359,0.301280,0.317407,0.333707,0.350154,0.366705,0.383338,0.399999,0.416671,0.433293,0.449855,0.466291,0.482602,0.498717,0.514649,0.530328,0.545776,0.560925,0.575808,0.590361,0.604625,0.618540,0.632155,0.645414,0.658371,0.670975,0.683284,0.695251,0.706936,0.718297,0.729393,0.740188,0.750741,0.761021,0.771085,0.780910,0.790554,0.800000,1.000000,0.986256,0.972658,0.959182,0.945892,0.932761,0.919855,0.907145,0.894702,0.882496,0.870603,0.858993,0.847747,0.836833,0.826340,0.816233,0.806608,0.797427,0.788793,0.780664,0.773146,0.766194,0.759917,0.754262,0.749340,0.745091,0.741622,0.738865,0.736923,0.735718,0.735345,0.735719,0.736923,0.738868,0.741623,0.745096,0.749343,0.754270,0.759920,0.766203,0.773149,0.780674,0.788796,0.797439,0.806611,0.816245,0.826342,0.836845,0.847749,0.859005,0.870604,0.882508,0.894702,0.907157,0.919855,0.932774,0.945892,0.959196,0.972658,0.986269,1.000000
58.2000,-0.000000,0.009453,0.019089,0.028919,0.038973,0.049258,0.059800,0.070601,0.081686,0.093053,0.104728,0.116703,0.129002,0.141615,0.154563,0.167832,0.181439,0.195364,0.209621,0.224185,0.239061,0.254222,0.269662,0.285353,0.301276,0.317404,0.333704,0.350152,0.366704,0.383337,0.399997,0.416670,0.433291,0.449854,0.466290,0.482602,0.498718,0.514652,0.530332,0.545782,0.560933,0.575818,0.590373,0.604639,0.618555,0.632171,0.645431,0.658389,0.670993,0.683302,0.695268,0.706951,0.718310,0.729404,0.740197,0.750747,0.761026,0.771087,0.780911,0.790554,0.800000,1.000000,0.986256,0.972657,0.959180,0.945888,0.932755,0.919846,0.907134,0.894689,0.882481,0.870587,0.858976,0.847729,0.836815,0.826322,0.816216,0.806593,0.797415,0.788784,0.780659,0.773146,0.766198,0.759926,0.754275,0.749358,0.745112,0.741647,0.738893,0.736953,0.735749,0.735377,0.735751,0.736954,0.738898,0.741650,0.745120,0.749362,0.754285,0.759931,0.766210,0.773152,0.780672,0.788791,0.797430,0.806599,0.816231,0.826327,0.836830,0.847733,0.858990,0.870590,0.882496,0.894691,0.907148,0.919848,0.932769,0.945889,0.959194,0.972657,0.986269,1.000000
58.3000,-0.000000,0.009453,0.019090,0.028922,0.038979,0.049267,0.059812,0.070616,0.081704,0.093073,0.104749,0.116725,0.129026,0.141639,0.154587,0.167855,0.181461,0.195384,0.209639,0.224201,0.239075,0.254234,0.269672,0.285361,0.301282,0.317408,0.333708,0.350155,0.366707,0.383340,0.400000,0.416672,0.433294,0.449857,0.466292,0.482603,0.498718,0.514651,0.530329,0.545777,0.560926,0.575810,0.590362,0.604626,0.618541,0.632155,0.645414,0.658371,0.670975,0.683284,0.695251,0.706936,0.718297,0.729393,0.740188,0.750740,0.761021,0.771084,0.780910,0.790554,0.800000,1.000000,0.986256,0.972658,0.959182,0.945892,0.932761,0.919855,0.907145,0.894703,0.882497,0.870605,0.858995,0.847749,0.836835,0.826342,0.816236,0.806611,0.797430,0.788796,0.780666,0.773149,0.766196,0.759918,0.754263,0.749341,0.745091,0.741621,0.738863,0.736920,0.735715,0.735341,0.735716,0.736920,0.738866,0.741621,0.745094,0.749340,0.754268,0.759918,0.766201,0.773148,0.780672,0.788794,0.797437,0.806609,0.816243,0.826341,0.836844,0.847748,0.859005,0.870604,0.882508,0.894702,0.907157,0.919855,0.932774,0.945892,0.959196,0.972658,0.986269,1.000000
58.4000,-0.000000,0.009453,0.019089,0.028920,0.038975,0.049261,0.059804,0.070605,0.081691,0.093059,0.104734,0.116709,0.129009,0.141622,0.154571,0.167840,0.181447,0.195372,0.209629,0.224193,0.239069,0.254229,0.269669,0.285359,0.301282,0.317409,0.333710,0.350157,0.366709,0.383342,0.400002,0.416675,0.433296,0.449859,0.466295,0.482607,0.498723,0.514657,0.530336,0.545786,0.560937,0.575822,0.590376,0.604642,0.618558,0.632174,0.645433,0.658390,0.670995,0.683302,0.695269,0.706952,0.718311,0.729405,0.740198,0.750748,0.761026,0.771087,0.780911,0.790554,0.800000,1.000000,0.986256,0.972657,0.959181,0.945889,0.932757,0.919849,0.907137,0.894693,0.882485,0.870592,0.858981,0.847735,0.836821,0.826329,0.816223,0.806601,0.797423,0.788791,0.780665,0.773151,0.766203,0.759929,0.754278,0.749360,0.745113,0.741647,0.738891,0.736950,0.735746,0.735372,0.735746,0.736948,0.738891,0.741643,0.745112,0.749354,0.754278,0.759924,0.766203,0.773146,0.780667,0.788786,0.797426,0.806597,0.816229,0.826325,0.836828,0.847732,0.858989,0.870590,0.882495,0.894691,0.907148,0.919847,0.932768,0.945888,0.959194,0.972657,0.986269,1.000000
58.5000,-0.000000,0.009453,0.019090,0.028922,0.038978,0.049265,0.059809,0.070612,0.081699,0.093068,0.104744,0.116720,0.129020,0.141633,0.154582,0.167850,0.181456,0.195380,0.209636,0.224199,0.239073,0.254232,0.269671,0.285360,0.301283,0.317409,0.333709,0.350156,0.366708,0.383341,0.400001,0.416674,0.433295,0.449858,0.466293,0.482605,0.498720,0.514653,0.530332,0.545781,0.560931,0.575814,0.590367,0.604632,0.618547,0.632162,0.645421,0.658378,0.670982,0.683291,0.695258,0.706942,0.718302,0.729397,0.740192,0.750743,0.761023,0.771086,0.780910,0.790554,0.800000,1.000000,0.986256,0.972658,0.959182,0.945891,0.932760,0.919853,0.907142,0.894699,0.882493,0.870600,0.858990,0.847744,0.836830,0.826338,0.816231,0.806607,0.797428,0.788795,0.780666,0.773150,0.766199,0.759923,0.754269,0.749348,0.745099,0.741630,0.738873,0.736931,0.735726,0.735352,0.735726,0.736929,0.738874,0.741628,0.745100,0.749345,0.754271,0.759919,0.766201,0.773146,0.780670,0.788791,0.797433,0.806605,0.816238,0.826336,0.836839,0.847742,0.858999,0.870599,0.882503,0.894698,0.907154,0.919852,0.932772,0.945891,0.959195,0.972658,0.986269,1.000000
58.6000,-0.000000,0.009453,0.019089,0.028921,0.038976,0.049263,0.059807,0.070609,0.081696,0.093064,0.104739,0.116715,0.129015,0.141628,0.154576,0.167844,0.181450,0.195375,0.209631,0.224194,0.239068,0.254228,0.269667,0.285357,0.301279,0.317406,0.333706,0.350153,0.366705,0.383338,0.399998,0.416671,0.433292,0.449855,0.466291,0.482602,0.498718,0.514651,0.530330,0.545779,0.560929,0.575813,0.590366,0.604632,0.618547,0.632163,0.645423,0.658379,0.670984,0.683292,0.695259,0.706943,0.718303,0.729398,0.740192,0.750743,0.761023,0.771086,0.780910,0.790554,0.800000,1.000000,0.986256,0.972658,0.959181,0.945890,0.932759,0.919851,0.907140,0.894697,0.882490,0.870597,0.858986,0.847740,0.836826,0.826333,0.816227,0.806603,0.797423,0.788790,0.780662,0.773147,0.766196,0.759921,0.754268,0.749348,0.745100,0.741632,0.738876,0.736935,0.735731,0.735358,0.735733,0.736937,0.738882,0.741636,0.745107,0.749352,0.754277,0.759925,0.766207,0.773151,0.780673,0.788794,0.797434,0.806605,0.816238,0.826335,0.836838,0.847741,0.858998,0.870598,0.882503,0.894697,0.907153,0.919852,0.932772,0.945891,0.959195,0.972658,0.986269,1.000000
58.7000,-0.000000,0.009453,0.019089,0.028920,0.038975,0.049261,0.059803,0.070605,0.081691,0.093058,0.104733,0.116708,0.129007,0.141620,0.154568,0.167837,0.181443,0.195368,0.209625,0.224188,0.239064,0.254224,0.269664,0.285354,0.301277,0.317404,0.333705,0.350152,0.366703,0.383337,0.399997,0.416670,0.433291,0.449854,0.466290,0.482602,0.498717,0.514651,0.530330,0.545780,0.560930,0.575815,0.590368,0.604634,0.618550,0.632166,0.645425,0.658383,0.670987,0.683296,0.695263,0.706946,0.718306,0.729401,0.740194,0.750745,0.761024,0.771086,0.780910,0.790554,0.800000,1.000000,0.986256,0.972657,0.959181,0.945889,0.932757,0.919848,0.907137,0.894692,0.882485,0.870591,0.858980,0.847734,0.836819,0.826326,0.816220,0.806597,0.797418,0.788786,0.780659,0.773145,0.766196,0.759922,0.754271,0.749352,0.745106,0.741640,0.738885,0.736945,0.735741,0.735368,0.735742,0.736945,0.738889,0.741642,0.745113,0.749356,0.754281,0.759928,0.766208,0.773151,0.780673,0.788793,0.797433,0.806603,0.816235,0.826332,0.836834,0.847738,0.858995,0.870595,0.882500,0.894695,0.907151,0.919850,0.932771,0.945890,0.959194,0.972658,0.986269,1.000000
58.8000,-0.000000,0.009453,0.019090,0.028922,0.038979,0.049267,0.059811,0.070615,0.081703,0.093072,0.104748,0.116724,0.129024,0.141637,0.154585,0.167853,0.181459,0.195383,0.209638,0.224200,0.239074,0.254233,0.269671,0.285360,0.301282,0.317408,0.333708,0.350155,0.366707,0.383340,0.400001,0.416673,0.433294,0.449857,0.466293,0.482604,0.498719,0.514651,0.530330,0.545778,0.560927,0.575810,0.590363,0.604627,0.618542,0.632157,0.645416,0.658373,0.670977,0.683286,0.695253,0.706937,0.718298,0.729394,0.740189,0.750741,0.761022,0.771085,0.780910,0.790554,0.800000,1.000000,0.986256,0.972658,0.959182,0.945892,0.932761,0.919855,0.907145,0.894702,0.882496,0.870604,0.858994,0.847748,0.836834,0.826341,0.816234,0.806609,0.797429,0.788795,0.780666,0.773148,0.766196,0.759919,0.754264,0.749343,0.745093,0.741624,0.738867,0.736924,0.735719,0.735346,0.735720,0.736924,0.738869,0.741623,0.745096,0.749342,0.754269,0.759918,0.766202,0.773148,0.780672,0.788794,0.797437,0.806609,0.816242,0.826340,0.836843,0.847746,0.859003,0.870603,0.882507,0.894701,0.907157,0.919854,0.932773,0.945891,0.959195,0.972658,0.986269,1.000000
58.9000,-0.000000,0.009453,0.019089,0.028920,0.038974,0.049260,0.059803,0.070604,0.081690,0.093057,0.104732,0.116708,0.129007,0.141621,0.154569,0.167838,0.181445,0.195371,0.209628,0.224192,0.239067,0.254228,0.269668,0.285358,0.301281,0.317409,0.333709,0.350157,0.366708,0.383341,0.400002,0.416674,0.433296,0.449859,0.466295,0.482607,0.498723,0.514657,0.530337,0.545787,0.560938,0.575824,0.590379,0.604645,0.618561,0.632177,0.645436,0.658394,0.670998,0.683306,0.695272,0.706954,0.718313,0.729407,0.740199,0.750749,0.761027,0.771088,0.780911,0.790554,0.800000,1.000000,0.986256,0.972657,0.959180,0.945888,0.932756,0.919848,0.907136,0.894692,0.882485,0.870591,0.858980,0.847734,0.836820,0.826328,0.816222,0.806599,0.797422,0.788791,0.780665,0.773151,0.766203,0.759929,0.754278,0.749360,0.745114,0.741648,0.738893,0.736952,0.735749,0.735375,0.735749,0.736952,0.738895,0.741647,0.745116,0.749358,0.754280,0.759926,0.766204,0.773146,0.780667,0.788785,0.797424,0.806594,0.816226,0.826322,0.836825,0.847729,0.858987,0.870588,0.882493,0.894689,0.907146,0.919846,0.932768,0.945888,0.959193,0.972657,0.986269,1.000000
59.0000,-0.000000,0.009453,0.019090,0.028922,0.038979,0.049268,0.059812,0.070616,0.081704,0.093073,0.104749,0.116725,0.129026,0.141639,0.154587,0.167855,0.181461,0.195385,0.209640,0.224202,0.239076,0.254235,0.269673,0.285362,0.301284,0.317410,0.333710,0.350156,0.366708,0.383341,0.400001,0.416674,0.433295,0.449858,0.466294,0.482605,0.498720,0.514653,0.530331,0.545779,0.560928,0.575811,0.590363,0.604627,0.618542,0.632157,0.645415,0.658372,0.670976,0.683285,0.695252,0.706936,0.718297,0.729393,0.740188,0.750741,0.761021,0.771085,0.780910,0.790554,0.800000,1.000000,0.986256,0.972658,0.959183,0.945892,0.932762,0.919856,0.907146,0.894703,0.882497,0.870605,0.858995,0.847749,0.836836,0.826343,0.816236,0.806611,0.797431,0.788798,0.780669,0.773151,0.766198,0.759921,0.754266,0.749343,0.745093,0.741623,0.738865,0.736922,0.735717,0.735343,0.735717,0.736921,0.738866,0.741620,0.745093,0.749339,0.754266,0.759916,0.766200,0.773147,0.780672,0.788794,0.797436,0.806608,0.816243,0.826340,0.836843,0.847747,0.859004,0.870604,0.882508,0.894702,0.907157,0.919855,0.932774,0.945892,0.959195,0.972658,0.986269,1.000000
59.1000,-0.000000,0.009453,0.019089,0.028919,0.038974,0.049260,0.059802,0.070603,0.081689,0.093056,0.104731,0.116706,0.129005,0.141618,0.154567,0.167835,0.181442,0.195368,0.209624,0.224188,0.239064,0.254224,0.269664,0.285354,0.301278,0.317405,0.333706,0.350153,0.366705,0.383337,0.399998,0.416670,0.433292,0.449855,0.466291,0.482603,0.498718,0.514652,0.530332,0.545781,0.560932,0.575817,0.590371,0.604637,0.618553,0.632169,0.645428,0.658386,0.670990,0.683299,0.695266,0.706949,0.718309,0.729403,0.740196,0.750747,0.761025,0.771087,0.780911,0.790554,0.800000,1.000000,0.986256,0.972657,0.959180,0.945888,0.932756,0.919847,0.907135,0.894691,0.882483,0.870589,0.858978,0.847732,0.836818,0.826325,0.816219,0.806596,0.797418,0.788787,0.780660,0.773146,0.766198,0.759925,0.754273,0.749355,0.745109,0.741643,0.738888,0.736948,0.735744,0.735371,0.735745,0.736948,0.738892,0.741645,0.745115,0.749358,0.754282,0.759928,0.766208,0.773150,0.780672,0.788791,0.797431,0.806601,0.816234,0.826330,0.836832,0.847736,0.858993,0.870593,0.882498,0.894693,0.907149,0.919849,0.932769,0.945889,0.959194,0.972657,0.986269,1.000000
59.2000,-0.000000,0.009453,0.019090,0.028921,0.038977,0.049264,0.059808,0.070611,0.081698,0.093066,0.104742,0.116718,0.129017,0.141630,0.154578,0.167846,0.181452,0.195377,0.209632,0.224195,0.239069,0.254228,0.269667,0.285356,0.301278,0.317405,0.333705,0.350152,0.366704,0.383337,0.399998,0.416670,0.433291,0.449854,0.466290,0.482601,0.498717,0.514649,0.530328,0.545777,0.560926,0.575810,0.590363,0.604628,0.618543,0.632159,0.645418,0.658375,0.670980,0.683289,0.695256,0.706940,0.718301,0.729396,0.740191,0.750743,0.761023,0.771086,0.780910,0.790554,0.800000,1.000000,0.986256,0.972658,0.959181,0.945891,0.932759,0.919852,0.907141,0.894698,0.882492,0.870599,0.858988,0.847742,0.836828,0.826335,0.816228,0.806604,0.797424,0.788791,0.780662,0.773146,0.766194,0.759918,0.754265,0.749344,0.745095,0.741627,0.738871,0.736929,0.735725,0.735352,0.735727,0.736932,0.738877,0.741632,0.745104,0.749350,0.754276,0.759925,0.766207,0.773151,0.780675,0.788796,0.797437,0.806608,0.816241,0.826338,0.836841,0.847744,0.859001,0.870600,0.882505,0.894699,0.907155,0.919853,0.932772,0.945891,0.959195,0.972658,0.986269,1.000000
59.3000,-0.000000,0.009453,0.019090,0.028921,0.038977,0.049263,0.059807,0.070609,0.081696,0.093064,0.104739,0.116715,0.129015,0.141628,0.154577,0.167845,0.181452,0.195377,0.209632,0.224195,0.239070,0.254230,0.269669,0.285359,0.301281,0.317408,0.333708,0.350155,0.366706,0.383339,0.400000,0.416672,0.433294,0.449857,0.466293,0.482604,0.498720,0.514652,0.530332,0.545781,0.560930,0.575815,0.590368,0.604633,0.618549,0.632164,0.645423,0.658380,0.670985,0.683293,0.695260,0.706943,0.718303,0.729398,0.740192,0.750743,0.761023,0.771086,0.780910,0.790554,0.800000,1.000000,0.986256,0.972658,0.959181,0.945890,0.932759,0.919851,0.907140,0.894696,0.882489,0.870596,0.858986,0.847740,0.836826,0.826334,0.816228,0.806604,0.797425,0.788792,0.780664,0.773149,0.766198,0.759923,0.754270,0.749350,0.745102,0.741634,0.738878,0.736935,0.735731,0.735357,0.735731,0.736935,0.738879,0.741633,0.745104,0.749348,0.754274,0.759922,0.766203,0.773148,0.780671,0.788791,0.797432,0.806603,0.816237,0.826334,0.836836,0.847741,0.858998,0.870597,0.882502,0.894697,0.907153,0.919852,0.932772,0.945891,0.959195,0.972658,0.986269,1.000000
59.4000,-0.000000,0.009453,0.019089,0.028920,0.038975,0.049262,0.059805,0.070607,0.081693,0.093061,0.104737,0.116712,0.129012,0.141625,0.154574,0.167842,0.181449,0.195374,0.209631,0.224194,0.239070,0.254230,0.269669,0.285359,0.301282,0.317409,0.333710,0.350157,0.366709,0.383341,0.400002,0.416675,0.433296,0.449859,0.466295,0.482607,0.498723,0.514656,0.530336,0.545785,0.560936,0.575820,0.590374,0.604639,0.618555,0.632171,0.645430,0.658387,0.670991,0.683300,0.695267,0.706950,0.718309,0.729403,0.740197,0.750747,0.761025,0.771087,0.780911,0.790554,0.800000,1.000000,0.986256,0.972657,0.959181,0.945889,0.932758,0.919850,0.907138,0.894695,0.882488,0.870594,0.858984,0.847738,0.836824,0.826332,0.816226,0.806602,0.797424,0.788792,0.780665,0.773151,0.766201,0.759928,0.754276,0.749357,0.745110,0.741643,0.738887,0.736946,0.735741,0.735368,0.735741,0.736944,0.738887,0.741639,0.745109,0.749352,0.754276,0.759923,0.766203,0.773146,0.780668,0.788787,0.797427,0.806598,0.816230,0.826328,0.836830,0.847734,0.858991,0.870591,0.882497,0.894693,0.907149,0.919848,0.932769,0.945889,0.959194,0.972657,0.986269,1.000000
59.5000,-0.000000,0.009453,0.019090,0.028922,0.038979,0.049267,0.059812,0.070616,0.081704,0.093073,0.104750,0.116726,0.129026,0.141639,0.154587,0.167855,0.181460,0.195384,0.209639,0.224201,0.239075,0.254234,0.269673,0.285362,0.301284,0.317410,0.333710,0.350157,0.366708,0.383341,0.400002,0.416674,0.433295,0.449858,0.466294,0.482605,0.498720,0.514653,0.530331,0.545779,0.560929,0.575812,0.590365,0.604630,0.618545,0.632160,0.645419,0.658375,0.670980,0.683288,0.695255,0.706940,0.718300,0.729396,0.740190,0.750742,0.761022,0.771085,0.780910,0.790554,0.800000,1.000000,0.986256,0.972658,0.959183,0.945892,0.932762,0.919855,0.907146,0.894703,0.882498,0.870605,0.858995,0.847749,0.836835,0.826342,0.816236,0.806611,0.797431,0.788796,0.780667,0.773150,0.766197,0.759920,0.754265,0.749343,0.745094,0.741625,0.738867,0.736925,0.735720,0.735346,0.735721,0.736925,0.738870,0.741624,0.745097,0.749343,0.754269,0.759919,0.766202,0.773147,0.780672,0.788793,0.797435,0.806607,0.816240,0.826338,0.836841,0.847745,0.859002,0.870601,0.882506,0.894700,0.907155,0.919853,0.932773,0.945891,0.959195,0.972658,0.986269,1.000000
59.6000,-0.000000,0.009453,0.019089,0.028919,0.038974,0.049259,0.059801,0.070601,0.081687,0.093054,0.104728,0.116703,0.129003,0.141616,0.154564,0.167833,0.181440,0.195366,0.209623,0.224187,0.239063,0.254224,0.269664,0.285354,0.301278,0.317405,0.333705,0.350153,0.366705,0.383338,0.399999,0.416671,0.433292,0.449855,0.466291,0.482603,0.498719,0.514653,0.530333,0.545783,0.560933,0.575818,0.590373,0.604639,0.618555,0.632171,0.645431,0.658388,0.670992,0.683300,0.695267,0.706950,0.718309,0.729404,0.740196,0.750747,0.761025,0.771087,0.780911,0.790554,0.800000,1.000000,0.986256,0.972657,0.959180,0.945888,0.932755,0.919847,0.907135,0.894690,0.882482,0.870587,0.858976,0.847730,0.836816,0.826324,0.816218,0.806595,0.797417,0.788786,0.780661,0.773147,0.766199,0.759926,0.754276,0.749358,0.745112,0.741646,0.738892,0.736951,0.735748,0.735375,0.735749,0.736952,0.738895,0.741647,0.745117,0.749360,0.754283,0.759929,0.766208,0.773150,0.780671,0.788790,0.797429,0.806599,0.816231,0.826328,0.836830,0.847734,0.858991,0.870591,0.882497,0.894692,0.907149,0.919849,0.932769,0.945889,0.959194,0.972657,0.986269,1.000000
59.7000,-0.000000,0.009453,0.019090,0.028922,0.038979,0.049267,0.059811,0.070614,0.081701,0.093070,0.104746,0.116722,0.129022,0.141635,0.154583,0.167851,0.181457,0.195381,0.209636,0.224198,0.239072,0.254231,0.269669,0.285358,0.301280,0.317406,0.333706,0.350153,0.366705,0.383337,0.399998,0.416670,0.433292,0.449854,0.466290,0.482601,0.498716,0.514649,0.530327,0.545775,0.560924,0.575807,0.590360,0.604624,0.618539,0.632154,0.645412,0.658370,0.670974,0.683283,0.695250,0.706935,0.718296,0.729393,0.740188,0.750740,0.761021,0.771084,0.780910,0.790554,0.800000,1.000000,0.986256,0.972658,0.959182,0.945892,0.932761,0.919854,0.907144,0.894701,0.882495,0.870602,0.858992,0.847746,0.836832,0.826339,0.816232,0.806607,0.797427,0.788793,0.780664,0.773146,0.766194,0.759917,0.754262,0.749340,0.745090,0.741621,0.738864,0.736921,0.735717,0.735343,0.735718,0.736922,0.738868,0.741623,0.745097,0.749343,0.754271,0.759921,0.766204,0.773150,0.780675,0.788797,0.797439,0.806611,0.816245,0.826343,0.836846,0.847749,0.859006,0.870605,0.882509,0.894703,0.907158,0.919855,0.932774,0.945892,0.959196,0.972658,0.986269,1.000000
59.8000,-0.000000,0.009453,0.019089,0.028920,0.038975,0.049261,0.059804,0.070605,0.081691,0.093059,0.104734,0.116709,0.129008,0.141621,0.154570,0.167838,0.181445,0.195370,0.209626,0.224190,0.239066,0.254226,0.269666,0.285356,0.301279,0.317406,0.333707,0.350154,0.366706,0.383339,0.399999,0.416672,0.433293,0.449856,0.466292,0.482604,0.498720,0.514653,0.530333,0.545783,0.560933,0.575819,0.590373,0.604638,0.618555,0.632171,0.645430,0.658388,0.670992,0.683300,0.695267,0.706950,0.718309,0.729404,0.740197,0.750747,0.761026,0.771087,0.780911,0.790554,0.800000,1.000000,0.986256,0.972657,0.959181,0.945889,0.932757,0.919848,0.907137,0.894693,0.882485,0.870592,0.858981,0.847734,0.836820,0.826328,0.816222,0.806598,0.797420,0.788788,0.780662,0.773148,0.766199,0.759925,0.754274,0.749355,0.745109,0.741643,0.738888,0.736947,0.735744,0.735371,0.735745,0.736948,0.738892,0.741644,0.745114,0.749357,0.754280,0.759927,0.766206,0.773149,0.780670,0.788789,0.797429,0.806599,0.816232,0.826328,0.836830,0.847734,0.858991,0.870591,0.882496,0.894692,0.907149,0.919848,0.932769,0.945889,0.959194,0.972657,0.986269,1.000000
59.9000,-0.000000,0.009453,0.019090,0.028921,0.038978,0.049265,0.059809,0.070612,0.081699,0.093068,0.104744,0.116720,0.129020,0.141633,0.154582,0.167850,0.181456,0.195381,0.209636,0.224199,0.239074,0.254233,0.269672,0.285361,0.301283,0.317410,0.333710,0.350157,0.366708,0.383341,0.400002,0.416674,0.433296,0.449859,0.466295,0.482606,0.498722,0.514655,0.530333,0.545782,0.560932,0.575815,0.590369,0.604633,0.618548,0.632163,0.645422,0.658379,0.670983,0.683292,0.695258,0.706942,0.718302,0.729397,0.740191,0.750743,0.761023,0.771086,0.780910,0.790554,0.800000,1.000000,0.986256,0.972658,0.959182,0.945891,0.932760,0.919853,0.907142,0.894699,0.882493,0.870600,0.858990,0.847744,0.836831,0.826338,0.816232,0.806608,0.797428,0.788795,0.780667,0.773151,0.766200,0.759925,0.754271,0.749350,0.745101,0.741633,0.738876,0.736933,0.735728,0.735354,0.735727,0.736930,0.738874,0.741628,0.745099,0.749344,0.754269,0.759918,0.766200,0.773146,0.780669,0.788790,0.797432,0.806604,0.816237,0.826335,0.836838,0.847742,0.858999,0.870599,0.882503,0.894698,0.907154,0.919853,0.932772,0.945891,0.959195,0.972658,0.986269,1.000000
60.0000,-0.000000,0.009453,0.019090,0.028921,0.038977,0.049264,0.059808,0.070610,0.081697,0.093066,0.104741,0.116717,0.129017,0.141630,0.154579,0.167847,0.181453,0.195378,0.209634,0.224197,0.239072,0.254232,0.269670,0.285360,0.301282,0.317409,0.333709,0.350156,0.366708,0.383341,0.400002,0.416674,0.433295,0.449858,0.466294,0.482605,0.498721,0.514654,0.530333,0.545782,0.560932,0.575816,0.590370,0.604634,0.618550,0.632165,0.645425,0.658381,0.670985,0.683294,0.695261,0.706944,0.718304,0.729399,0.740193,0.750744,0.761024,0.771086,0.780910,0.790554,0.800000,1.000000,0.986256,0.972658,0.959181,0.945890,0.932759,0.919852,0.907141,0.894698,0.882491,0.870598,0.858988,0.847742,0.836828,0.826336,0.816230,0.806606,0.797426,0.788794,0.780666,0.773150,0.766199,0.759924,0.754270,0.749350,0.745102,0.741634,0.738877,0.736936,0.735731,0.735357,0.735731,0.736935,0.738878,0.741632,0.745103,0.749348,0.754273,0.759921,0.766202,0.773146,0.780670,0.788790,0.797431,0.806602,0.816235,0.826333,0.836836,0.847739,0.858996,0.870596,0.882501,0.894696,0.907152,0.919851,0.932771,0.945890,0.959194,0.972658,0.986269,1.000000
